_id,annee,cumul_periode,rss,region,nom_etablissement,nom_installation,no_permis_installation,nb_visites_total,nb_usagers_75ans_et_plus_total,nb_usagers_sante_mentale_total,dms_total,nb_usagers_pec_total,delai_pec_total,nb_visites_ambulatoire,nb_usagers_75ans_et_plus_amb,nb_usagers_sante_mentale_amb,dms_ambulatoire,nb_usagers_pec_ambulatoire,delai_pec_ambulatoire,nb_visites_sur_civiere,nb_usagers_sur_civiere_plus_24h,nb_usagers_sur_civiere_plus_48h,dms_sur_civiere,nb_usagers_pec_sur_civiere,delai_pec_sur_civiere,nb_usagers_75ans_et_plus_civ,nb_usagers_sante_mentale_civ
1,2022-2023,5,99,Total provincial,Total provincial,Total provincial,,1364024,202852,77650,8.7588668837,1080587,2.7864464854,943907,76211,31709,4.8327131851,665151,3.3056717167,420117,97475,29256,17.580038032,415436,1.9551194414,126641,45941
2,2023-2024,5,99,Total provincial,Total provincial,Total provincial,,1316559,212188,77231,8.6140819699,1067162,2.7212018885,886599,82193,30315,4.7829502762,641773,3.2195549993,429960,92512,22839,16.514066918,425389,1.9693498872,129995,46916
3,2024-2025,5,99,Total provincial,Total provincial,Total provincial,,1496075,246408,87302,8.6481481103,1204651,2.9678877375,1007330,95487,34048,4.9903016453,721580,3.5255868438,488745,102493,23124,16.187168417,483071,2.1348331324,150921,53254
4,2025-2026,5,99,Total provincial,Total provincial,Total provincial,,1444220,249848,86253,8.5092802135,1169097,2.7718066703,957676,97243,32980,4.7493108928,688084,3.2490622039,486544,96373,21233,15.910116272,481013,2.0890976861,152605,53273
5,2026-2027,5,99,Total provincial,Total provincial,Total provincial,,1330776,236698,78854,8.9355849185,1059994,2.9842813788,891185,96098,30655,4.9746697521,625431,3.4552723349,439591,96376,22506,16.965567749,434563,2.3064225996,140600,48199
6,2022-2023,5,08,Abitibi-Témiscamingue,Total régional,Total régional,,42767,4723,2354,5.9356463706,35336,2.9088000748,35424,2625,1721,4.6597877302,28045,3.1913296686,7343,899,128,12.090626144,7291,1.822043463,2098,633
7,2022-2023,5,01,Bas-Saint-Laurent,Total régional,Total régional,,53458,8233,1867,4.2575103716,45738,1.8861027543,40506,4014,1152,3.0948220154,32984,2.0580565409,12952,320,15,7.8936943243,12754,1.4414011944,4219,715
8,2022-2023,5,03,Capitale-Nationale,Total régional,Total régional,,147157,23068,7785,7.2042483349,118520,1.9411657268,99449,9130,2772,3.6599984247,71074,2.4063584941,47708,8145,1925,14.592361635,47446,1.2443080203,13938,5013
9,2022-2023,5,12,Chaudière-Appalaches,Total régional,Total régional,,91369,14034,3728,6.0366729233,77861,1.7213442616,70670,6421,1905,3.3091138468,57184,2.0144428317,20699,4422,671,15.349035836,20677,0.9107552675,7613,1823
10,2022-2023,5,09,Côte-Nord,Total régional,Total régional,,39377,4286,1916,6.5683597588,31130,2.8272386587,31398,2401,1236,4.4586261245,23356,2.9576842972,7979,1352,550,14.870329511,7774,2.4353312323,1885,680
11,2022-2023,5,05,Estrie,Total régional,Total régional,,90279,13715,4797,8.4336649227,73108,3.1534117485,59036,4706,1616,5.0915053856,42032,4.0734964498,31243,6014,1369,14.748926915,31076,1.9089465611,9009,3181
12,2022-2023,5,11,Gaspésie-Îles-de-la-Madeleine,Total régional,Total régional,,39304,6157,1550,5.462653787,34217,2.0088515374,32138,3818,1038,3.535473816,27210,2.1505124342,7166,1153,391,14.105649867,7007,1.4587455005,2339,512
13,2022-2023,5,14,Lanaudière,Total régional,Total régional,,55039,9064,3324,10.244040731,38988,3.7941301953,37267,2923,1782,6.0839562556,21299,4.8118831609,17772,5475,929,18.967530948,17689,2.5686725429,6141,1542
14,2022-2023,5,15,Laurentides,Total régional,Total régional,,72655,11566,4710,12.104757373,53339,3.8993414293,49020,4254,1619,6.2584687146,29889,4.8012806644,23635,8683,3294,24.230209882,23450,2.7497439114,7312,3091
15,2022-2023,5,13,Laval,Total régional,Total régional,,36003,5975,2233,8.79059968,26837,3.1044859088,24251,1788,682,5.3312297431,15124,3.9907733477,11752,2337,144,15.929229729,11713,1.9600983712,4187,1551
16,2022-2023,5,04,Mauricie et Centre-du-Québec,Total régional,Total régional,,93234,14916,4810,7.6648339572,71116,3.2367425521,62534,4987,1452,4.8254064678,40889,4.0479596863,30700,4792,505,13.448572023,30227,2.1393839853,9929,3358
17,2022-2023,5,06,Montréal,Total régional,Total régional,,331623,45006,23233,10.8656993,269361,2.8440128345,211466,12544,8400,5.8785819733,151178,3.6785595512,120157,32345,10918,19.642597463,118183,1.7764726338,32462,14833
18,2022-2023,5,16,Montérégie,Total régional,Total régional,,142551,24152,8632,11.33348007,101400,3.5168049447,97212,8671,3535,5.5549976683,56313,4.1046575391,45339,15172,6170,23.723207044,45087,2.7825856985,15481,5097
19,2022-2023,5,07,Outaouais,Total régional,Total régional,,59576,7563,3394,8.2578088958,44830,2.753432969,44613,3605,1524,4.168759517,30146,2.7876156962,14963,3938,1861,20.449532476,14684,2.6832564167,3958,1870
20,2022-2023,5,02,Saguenay-Lac-Saint-Jean,Total régional,Total régional,,69632,10394,3317,6.234508679,58806,2.6365775648,48923,4324,1275,3.7915741062,38428,2.9453979376,20709,2428,386,12.005704203,20378,2.0542167206,6070,2042
21,2023-2024,5,08,Abitibi-Témiscamingue,Total régional,Total régional,,40887,4872,2171,6.061888878,34723,2.7381510254,32955,2748,1518,4.735109459,26871,3.0253053064,7932,853,128,11.574245882,7852,1.7554558287,2124,653
22,2023-2024,5,01,Bas-Saint-Laurent,Total régional,Total régional,,50569,8955,2027,4.4407599627,43920,1.913544361,37671,4566,1160,3.2424708441,31253,2.0990940425,12898,318,9,7.9405854698,12667,1.4557418664,4389,867
23,2023-2024,5,03,Capitale-Nationale,Total régional,Total régional,,141401,24164,7827,7.1240745842,117109,1.895715326,93186,9408,2747,3.6300287865,69180,2.3589644647,48215,7436,1470,13.877079908,47929,1.2270684647,14756,5080
24,2023-2024,5,12,Chaudière-Appalaches,Total régional,Total régional,,87237,14142,3790,5.5808807138,76135,1.6941706034,67627,7041,1973,3.2267203065,56547,1.9947009125,19610,3274,423,13.699432772,19588,0.8265941591,7101,1817
25,2023-2024,5,09,Côte-Nord,Total régional,Total régional,,36894,4353,1977,6.0079557576,29479,2.6087474511,29052,2546,1277,3.8131168059,21813,2.7406148856,7842,1319,429,14.13910358,7666,2.2335290388,1807,700
26,2023-2024,5,05,Estrie,Total régional,Total régional,,87557,14294,4712,8.4669441208,72225,3.2119137187,57308,5407,1585,5.2003495246,42138,4.1120618958,30249,5812,1163,14.655644677,30087,1.9512215963,8887,3127
27,2023-2024,5,11,Gaspésie-Îles-de-la-Madeleine,Total régional,Total régional,,37806,6211,1493,5.2947277549,33703,1.8465791374,30384,3803,1004,3.3872369229,26371,1.9839879876,7422,1170,267,13.103566536,7332,1.352360808,2408,489
28,2023-2024,5,14,Lanaudière,Total régional,Total régional,,54120,9789,3364,10.26638892,38798,4.0665857418,35545,3256,1787,6.2711077273,20331,5.1712841774,18575,5337,604,17.911733199,18467,2.8503825743,6533,1577
29,2023-2024,5,15,Laurentides,Total régional,Total régional,,71330,12561,4865,11.473569731,54017,3.9480181651,46388,4697,1486,6.473153785,29314,4.9715311891,24942,7825,2126,20.773517405,24703,2.7334587679,7864,3379
30,2023-2024,5,13,Laval,Total régional,Total régional,,34327,6702,2163,9.1101498496,26711,2.7297238029,22079,2156,503,5.0999458133,14489,3.4664327152,12248,2403,238,16.339190911,12222,1.8563662976,4546,1660
31,2023-2024,5,04,Mauricie et Centre-du-Québec,Total régional,Total régional,,88565,15409,4411,7.1399747047,69991,2.8929503436,57930,5329,1349,4.3674343317,39867,3.5440327631,30635,4053,243,12.382777506,30124,2.0312884522,10080,3062
32,2023-2024,5,06,Montréal,Total régional,Total régional,,319800,46119,23348,10.704823312,265170,2.6143130246,196852,13253,7954,5.5775678358,143783,3.3677219259,122948,32204,9148,18.914070271,121387,1.7218995696,32866,15394
33,2023-2024,5,16,Montérégie,Total régional,Total régional,,140836,26185,8434,10.701084431,104495,3.5459419536,90609,9512,3220,5.7951520054,54632,4.2173061626,50227,14176,4306,19.551336908,49863,2.8103670892,16673,5214
34,2023-2024,5,07,Outaouais,Total régional,Total régional,,58301,7805,3177,9.6407584537,43131,3.3131828422,43404,3833,1400,4.885732869,28574,3.2893748493,14897,4552,2164,23.495033172,14557,3.3599156572,3972,1777
35,2023-2024,5,02,Saguenay-Lac-Saint-Jean,Total régional,Total régional,,66929,10627,3472,5.9687156041,57555,2.599816837,45609,4638,1352,3.7332079134,36610,2.9217584525,21320,1780,121,10.751045354,20945,2.037091483,5989,2120
36,2024-2025,5,08,Abitibi-Témiscamingue,Total régional,Total régional,,48291,5910,2581,6.1620992237,40510,3.1272812954,39183,3299,1846,5.0076418628,31513,3.4583851109,9108,952,109,11.128623463,8997,1.9675531041,2611,735
37,2024-2025,5,01,Bas-Saint-Laurent,Total régional,Total régional,,59938,10304,2356,4.6848754963,51667,2.0629489487,46122,5343,1455,3.3481636927,38067,2.2693680368,13816,782,71,9.1472250772,13600,1.4851728145,4961,901
38,2024-2025,5,03,Capitale-Nationale,Total régional,Total régional,,162747,28123,8896,7.1222595842,134258,2.0556172423,108122,10978,3177,3.8084035986,80049,2.5274184978,54625,8796,1212,13.681540809,54209,1.3589207768,17145,5719
39,2024-2025,5,12,Chaudière-Appalaches,Total régional,Total régional,,98561,16571,4154,6.155896433,85214,2.0433559789,77005,8561,2105,3.5776579479,63697,2.4078510064,21556,4020,1056,15.36619772,21517,0.9643375393,8010,2049
40,2024-2025,5,09,Côte-Nord,Total régional,Total régional,,42487,5170,2316,6.3004640504,33570,3.194036946,33820,3074,1393,4.5215636704,25118,3.3920934744,8667,1235,367,13.242013705,8452,2.6054444379,2096,923
41,2024-2025,5,05,Estrie,Total régional,Total régional,,98310,16420,5024,8.7304712898,79809,3.8072008518,64887,6186,1802,6.0008360774,46658,4.9087344733,33423,5562,780,14.029751427,33151,2.2568598149,10234,3222
42,2024-2025,5,11,Gaspésie-Îles-de-la-Madeleine,Total régional,Total régional,,43390,7339,1627,4.9518771094,37911,2.0924995237,34929,4663,1022,3.6001338747,29575,2.2563731943,8461,794,94,10.532191427,8336,1.5110979153,2676,605
43,2024-2025,5,14,Lanaudière,Total régional,Total régional,,61158,11344,3947,9.873167824,45283,3.6256658557,40076,3678,2015,5.8431311065,24305,4.5882508172,21082,5861,543,17.534099021,20978,2.5104200035,7666,1932
44,2024-2025,5,15,Laurentides,Total régional,Total régional,,81912,14778,5416,11.627663478,62849,3.7908348582,53182,5419,1726,6.2627648609,34342,4.7713218184,28730,9020,2827,21.558608075,28507,2.6096553868,9359,3690
45,2024-2025,5,13,Laval,Total régional,Total régional,,37541,7288,2505,10.247900296,29188,3.7129398307,23460,2268,529,6.4195761817,15170,4.8166250824,14081,3058,213,16.62617483,14018,2.5185536651,5020,1976
46,2024-2025,5,04,Mauricie et Centre-du-Québec,Total régional,Total régional,,102259,18327,5191,7.0347404086,80984,3.1264078913,66527,6612,1536,4.7185824511,45903,3.8881864112,35732,3479,156,11.347038641,35081,2.1296313056,11715,3655
47,2024-2025,5,06,Montréal,Total régional,Total régional,,363410,53343,25840,10.394878694,296680,2.6926433625,222836,14979,8806,5.518685644,157699,3.4914842376,140574,35144,9106,18.124553843,138981,1.7862143746,38364,17034
48,2024-2025,5,16,Montérégie,Total régional,Total régional,,153721,29525,10022,11.208420423,112148,3.9931815077,95875,10487,3662,6.0410440794,54942,4.8744095541,57846,16788,5009,19.772922842,57206,3.1468291788,19038,6360
49,2024-2025,5,07,Outaouais,Total régional,Total régional,,66199,9440,3834,9.2810843735,49850,4.0468947676,48628,4379,1620,5.4101250308,32885,3.9061915936,17571,4914,1448,19.994021083,16965,4.3196341651,5061,2214
50,2024-2025,5,02,Saguenay-Lac-Saint-Jean,Total régional,Total régional,,76151,12526,3593,6.2754372015,64730,2.9210158436,52678,5561,1354,4.1221226129,41657,3.3169398234,23473,2088,133,11.107896022,23073,2.2061974313,6965,2239
51,2025-2026,5,08,Abitibi-Témiscamingue,Total régional,Total régional,,44237,6106,2358,5.6848327255,37349,2.7453166231,35670,3640,1719,4.4380126312,28903,3.0138588939,8567,744,38,10.876156732,8446,1.8263399176,2466,639
52,2025-2026,5,01,Bas-Saint-Laurent,Total régional,Total régional,,55434,10679,2264,4.8078133155,47671,2.1383941728,41769,5684,1331,3.4162867531,34261,2.3407889194,13665,681,33,9.0612105338,13410,1.6212989891,4995,933
53,2025-2026,5,03,Capitale-Nationale,Total régional,Total régional,,157898,28914,8794,6.8947738114,130444,1.9613054516,104790,11675,3168,3.7481794807,77719,2.4026061409,53108,6996,868,13.103473441,52725,1.3108085665,17239,5626
54,2025-2026,5,12,Chaudière-Appalaches,Total régional,Total régional,,94401,16934,4165,6.5224893068,83547,1.8034866103,72725,8759,2073,3.6256392728,61898,2.1069717474,21676,4662,1053,16.24169113,21649,0.9357734127,8175,2092
55,2025-2026,5,09,Côte-Nord,Total régional,Total régional,,39183,4926,2224,7.0609630168,32308,2.9283822462,30341,2826,1355,5.0413560675,23689,3.1124705442,8842,1496,407,13.991170487,8619,2.4224224259,2100,869
56,2025-2026,5,05,Estrie,Total régional,Total régional,,96110,17039,5081,8.0589013544,78480,3.2780697984,61397,6485,1792,5.3276657745,44054,4.2513332249,34713,4834,675,12.889646922,34426,2.0326115113,10554,3289
57,2025-2026,5,11,Gaspésie-Îles-de-la-Madeleine,Total régional,Total régional,,40259,7413,1569,5.1210103607,35188,2.0197431653,32133,4741,1052,3.450599427,27168,2.1663193831,8126,1001,178,11.726389949,8020,1.5232116584,2672,517
58,2025-2026,5,14,Lanaudière,Total régional,Total régional,,63920,12047,4052,8.6700791658,48371,3.0121726804,42366,4118,2070,5.204451106,26911,3.6700401942,21554,4408,191,15.482030469,21460,2.1872019131,7929,1982
59,2025-2026,5,15,Laurentides,Total régional,Total régional,,80904,15578,5264,11.259472173,62410,3.5756755862,51705,5686,1667,5.8686191106,33474,4.4343069663,29199,8863,2573,20.805485995,28936,2.5823860224,9892,3597
60,2025-2026,5,13,Laval,Total régional,Total régional,,35279,7063,2448,11.296714759,27800,3.5788397382,21279,2074,477,5.9521861016,13864,4.4803848897,14000,4238,576,19.420016567,13936,2.6819523975,4989,1971
61,2025-2026,5,04,Mauricie et Centre-du-Québec,Total régional,Total régional,,97260,17468,5025,6.6470009939,75777,2.8229702688,61970,6129,1534,4.2650454073,41273,3.4458420827,35290,2874,103,10.829766301,34504,2.0779033671,11339,3491
62,2025-2026,5,06,Montréal,Total régional,Total régional,,351243,53725,25999,10.316324211,289185,2.5419444906,213493,15209,8506,5.2667829924,152682,3.2779227978,137750,33441,8663,18.142398282,136503,1.7187344519,38516,17493
63,2025-2026,5,16,Montérégie,Total régional,Total régional,,149073,29651,9793,10.473996895,110652,3.7399615009,89517,9935,3278,5.4327338414,51664,4.4802113819,59556,14848,3803,18.051381958,58988,3.0916216716,19716,6515
64,2025-2026,5,07,Outaouais,Total régional,Total régional,,66517,9813,3514,9.879377561,48692,4.1948548073,48454,4457,1350,5.4476601347,31342,4.0112249449,18063,5429,1994,21.76746017,17350,4.5265739513,5356,2164
65,2025-2026,5,02,Saguenay-Lac-Saint-Jean,Total régional,Total régional,,72502,12492,3703,6.3070417253,61223,2.795132825,50067,5825,1608,4.2007891814,39182,3.1162469019,22435,1858,78,11.007453854,22041,2.2242924928,6667,2095
66,2026-2027,5,08,Abitibi-Témiscamingue,Total régional,Total régional,,44352,6436,2441,6.0367087354,37047,2.9489129799,35630,3830,1777,4.707320493,28430,3.2775364931,8722,960,71,11.467355729,8617,1.8646880198,2606,664
67,2026-2027,5,01,Bas-Saint-Laurent,Total régional,Total régional,,56180,11149,2450,5.0395256566,48183,2.2421766149,42516,5872,1465,3.5376672246,34742,2.44104985,13664,836,67,9.7126091676,13441,1.7281334681,5277,985
68,2026-2027,5,03,Capitale-Nationale,Total régional,Total régional,,162310,30667,8761,7.2485661577,131328,2.1046273241,107154,12578,3245,3.9204266938,76666,2.5789967884,55156,8357,956,13.714289853,54662,1.4393020644,18089,5516
69,2026-2027,5,12,Chaudière-Appalaches,Total régional,Total régional,,95510,17760,4300,6.8916938628,81915,2.0668656975,72962,9135,2125,3.8378460515,59414,2.4467245935,22548,5075,1311,16.773494644,22501,1.063846434,8625,2175
70,2026-2027,5,09,Côte-Nord,Total régional,Total régional,,38471,5154,2304,7.437031588,31538,3.1248318255,29898,2997,1382,4.7043162214,23150,3.3535539237,8573,1842,778,16.967268848,8388,2.49358283,2157,922
71,2026-2027,5,05,Estrie,Total régional,Total régional,,98518,17768,4895,8.2788791727,78618,3.3542484192,66248,7278,1810,5.4048269885,46544,4.239221931,32270,5333,674,14.179102572,32074,2.0700242148,10490,3085
72,2026-2027,5,11,Gaspésie-Îles-de-la-Madeleine,Total régional,Total régional,,38983,7333,1490,5.5199426673,33928,1.9562107257,31154,4703,957,3.5886516445,26202,2.1250694391,7829,1269,274,13.205143909,7726,1.3835423318,2630,533
73,2026-2027,5,14,Lanaudière,Total régional,Total régional,,65096,13027,4037,9.6970664907,46643,3.4856315465,44074,4829,2012,5.7502708261,25708,4.3766103288,21022,6191,589,17.971782128,20935,2.3915172624,8198,2025
74,2026-2027,5,15,Laurentides,Total régional,Total régional,,85363,16716,5539,11.365535641,63059,3.8861741121,55469,6422,1733,6.1394418855,33441,4.9204939878,29894,9609,2682,21.062672006,29618,2.7183474201,10294,3806
75,2026-2027,5,13,Laval,Total régional,Total régional,,36310,7673,2480,11.469120077,27823,3.9785866709,21822,2380,465,6.1723138092,13440,4.990608631,14488,4436,583,19.447233438,14383,3.0329164253,5293,2015
76,2026-2027,5,06,Montréal,Total régional,Total régional,,302916,46870,21963,10.78187199,248469,2.6191686924,180586,13165,6952,5.4754424192,127397,3.3481236781,122330,28611,8496,18.615329773,121072,1.8521319018,33705,15011
77,2026-2027,5,16,Montérégie,Total régional,Total régional,,157285,31696,10137,10.957348025,112211,4.3049324957,97513,11223,3368,5.8392931569,52978,5.0576148538,59772,16278,4199,19.30702487,59233,3.6317333337,20473,6769
78,2026-2027,5,10,Nord-du-Québec,Total régional,Total régional,,9835,1071,728,3.6832808564,9207,0.8888755838,8416,842,482,2.2697503103,7819,0.8665642097,1419,140,26,12.066841868,1388,1.0145619196,229,246
79,2026-2027,5,07,Outaouais,Total régional,Total régional,,65624,10091,3635,10.184007473,47909,4.7341873482,46382,4555,1325,5.9114836575,29653,4.3883628507,19242,5586,1711,20.482739392,18256,5.295905897,5536,2310
80,2026-2027,5,02,Saguenay-Lac-Saint-Jean,Total régional,Total régional,,74023,13287,3694,6.4425875216,62116,2.9708282309,51361,6289,1557,4.3699248133,39847,3.3580677411,22662,1853,89,11.140055943,22269,2.2779218246,6998,2137
81,2022-2023,5,01,Bas-Saint-Laurent,SANTÉ QUÉBEC BAS-SAINT-LAURENT,Total établissement,,53458,8233,1867,4.2575103716,45738,1.8861027543,40506,4014,1152,3.0948220154,32984,2.0580565409,12952,320,15,7.8936943243,12754,1.4414011944,4219,715
82,2022-2023,5,02,Saguenay-Lac-Saint-Jean,SANTÉ QUÉBEC SAGUENAY - LAC-SAINT-JEAN - UNIVERSITAIRE,Total établissement,,69632,10394,3317,6.234508679,58806,2.6365775648,48923,4324,1275,3.7915741062,38428,2.9453979376,20709,2428,386,12.005704203,20378,2.0542167206,6070,2042
83,2022-2023,5,03,Capitale-Nationale,SANTÉ QUÉBEC - CENTRE HOSPITALIER UNIVERSITAIRE DE QUÉBEC - UNIVERSITÉ LAVAL,Total établissement,,88222,14319,6660,8.9664741914,73014,1.9241562121,52821,4534,2100,4.1741935026,37721,2.5715642112,35401,7207,1863,16.116923565,35293,1.2322094482,9785,4560
84,2022-2023,5,03,Capitale-Nationale,SANTÉ QUÉBEC - INSTITUT UNIVERSITAIRE DE CARDIOLOGIE ET DE PNEUMOLOGIE DE QUÉBEC - UNIVERSITÉ LAVAL,Total établissement,,10241,3235,225,8.2375758118,9619,1.9769892631,5264,1088,104,3.9671394799,4658,2.454262082,4977,545,0,12.754267966,4961,1.528866548,2147,121
85,2022-2023,5,03,Capitale-Nationale,SANTÉ QUÉBEC CAPITALE-NATIONALE - UNIVERSITAIRE,Total établissement,,48694,5514,900,3.7941896789,35887,1.966170495,41364,3508,568,2.9642947034,28695,2.1814112989,7330,393,62,8.4773787328,7192,1.1073920096,2006,332
86,2022-2023,5,04,Mauricie et Centre-du-Québec,SANTÉ QUÉBEC MAURICIE-ET-CENTRE-DU-QUÉBEC - UNIVERSITAIRE,Total établissement,,93234,14916,4810,7.6648339572,71116,3.2367425521,62534,4987,1452,4.8254064678,40889,4.0479596863,30700,4792,505,13.448572023,30227,2.1393839853,9929,3358
87,2022-2023,5,05,Estrie,SANTÉ QUÉBEC ESTRIE - CENTRE HOSPITALIER UNIVERSITAIRE DE SHERBROOKE,Total établissement,,90279,13715,4797,8.4336649227,73108,3.1534117485,59036,4706,1616,5.0915053856,42032,4.0734964498,31243,6014,1369,14.748926915,31076,1.9089465611,9009,3181
88,2022-2023,5,06,Montréal,SANTÉ QUÉBEC - CENTRE HOSPITALIER DE L'UNIVERSITÉ DE MONTRÉAL,Total établissement,,25172,3483,2040,14.079194034,19399,3.2404719459,15409,976,767,7.621255345,9719,5.0251899201,9763,3892,1188,24.271796437,9680,1.4485634757,2507,1273
89,2022-2023,5,06,Montréal,SANTÉ QUÉBEC - CENTRE HOSPITALIER UNIVERSITAIRE SAINTE-JUSTINE,Total établissement,,35137,0,716,5.850271564,27837,2.879916498,23971,0,343,5.2354229532,17353,3.4375936918,11166,131,2,7.1702192668,10484,1.9568554199,0,373
90,2022-2023,5,06,Montréal,SANTÉ QUÉBEC - CENTRE UNIVERSITAIRE DE SANTÉ MCGILL,Total établissement,,67786,5452,2940,11.141082266,55286,3.0485893204,46664,1590,862,6.7797330681,34416,3.766336176,21122,5360,2399,20.776438718,20870,1.8649776394,3862,2078
91,2022-2023,5,06,Montréal,SANTÉ QUÉBEC - INSTITUT DE CARDIOLOGIE DE MONTRÉAL,Total établissement,,6755,1907,207,9.779968953,6594,1.2361203788,4126,773,171,3.5863540152,3969,1.430292405,2629,855,121,19.500339905,2625,0.9425322751,1134,36
92,2022-2023,5,06,Montréal,SANTÉ QUÉBEC CENTRE-OUEST-DE-L'ÎLE-DE-MONTRÉAL - UNIVERSITAIRE,Total établissement,,33591,6256,1838,9.9864736173,29340,2.3519069719,13444,898,215,4.2176077102,9755,2.8304703856,20147,2956,748,13.836011179,19585,2.1135415851,5358,1623
93,2022-2023,5,06,Montréal,SANTÉ QUÉBEC CENTRE-SUD-DE-L'ÎLE-DE-MONTRÉAL - UNIVERSITAIRE,Total établissement,,29674,4287,2979,10.456386015,25863,2.138615171,19286,1134,1112,4.7245560971,15512,2.7808606957,10388,3296,810,21.097902361,10351,1.1761465613,3153,1867
94,2022-2023,5,06,Montréal,SANTÉ QUÉBEC EST-DE-L'ÎLE-DE-MONTRÉAL - UNIVERSITAIRE,Total établissement,,40694,8179,4094,13.355853825,30512,3.2372698082,23901,2063,1365,5.4908500458,13948,4.4641755489,16793,6128,2566,24.549890348,16564,2.2041328081,6116,2729
95,2022-2023,5,06,Montréal,SANTÉ QUÉBEC NORD-DE-L'ÎLE-DE-MONTRÉAL - UNIVERSITAIRE,Total établissement,,52969,8337,4111,10.784943274,40953,3.2558735488,37462,2766,1884,6.0888797018,25508,4.3395156966,15507,5664,1543,22.129751009,15445,1.4661976727,5571,2227
96,2022-2023,5,06,Montréal,SANTÉ QUÉBEC OUEST-DE-L'ÎLE-DE-MONTRÉAL - UNIVERSITAIRE,Total établissement,,39845,7105,4308,11.584164443,33577,2.6777670065,27203,2344,1681,5.9501335331,20998,3.2678921141,12642,4063,1541,23.707447376,12579,1.6926770146,4761,2627
97,2022-2023,5,07,Outaouais,SANTÉ QUÉBEC OUTAOUAIS,Total établissement,,59576,7563,3394,8.2578088958,44830,2.753432969,44613,3605,1524,4.168759517,30146,2.7876156962,14963,3938,1861,20.449532476,14684,2.6832564167,3958,1870
98,2022-2023,5,08,Abitibi-Témiscamingue,SANTÉ QUÉBEC ABITIBI-TÉMISCAMINGUE,Total établissement,,42767,4723,2354,5.9356463706,35336,2.9088000748,35424,2625,1721,4.6597877302,28045,3.1913296686,7343,899,128,12.090626144,7291,1.822043463,2098,633
99,2022-2023,5,09,Côte-Nord,SANTÉ QUÉBEC CÔTE-NORD,Total établissement,,39377,4286,1916,6.5683597588,31130,2.8272386587,31398,2401,1236,4.4586261245,23356,2.9576842972,7979,1352,550,14.870329511,7774,2.4353312323,1885,680
100,2022-2023,5,11,Gaspésie-Îles-de-la-Madeleine,SANTÉ QUÉBEC DES ÎLES,Total établissement,,7058,809,176,4.7727333444,6102,2.261214447,6012,555,105,3.738316931,5065,2.4137258967,1046,96,4,10.718155407,1037,1.5163055823,254,71
101,2022-2023,5,11,Gaspésie-Îles-de-la-Madeleine,SANTÉ QUÉBEC GASPÉSIE,Total établissement,,32246,5348,1374,5.6136634776,28115,1.954079406,26126,3263,933,3.4887964522,22145,2.0903103033,6120,1057,387,14.684623593,5970,1.4487472083,2085,441
102,2022-2023,5,12,Chaudière-Appalaches,SANTÉ QUÉBEC CHAUDIÈRE-APPALACHES,Total établissement,,91369,14034,3728,6.0366729233,77861,1.7213442616,70670,6421,1905,3.3091138468,57184,2.0144428317,20699,4422,671,15.349035836,20677,0.9107552675,7613,1823
103,2022-2023,5,13,Laval,SANTÉ QUÉBEC LAVAL,Total établissement,,36003,5975,2233,8.79059968,26837,3.1044859088,24251,1788,682,5.3312297431,15124,3.9907733477,11752,2337,144,15.929229729,11713,1.9600983712,4187,1551
104,2022-2023,5,14,Lanaudière,SANTÉ QUÉBEC LANAUDIÈRE,Total établissement,,55039,9064,3324,10.244040731,38988,3.7941301953,37267,2923,1782,6.0839562556,21299,4.8118831609,17772,5475,929,18.967530948,17689,2.5686725429,6141,1542
105,2022-2023,5,15,Laurentides,SANTÉ QUÉBEC LAURENTIDES,Total établissement,,72655,11566,4710,12.104757373,53339,3.8993414293,49020,4254,1619,6.2584687146,29889,4.8012806644,23635,8683,3294,24.230209882,23450,2.7497439114,7312,3091
106,2022-2023,5,16,Montérégie,SANTÉ QUÉBEC MONTÉRÉGIE-CENTRE,Total établissement,,53007,8291,3707,10.060615521,33197,4.0170040214,37987,3112,1495,5.517264554,18228,4.6122846872,15020,4700,1450,21.551179649,14969,3.2921208646,5179,2212
107,2022-2023,5,16,Montérégie,SANTÉ QUÉBEC MONTÉRÉGIE-EST,Total établissement,,52281,9460,3006,11.49249584,39367,3.93078689,33082,3391,1136,5.6323890467,20338,4.6844231105,19199,5831,2361,21.590107847,19029,3.1253082284,6069,1870
108,2022-2023,5,16,Montérégie,SANTÉ QUÉBEC MONTÉRÉGIE-OUEST,Total établissement,,37263,6401,1919,12.921039518,28836,2.3757889925,26143,2168,904,5.5118926779,17747,2.9188627655,11120,4641,2359,30.339863784,11089,1.5066456749,4233,1015
109,2023-2024,5,01,Bas-Saint-Laurent,SANTÉ QUÉBEC BAS-SAINT-LAURENT,Total établissement,,50569,8955,2027,4.4407599627,43920,1.913544361,37671,4566,1160,3.2424708441,31253,2.0990940425,12898,318,9,7.9405854698,12667,1.4557418664,4389,867
110,2023-2024,5,02,Saguenay-Lac-Saint-Jean,SANTÉ QUÉBEC SAGUENAY - LAC-SAINT-JEAN - UNIVERSITAIRE,Total établissement,,66929,10627,3472,5.9687156041,57555,2.599816837,45609,4638,1352,3.7332079134,36610,2.9217584525,21320,1780,121,10.751045354,20945,2.037091483,5989,2120
111,2023-2024,5,03,Capitale-Nationale,SANTÉ QUÉBEC - CENTRE HOSPITALIER UNIVERSITAIRE DE QUÉBEC - UNIVERSITÉ LAVAL,Total établissement,,86402,15047,6702,8.7165033474,73090,1.9121310485,50479,4611,2068,4.1571526994,37347,2.5634179675,35923,6452,1358,15.123302929,35743,1.2316170299,10436,4634
112,2023-2024,5,03,Capitale-Nationale,SANTÉ QUÉBEC - INSTITUT UNIVERSITAIRE DE CARDIOLOGIE ET DE PNEUMOLOGIE DE QUÉBEC - UNIVERSITÉ LAVAL,Total établissement,,10651,3594,259,7.8634927341,10077,1.955212227,5562,1289,153,3.9679237085,5002,2.5066889911,5089,526,2,12.121137639,5075,1.411668035,2305,106
113,2023-2024,5,03,Capitale-Nationale,SANTÉ QUÉBEC CAPITALE-NATIONALE - UNIVERSITAIRE,Total établissement,,44348,5523,866,3.8440039448,33942,1.8427020849,37145,3508,526,2.8630868144,26831,2.0468388245,7203,458,110,8.9024749718,7111,1.0724598041,2015,340
114,2023-2024,5,04,Mauricie et Centre-du-Québec,SANTÉ QUÉBEC MAURICIE-ET-CENTRE-DU-QUÉBEC - UNIVERSITAIRE,Total établissement,,88565,15409,4411,7.1399747047,69991,2.8929503436,57930,5329,1349,4.3674343317,39867,3.5440327631,30635,4053,243,12.382777506,30124,2.0312884522,10080,3062
115,2023-2024,5,05,Estrie,SANTÉ QUÉBEC ESTRIE - CENTRE HOSPITALIER UNIVERSITAIRE DE SHERBROOKE,Total établissement,,87557,14294,4712,8.4669441208,72225,3.2119137187,57308,5407,1585,5.2003495246,42138,4.1120618958,30249,5812,1163,14.655644677,30087,1.9512215963,8887,3127
116,2023-2024,5,06,Montréal,SANTÉ QUÉBEC - CENTRE HOSPITALIER DE L'UNIVERSITÉ DE MONTRÉAL,Total établissement,,27061,3907,2122,12.310995323,20687,3.0291607585,15813,1074,649,7.2437609351,9521,4.9291415759,11248,3503,520,19.434766428,11166,1.4090893486,2833,1473
117,2023-2024,5,06,Montréal,SANTÉ QUÉBEC - CENTRE HOSPITALIER UNIVERSITAIRE SAINTE-JUSTINE,Total établissement,,28774,0,648,5.0170163747,25140,1.938492376,18341,0,258,4.2563581442,15051,2.4495906695,10433,128,1,6.3542379416,10089,1.1760243004,0,390
118,2023-2024,5,06,Montréal,SANTÉ QUÉBEC - CENTRE UNIVERSITAIRE DE SANTÉ MCGILL,Total établissement,,62436,5298,2968,11.063632408,53664,2.5150996168,41684,1626,835,5.8391073047,33177,2.8937629733,20752,5478,2412,21.55799943,20487,1.9018856673,3672,2133
119,2023-2024,5,06,Montréal,SANTÉ QUÉBEC - INSTITUT DE CARDIOLOGIE DE MONTRÉAL,Total établissement,,7291,2074,183,8.6258531066,7071,1.4619626723,4566,924,149,3.9201141894,4349,1.7014752434,2725,575,42,16.510771967,2722,1.0792881052,1150,34
120,2023-2024,5,06,Montréal,SANTÉ QUÉBEC CENTRE-OUEST-DE-L'ÎLE-DE-MONTRÉAL - UNIVERSITAIRE,Total établissement,,33658,6510,1866,10.698627642,28821,2.526205053,12009,811,201,4.1080525254,7839,3.0835076399,21649,3251,801,14.354510896,20982,2.3179934918,5699,1665
121,2023-2024,5,06,Montréal,SANTÉ QUÉBEC CENTRE-SUD-DE-L'ÎLE-DE-MONTRÉAL - UNIVERSITAIRE,Total établissement,,30105,4778,3193,10.798154515,25817,2.1844706653,18656,1321,1150,4.7757129818,14402,2.8854501304,11449,3791,654,20.611646456,11415,1.3000636346,3457,2043
122,2023-2024,5,06,Montréal,SANTÉ QUÉBEC EST-DE-L'ÎLE-DE-MONTRÉAL - UNIVERSITAIRE,Total établissement,,39266,7669,3964,12.028721434,30790,3.0226517719,23127,2047,1435,5.6581269968,14734,4.2232109218,16139,5166,1510,21.157709448,16056,1.9209428459,5622,2529
123,2023-2024,5,06,Montréal,SANTÉ QUÉBEC NORD-DE-L'ÎLE-DE-MONTRÉAL - UNIVERSITAIRE,Total établissement,,52676,8522,4078,10.485827923,40379,3.1522921637,37125,2953,1685,5.8891073027,24870,4.1850433811,15551,5406,1443,21.459607939,15509,1.496187787,5569,2393
124,2023-2024,5,06,Montréal,SANTÉ QUÉBEC OUEST-DE-L'ÎLE-DE-MONTRÉAL - UNIVERSITAIRE,Total établissement,,38533,7361,4326,12.518902636,32801,2.651550427,25531,2497,1592,6.1152881247,19840,3.2752640009,13002,4906,1765,25.093174448,12961,1.6968033159,4864,2734
125,2023-2024,5,07,Outaouais,SANTÉ QUÉBEC OUTAOUAIS,Total établissement,,58301,7805,3177,9.6407584537,43131,3.3131828422,43404,3833,1400,4.885732869,28574,3.2893748493,14897,4552,2164,23.495033172,14557,3.3599156572,3972,1777
126,2023-2024,5,08,Abitibi-Témiscamingue,SANTÉ QUÉBEC ABITIBI-TÉMISCAMINGUE,Total établissement,,40887,4872,2171,6.061888878,34723,2.7381510254,32955,2748,1518,4.735109459,26871,3.0253053064,7932,853,128,11.574245882,7852,1.7554558287,2124,653
127,2023-2024,5,09,Côte-Nord,SANTÉ QUÉBEC CÔTE-NORD,Total établissement,,36894,4353,1977,6.0079557576,29479,2.6087474511,29052,2546,1277,3.8131168059,21813,2.7406148856,7842,1319,429,14.13910358,7666,2.2335290388,1807,700
128,2023-2024,5,11,Gaspésie-Îles-de-la-Madeleine,SANTÉ QUÉBEC DES ÎLES,Total établissement,,6517,881,183,4.2317594582,5824,1.6224240213,5294,566,112,3.1153713323,4615,1.7193203924,1223,61,0,9.0642686472,1209,1.2525507766,315,71
129,2023-2024,5,11,Gaspésie-Îles-de-la-Madeleine,SANTÉ QUÉBEC GASPÉSIE,Total établissement,,31289,5330,1310,5.5161271089,27879,1.8934057594,25090,3237,892,3.4446006709,21756,2.0401307047,6199,1109,267,13.900479154,6123,1.3720685212,2093,418
130,2023-2024,5,12,Chaudière-Appalaches,SANTÉ QUÉBEC CHAUDIÈRE-APPALACHES,Total établissement,,87237,14142,3790,5.5808807138,76135,1.6941706034,67627,7041,1973,3.2267203065,56547,1.9947009125,19610,3274,423,13.699432772,19588,0.8265941591,7101,1817
131,2023-2024,5,13,Laval,SANTÉ QUÉBEC LAVAL,Total établissement,,34327,6702,2163,9.1101498496,26711,2.7297238029,22079,2156,503,5.0999458133,14489,3.4664327152,12248,2403,238,16.339190911,12222,1.8563662976,4546,1660
132,2023-2024,5,14,Lanaudière,SANTÉ QUÉBEC LANAUDIÈRE,Total établissement,,54120,9789,3364,10.26638892,38798,4.0665857418,35545,3256,1787,6.2711077273,20331,5.1712841774,18575,5337,604,17.911733199,18467,2.8503825743,6533,1577
133,2023-2024,5,15,Laurentides,SANTÉ QUÉBEC LAURENTIDES,Total établissement,,71330,12561,4865,11.473569731,54017,3.9480181651,46388,4697,1486,6.473153785,29314,4.9715311891,24942,7825,2126,20.773517405,24703,2.7334587679,7864,3379
134,2023-2024,5,16,Montérégie,SANTÉ QUÉBEC MONTÉRÉGIE-CENTRE,Total établissement,,51060,8942,3443,9.5189694368,33998,4.0046971554,35125,3306,1238,5.5628428865,18151,4.710403406,15935,4248,945,18.239329969,15847,3.196388065,5636,2205
135,2023-2024,5,16,Montérégie,SANTÉ QUÉBEC MONTÉRÉGIE-EST,Total établissement,,52708,10261,2874,10.103059282,40928,3.8170607191,30194,3670,1060,5.4782867089,18660,4.4726527331,22514,5210,1244,16.30543927,22268,3.2676918049,6591,1814
136,2023-2024,5,16,Montérégie,SANTÉ QUÉBEC MONTÉRÉGIE-OUEST,Total établissement,,37068,6982,2117,13.179758792,29569,2.6432023215,25290,2536,922,6.4961124072,17821,3.4477098959,11778,4718,2117,27.531042292,11748,1.422813363,4446,1195
137,2024-2025,5,01,Bas-Saint-Laurent,SANTÉ QUÉBEC BAS-SAINT-LAURENT,Total établissement,,59938,10304,2356,4.6848754963,51667,2.0629489487,46122,5343,1455,3.3481636927,38067,2.2693680368,13816,782,71,9.1472250772,13600,1.4851728145,4961,901
138,2024-2025,5,02,Saguenay-Lac-Saint-Jean,SANTÉ QUÉBEC SAGUENAY - LAC-SAINT-JEAN - UNIVERSITAIRE,Total établissement,,76151,12526,3593,6.2754372015,64730,2.9210158436,52678,5561,1354,4.1221226129,41657,3.3169398234,23473,2088,133,11.107896022,23073,2.2061974313,6965,2239
139,2024-2025,5,03,Capitale-Nationale,SANTÉ QUÉBEC - CENTRE HOSPITALIER UNIVERSITAIRE DE QUÉBEC - UNIVERSITÉ LAVAL,Total établissement,,98271,17557,7634,8.7945447199,82886,2.1416680407,57422,5295,2403,4.4381106351,42298,2.862672979,40849,7767,1147,14.91844391,40588,1.3902866748,12262,5231
140,2024-2025,5,03,Capitale-Nationale,SANTÉ QUÉBEC - INSTITUT UNIVERSITAIRE DE CARDIOLOGIE ET DE PNEUMOLOGIE DE QUÉBEC - UNIVERSITÉ LAVAL,Total établissement,,12241,4110,233,7.9178381623,11502,2.0238178384,6382,1448,123,4.085919165,5664,2.5680673258,5859,601,0,12.091811031,5838,1.4957895588,2662,110
141,2024-2025,5,03,Capitale-Nationale,SANTÉ QUÉBEC CAPITALE-NATIONALE - UNIVERSITAIRE,Total établissement,,52235,6456,1029,3.7897084224,39870,1.8858994162,44318,4235,651,2.9525404777,32087,2.0783011292,7917,428,65,8.4760301321,7783,1.0926842334,2221,378
142,2024-2025,5,04,Mauricie et Centre-du-Québec,SANTÉ QUÉBEC MAURICIE-ET-CENTRE-DU-QUÉBEC - UNIVERSITAIRE,Total établissement,,102259,18327,5191,7.0347404086,80984,3.1264078913,66527,6612,1536,4.7185824511,45903,3.8881864112,35732,3479,156,11.347038641,35081,2.1296313056,11715,3655
143,2024-2025,5,05,Estrie,SANTÉ QUÉBEC ESTRIE - CENTRE HOSPITALIER UNIVERSITAIRE DE SHERBROOKE,Total établissement,,98310,16420,5024,8.7304712898,79809,3.8072008518,64887,6186,1802,6.0008360774,46658,4.9087344733,33423,5562,780,14.029751427,33151,2.2568598149,10234,3222
144,2024-2025,5,06,Montréal,SANTÉ QUÉBEC - CENTRE HOSPITALIER DE L'UNIVERSITÉ DE MONTRÉAL,Total établissement,,31676,4626,2626,11.939545748,23164,3.0026239351,18904,1344,883,7.3197843049,10484,4.8732092819,12772,3834,423,18.777313546,12680,1.4559980065,3282,1743
145,2024-2025,5,06,Montréal,SANTÉ QUÉBEC - CENTRE HOSPITALIER UNIVERSITAIRE SAINTE-JUSTINE,Total établissement,,30635,1,741,4.2952475201,27635,1.3749516113,19822,0,270,3.4586247323,17019,1.7095930365,10813,73,3,5.8289141157,10616,0.8384724839,1,471
146,2024-2025,5,06,Montréal,SANTÉ QUÉBEC - CENTRE UNIVERSITAIRE DE SANTÉ MCGILL,Total établissement,,69817,6437,3310,11.226140291,60085,2.4481723161,45900,1810,884,5.7616206306,36438,2.8790880476,23917,6351,2951,21.713302242,23647,1.7841681115,4627,2426
147,2024-2025,5,06,Montréal,SANTÉ QUÉBEC - INSTITUT DE CARDIOLOGIE DE MONTRÉAL,Total établissement,,8050,2237,183,7.3830962733,7819,1.5861015901,5319,1126,164,3.6403318293,5088,1.8369380023,2731,460,29,14.672647382,2731,1.1187798527,1111,19
148,2024-2025,5,06,Montréal,SANTÉ QUÉBEC CENTRE-OUEST-DE-L'ÎLE-DE-MONTRÉAL - UNIVERSITAIRE,Total établissement,,39204,7251,2053,10.922029066,33465,2.6665130817,13552,824,197,3.8294565378,8532,3.1028064281,25652,4125,1247,14.669048515,24933,2.5172147689,6427,1856
149,2024-2025,5,06,Montréal,SANTÉ QUÉBEC CENTRE-SUD-DE-L'ÎLE-DE-MONTRÉAL - UNIVERSITAIRE,Total établissement,,33746,5352,3359,10.013795997,28433,2.3428346659,21554,1493,1286,5.2713454837,16285,3.1612241156,12192,3293,397,18.397882149,12148,1.2457427834,3859,2073
150,2024-2025,5,06,Montréal,SANTÉ QUÉBEC EST-DE-L'ÎLE-DE-MONTRÉAL - UNIVERSITAIRE,Total établissement,,45707,8918,4324,11.987632438,33688,3.3045280136,26998,2340,1589,5.3058061502,15125,4.7296614141,18709,6315,1865,21.629833844,18563,2.1433394836,6578,2735
151,2024-2025,5,06,Montréal,SANTÉ QUÉBEC NORD-DE-L'ÎLE-DE-MONTRÉAL - UNIVERSITAIRE,Total établissement,,59594,9835,4345,10.21916477,44436,3.4279587434,41721,3282,1702,5.9673267792,26629,4.6476713775,17873,5992,1147,20.144243536,17807,1.6039722363,6553,2643
152,2024-2025,5,06,Montréal,SANTÉ QUÉBEC OUEST-DE-L'ÎLE-DE-MONTRÉAL - UNIVERSITAIRE,Total établissement,,44981,8686,4899,11.150911212,37955,2.9589595427,29066,2760,1831,6.2370498081,22099,3.7517572188,15915,4701,1044,20.125230757,15856,1.8540127817,5926,3068
153,2024-2025,5,07,Outaouais,SANTÉ QUÉBEC OUTAOUAIS,Total établissement,,66199,9440,3834,9.2810843735,49850,4.0468947676,48628,4379,1620,5.4101250308,32885,3.9061915936,17571,4914,1448,19.994021083,16965,4.3196341651,5061,2214
154,2024-2025,5,08,Abitibi-Témiscamingue,SANTÉ QUÉBEC ABITIBI-TÉMISCAMINGUE,Total établissement,,48291,5910,2581,6.1620992237,40510,3.1272812954,39183,3299,1846,5.0076418628,31513,3.4583851109,9108,952,109,11.128623463,8997,1.9675531041,2611,735
155,2024-2025,5,09,Côte-Nord,SANTÉ QUÉBEC CÔTE-NORD,Total établissement,,42487,5170,2316,6.3004640504,33570,3.194036946,33820,3074,1393,4.5215636704,25118,3.3920934744,8667,1235,367,13.242013705,8452,2.6054444379,2096,923
156,2024-2025,5,11,Gaspésie-Îles-de-la-Madeleine,SANTÉ QUÉBEC DES ÎLES,Total établissement,,7160,1068,216,4.9298503259,6161,2.1548020704,5795,710,106,3.6112831943,4814,2.2856503601,1365,127,19,10.52772324,1347,1.687167574,358,110
157,2024-2025,5,11,Gaspésie-Îles-de-la-Madeleine,SANTÉ QUÉBEC GASPÉSIE,Total établissement,,36230,6271,1411,4.9562301806,31750,2.0804098863,29134,3953,916,3.5979161804,24761,2.2506811675,7096,667,75,10.533050936,6989,1.4771637573,2318,495
158,2024-2025,5,12,Chaudière-Appalaches,SANTÉ QUÉBEC CHAUDIÈRE-APPALACHES,Total établissement,,98561,16571,4154,6.155896433,85214,2.0433559789,77005,8561,2105,3.5776579479,63697,2.4078510064,21556,4020,1056,15.36619772,21517,0.9643375393,8010,2049
159,2024-2025,5,13,Laval,SANTÉ QUÉBEC LAVAL,Total établissement,,37541,7288,2505,10.247900296,29188,3.7129398307,23460,2268,529,6.4195761817,15170,4.8166250824,14081,3058,213,16.62617483,14018,2.5185536651,5020,1976
160,2024-2025,5,14,Lanaudière,SANTÉ QUÉBEC LANAUDIÈRE,Total établissement,,61158,11344,3947,9.873167824,45283,3.6256658557,40076,3678,2015,5.8431311065,24305,4.5882508172,21082,5861,543,17.534099021,20978,2.5104200035,7666,1932
161,2024-2025,5,15,Laurentides,SANTÉ QUÉBEC LAURENTIDES,Total établissement,,81912,14778,5416,11.627663478,62849,3.7908348582,53182,5419,1726,6.2627648609,34342,4.7713218184,28730,9020,2827,21.558608075,28507,2.6096553868,9359,3690
162,2024-2025,5,16,Montérégie,SANTÉ QUÉBEC MONTÉRÉGIE-CENTRE,Total établissement,,55551,10309,4063,10.895954658,35794,4.7964554814,38378,4104,1433,6.233465737,18678,5.8317724209,17173,5934,1465,21.315625061,17116,3.6666558905,6205,2630
163,2024-2025,5,16,Montérégie,SANTÉ QUÉBEC MONTÉRÉGIE-EST,Total établissement,,57367,11794,3318,10.700978907,43634,4.4432590475,31568,4121,1106,5.8780789794,18113,5.2864470423,25799,5902,1413,16.602343491,25521,3.8448238705,7673,2212
164,2024-2025,5,16,Montérégie,SANTÉ QUÉBEC MONTÉRÉGIE-OUEST,Total établissement,,40803,7422,2641,12.347262742,32720,2.5142367648,25929,2262,1123,5.9546436744,18151,3.4780755422,14874,4952,2131,23.491152739,14569,1.3134242417,5160,1518
165,2025-2026,5,01,Bas-Saint-Laurent,SANTÉ QUÉBEC BAS-SAINT-LAURENT,Total établissement,,55434,10679,2264,4.8078133155,47671,2.1383941728,41769,5684,1331,3.4162867531,34261,2.3407889194,13665,681,33,9.0612105338,13410,1.6212989891,4995,933
166,2025-2026,5,02,Saguenay-Lac-Saint-Jean,SANTÉ QUÉBEC SAGUENAY - LAC-SAINT-JEAN - UNIVERSITAIRE,Total établissement,,72502,12492,3703,6.3070417253,61223,2.795132825,50067,5825,1608,4.2007891814,39182,3.1162469019,22435,1858,78,11.007453854,22041,2.2242924928,6667,2095
167,2025-2026,5,03,Capitale-Nationale,SANTÉ QUÉBEC - CENTRE HOSPITALIER UNIVERSITAIRE DE QUÉBEC - UNIVERSITÉ LAVAL,Total établissement,,95609,17787,7496,8.5223205248,80727,2.0390422693,55436,5360,2350,4.4031611027,40817,2.7175990464,40173,6266,834,14.20647958,39910,1.3450645202,12427,5146
168,2025-2026,5,03,Capitale-Nationale,SANTÉ QUÉBEC - INSTITUT UNIVERSITAIRE DE CARDIOLOGIE ET DE PNEUMOLOGIE DE QUÉBEC - UNIVERSITÉ LAVAL,Total établissement,,12268,4230,250,7.3802890537,11568,1.8264705317,6515,1547,132,3.7462863477,5825,2.287477587,5753,464,0,11.495624988,5743,1.3588811016,2683,118
169,2025-2026,5,03,Capitale-Nationale,SANTÉ QUÉBEC CAPITALE-NATIONALE - UNIVERSITAIRE,Total établissement,,50021,6897,1048,3.6648420885,38149,1.8376930442,42839,4768,686,2.900885486,31077,2.0104691394,7182,266,34,8.2216698382,7072,1.0784505798,2129,362
170,2025-2026,5,04,Mauricie et Centre-du-Québec,SANTÉ QUÉBEC MAURICIE-ET-CENTRE-DU-QUÉBEC - UNIVERSITAIRE,Total établissement,,97260,17468,5025,6.6470009939,75777,2.8229702688,61970,6129,1534,4.2650454073,41273,3.4458420827,35290,2874,103,10.829766301,34504,2.0779033671,11339,3491
171,2025-2026,5,05,Estrie,SANTÉ QUÉBEC ESTRIE - CENTRE HOSPITALIER UNIVERSITAIRE DE SHERBROOKE,Total établissement,,96110,17039,5081,8.0589013544,78480,3.2780697984,61397,6485,1792,5.3276657745,44054,4.2513332249,34713,4834,675,12.889646922,34426,2.0326115113,10554,3289
172,2025-2026,5,06,Montréal,SANTÉ QUÉBEC - CENTRE HOSPITALIER DE L'UNIVERSITÉ DE MONTRÉAL,Total établissement,,30754,4917,2788,11.487877846,23298,2.931482793,18029,1324,895,7.0161291068,10651,4.716308693,12725,3364,315,17.823528771,12647,1.4283452378,3593,1893
173,2025-2026,5,06,Montréal,SANTÉ QUÉBEC - CENTRE HOSPITALIER UNIVERSITAIRE SAINTE-JUSTINE,Total établissement,,27172,0,742,4.5039754874,24243,1.4140286199,17157,0,268,3.6460119129,14379,1.8170778759,10015,84,1,5.9737788872,9864,0.8264936188,0,474
174,2025-2026,5,06,Montréal,SANTÉ QUÉBEC - CENTRE UNIVERSITAIRE DE SANTÉ MCGILL,Total établissement,,67872,6519,3423,10.957718446,59221,2.2298887125,44206,1984,938,5.4950879468,35807,2.6546075566,23666,6248,2828,21.161430263,23414,1.5803667322,4535,2485
175,2025-2026,5,06,Montréal,SANTÉ QUÉBEC - INSTITUT DE CARDIOLOGIE DE MONTRÉAL,Total établissement,,8656,2445,209,8.0599524415,8243,1.5762527801,5788,1237,182,3.6304161867,5376,1.7883419105,2868,716,52,16.999337324,2867,1.1785579196,1208,27
176,2025-2026,5,06,Montréal,SANTÉ QUÉBEC CENTRE-OUEST-DE-L'ÎLE-DE-MONTRÉAL - UNIVERSITAIRE,Total établissement,,37934,7342,1986,10.018824969,33067,2.4111534914,13965,989,236,3.7494560807,9546,2.7872271981,23969,3384,940,13.671532072,23521,2.2585239431,6353,1750
177,2025-2026,5,06,Montréal,SANTÉ QUÉBEC CENTRE-SUD-DE-L'ÎLE-DE-MONTRÉAL - UNIVERSITAIRE,Total établissement,,33373,5280,3116,9.257465824,28594,2.0259773806,21731,1608,1071,4.7319490462,16996,2.6388016135,11642,2585,337,17.704812079,11598,1.1279293844,3672,2045
178,2025-2026,5,06,Montréal,SANTÉ QUÉBEC EST-DE-L'ÎLE-DE-MONTRÉAL - UNIVERSITAIRE,Total établissement,,44599,8770,4774,11.461464912,32383,3.2266878712,25043,2149,1574,5.0489525793,12960,4.680104531,19556,6140,1092,19.673192584,19423,2.2568953617,6621,3200
179,2025-2026,5,06,Montréal,SANTÉ QUÉBEC NORD-DE-L'ÎLE-DE-MONTRÉAL - UNIVERSITAIRE,Total établissement,,58168,9932,4316,10.185914454,43819,3.0937995251,40094,3223,1659,5.4836059981,25810,4.1373860046,18074,6137,1264,20.617161284,18009,1.5981602871,6709,2657
180,2025-2026,5,06,Montréal,SANTÉ QUÉBEC OUEST-DE-L'ÎLE-DE-MONTRÉAL - UNIVERSITAIRE,Total établissement,,42715,8520,4645,12.681717755,36317,3.0219318776,27480,2695,1683,6.1845858604,21157,3.8074846387,15235,4783,1834,24.400863436,15160,1.9256297823,5825,2962
181,2025-2026,5,07,Outaouais,SANTÉ QUÉBEC OUTAOUAIS,Total établissement,,66517,9813,3514,9.879377561,48692,4.1948548073,48454,4457,1350,5.4476601347,31342,4.0112249449,18063,5429,1994,21.76746017,17350,4.5265739513,5356,2164
182,2025-2026,5,08,Abitibi-Témiscamingue,SANTÉ QUÉBEC ABITIBI-TÉMISCAMINGUE,Total établissement,,44237,6106,2358,5.6848327255,37349,2.7453166231,35670,3640,1719,4.4380126312,28903,3.0138588939,8567,744,38,10.876156732,8446,1.8263399176,2466,639
183,2025-2026,5,09,Côte-Nord,SANTÉ QUÉBEC CÔTE-NORD,Total établissement,,39183,4926,2224,7.0609630168,32308,2.9283822462,30341,2826,1355,5.0413560675,23689,3.1124705442,8842,1496,407,13.991170487,8619,2.4224224259,2100,869
184,2025-2026,5,11,Gaspésie-Îles-de-la-Madeleine,SANTÉ QUÉBEC DES ÎLES,Total établissement,,6354,1045,204,5.3011760308,5368,1.7860676954,5057,679,102,3.2798869554,4081,1.8993429579,1297,207,52,13.182177461,1287,1.4268786152,366,102
185,2025-2026,5,11,Gaspésie-Îles-de-la-Madeleine,SANTÉ QUÉBEC GASPÉSIE,Total établissement,,33905,6368,1365,5.0872462354,29820,2.0618078843,27076,4062,950,3.482483493,23087,2.2135117767,6829,794,126,11.449899042,6733,1.5416255343,2306,415
186,2025-2026,5,12,Chaudière-Appalaches,SANTÉ QUÉBEC CHAUDIÈRE-APPALACHES,Total établissement,,94401,16934,4165,6.5224893068,83547,1.8034866103,72725,8759,2073,3.6256392728,61898,2.1069717474,21676,4662,1053,16.24169113,21649,0.9357734127,8175,2092
187,2025-2026,5,13,Laval,SANTÉ QUÉBEC LAVAL,Total établissement,,35279,7063,2448,11.296714759,27800,3.5788397382,21279,2074,477,5.9521861016,13864,4.4803848897,14000,4238,576,19.420016567,13936,2.6819523975,4989,1971
188,2025-2026,5,14,Lanaudière,SANTÉ QUÉBEC LANAUDIÈRE,Total établissement,,63920,12047,4052,8.6700791658,48371,3.0121726804,42366,4118,2070,5.204451106,26911,3.6700401942,21554,4408,191,15.482030469,21460,2.1872019131,7929,1982
189,2025-2026,5,15,Laurentides,SANTÉ QUÉBEC LAURENTIDES,Total établissement,,80904,15578,5264,11.259472173,62410,3.5756755862,51705,5686,1667,5.8686191106,33474,4.4343069663,29199,8863,2573,20.805485995,28936,2.5823860224,9892,3597
190,2025-2026,5,16,Montérégie,SANTÉ QUÉBEC MONTÉRÉGIE-CENTRE,Total établissement,,53300,10214,3987,9.5458820721,36743,3.8383389504,34259,3402,1257,5.2516549504,17746,4.6828810092,19041,4711,768,17.272153117,18997,3.0494121002,6812,2730
191,2025-2026,5,16,Montérégie,SANTÉ QUÉBEC MONTÉRÉGIE-EST,Total établissement,,56128,12186,3250,10.091187603,42586,4.4534546434,29473,4152,1003,5.6826025326,16256,5.3736186297,26655,5313,797,14.965853811,26330,3.8853503608,8034,2247
192,2025-2026,5,16,Montérégie,SANTÉ QUÉBEC MONTÉRÉGIE-OUEST,Total établissement,,39645,7251,2556,12.263751972,31323,2.6545130575,25785,2381,1018,5.3877154892,17662,3.4542911335,13860,4824,2238,25.055858806,13661,1.6204979504,4870,1538
193,2026-2027,5,01,Bas-Saint-Laurent,SANTÉ QUÉBEC BAS-SAINT-LAURENT,Total établissement,,56180,11149,2450,5.0395256566,48183,2.2421766149,42516,5872,1465,3.5376672246,34742,2.44104985,13664,836,67,9.7126091676,13441,1.7281334681,5277,985
194,2026-2027,5,02,Saguenay-Lac-Saint-Jean,SANTÉ QUÉBEC SAGUENAY - LAC-SAINT-JEAN - UNIVERSITAIRE,Total établissement,,74023,13287,3694,6.4425875216,62116,2.9708282309,51361,6289,1557,4.3699248133,39847,3.3580677411,22662,1853,89,11.140055943,22269,2.2779218246,6998,2137
195,2026-2027,5,03,Capitale-Nationale,SANTÉ QUÉBEC - CENTRE HOSPITALIER UNIVERSITAIRE DE QUÉBEC - UNIVERSITÉ LAVAL,Total établissement,,98951,18931,7479,8.8756846121,82499,2.152716245,57019,5982,2411,4.5141475259,40903,2.8467188973,41932,7396,902,14.806488846,41596,1.4702758545,12949,5068
196,2026-2027,5,03,Capitale-Nationale,SANTÉ QUÉBEC - INSTITUT UNIVERSITAIRE DE CARDIOLOGIE ET DE PNEUMOLOGIE DE QUÉBEC - UNIVERSITÉ LAVAL,Total établissement,,13015,4676,311,7.5244956674,12093,1.9923781664,7033,1771,173,3.8439456056,6135,2.4446271394,5982,561,0,11.851695364,5958,1.5266938011,2905,138
197,2026-2027,5,03,Capitale-Nationale,SANTÉ QUÉBEC CAPITALE-NATIONALE - UNIVERSITAIRE,Total établissement,,50344,7060,971,3.979135426,36736,2.0335836933,43102,4825,661,3.1474816649,29628,2.2372160531,7242,400,54,8.9288648394,7108,1.184790846,2235,310
198,2026-2027,5,05,Estrie,SANTÉ QUÉBEC ESTRIE - CENTRE HOSPITALIER UNIVERSITAIRE DE SHERBROOKE,Total établissement,,98518,17768,4895,8.2788791727,78618,3.3542484192,66248,7278,1810,5.4048269885,46544,4.239221931,32270,5333,674,14.179102572,32074,2.0700242148,10490,3085
199,2026-2027,5,06,Montréal,SANTÉ QUÉBEC - CENTRE HOSPITALIER DE L'UNIVERSITÉ DE MONTRÉAL,Total établissement,,32697,5107,3158,11.714517192,24348,2.9204798249,18954,1412,876,7.4468024047,10703,4.866276667,13743,3516,291,17.600442104,13645,1.3942164611,3695,2282
200,2026-2027,5,06,Montréal,SANTÉ QUÉBEC - CENTRE HOSPITALIER UNIVERSITAIRE SAINTE-JUSTINE,Total établissement,,27007,1,776,4.867113053,24178,1.4985251974,16698,1,261,3.9883812433,14008,1.9294689741,10309,80,1,6.2904386674,10170,0.9049499344,0,515
201,2026-2027,5,06,Montréal,SANTÉ QUÉBEC - CENTRE UNIVERSITAIRE DE SANTÉ MCGILL,Total établissement,,70448,7193,3640,11.369273085,60091,2.3291317289,46077,2184,986,5.7136935275,35957,2.8238898391,24371,6156,2914,22.061987346,24134,1.591996676,5009,2654
202,2026-2027,5,06,Montréal,SANTÉ QUÉBEC - INSTITUT DE CARDIOLOGIE DE MONTRÉAL,Total établissement,,8991,2555,226,7.9333639195,8473,1.6887100201,6210,1317,193,3.795533727,5694,1.8867472583,2781,731,61,17.173178912,2779,1.2829439047,1238,33
203,2026-2027,5,06,Montréal,SANTÉ QUÉBEC CENTRE-OUEST-DE-L'ÎLE-DE-MONTRÉAL - UNIVERSITAIRE,Total établissement,,39472,8108,2198,11.347984274,33706,2.6793888658,15675,1179,262,4.1134732943,10449,3.0682750875,23797,4385,1525,16.113331151,23257,2.504668475,6929,1936
204,2026-2027,5,06,Montréal,SANTÉ QUÉBEC CENTRE-SUD-DE-L'ÎLE-DE-MONTRÉAL - UNIVERSITAIRE,Total établissement,,33740,5239,2990,10.08618212,28691,2.2620159148,22137,1725,1013,5.1265607354,17133,2.9586098465,11603,2635,415,19.548488298,11558,1.2294199785,3514,1977
205,2026-2027,5,06,Montréal,SANTÉ QUÉBEC EST-DE-L'ÎLE-DE-MONTRÉAL - UNIVERSITAIRE,Total établissement,,46907,9582,4571,11.833407576,33461,3.6640318746,27534,2520,1621,5.341505129,14187,5.275699545,19373,6498,1563,21.060065397,19274,2.4777327545,7062,2950
206,2026-2027,5,06,Montréal,SANTÉ QUÉBEC OUEST-DE-L'ÎLE-DE-MONTRÉAL - UNIVERSITAIRE,Total établissement,,43654,9085,4404,12.277210578,35521,3.1350918002,27301,2827,1740,6.1962957299,19266,4.0252666615,16353,4610,1726,22.429173903,16255,2.0800251205,6258,2664
207,2026-2027,5,07,Outaouais,SANTÉ QUÉBEC OUTAOUAIS,Total établissement,,65624,10091,3635,10.184007473,47909,4.7341873482,46382,4555,1325,5.9114836575,29653,4.3883628507,19242,5586,1711,20.482739392,18256,5.295905897,5536,2310
208,2026-2027,5,08,Abitibi-Témiscamingue,SANTÉ QUÉBEC ABITIBI-TÉMISCAMINGUE,Total établissement,,44352,6436,2441,6.0367087354,37047,2.9489129799,35630,3830,1777,4.707320493,28430,3.2775364931,8722,960,71,11.467355729,8617,1.8646880198,2606,664
209,2026-2027,5,09,Côte-Nord,SANTÉ QUÉBEC CÔTE-NORD,Total établissement,,38471,5154,2304,7.437031588,31538,3.1248318255,29898,2997,1382,4.7043162214,23150,3.3535539237,8573,1842,778,16.967268848,8388,2.49358283,2157,922
210,2026-2027,5,10,Nord-du-Québec,SANTÉ QUÉBEC BAIE-JAMES,Total établissement,,9835,1071,728,3.6832808564,9207,0.8888755838,8416,842,482,2.2697503103,7819,0.8665642097,1419,140,26,12.066841868,1388,1.0145619196,229,246
211,2026-2027,5,11,Gaspésie-Îles-de-la-Madeleine,SANTÉ QUÉBEC DES ÎLES,Total établissement,,6081,1021,175,4.5421610115,5314,1.6434429494,4796,676,94,3.1656659485,4046,1.7645712501,1285,96,6,9.6796476438,1268,1.2569405012,345,81
212,2026-2027,5,11,Gaspésie-Îles-de-la-Madeleine,SANTÉ QUÉBEC GASPÉSIE,Total établissement,,32902,6312,1315,5.700657829,28614,2.0142958575,26358,4027,863,3.66561649,22156,2.190901524,6544,1173,268,13.897421217,6458,1.4084000465,2285,452
213,2026-2027,5,12,Chaudière-Appalaches,SANTÉ QUÉBEC CHAUDIÈRE-APPALACHES,Total établissement,,95510,17760,4300,6.8916938628,81915,2.0668656975,72962,9135,2125,3.8378460515,59414,2.4467245935,22548,5075,1311,16.773494644,22501,1.063846434,8625,2175
214,2026-2027,5,13,Laval,SANTÉ QUÉBEC LAVAL,Total établissement,,36310,7673,2480,11.469120077,27823,3.9785866709,21822,2380,465,6.1723138092,13440,4.990608631,14488,4436,583,19.447233438,14383,3.0329164253,5293,2015
215,2026-2027,5,14,Lanaudière,SANTÉ QUÉBEC LANAUDIÈRE,Total établissement,,65096,13027,4037,9.6970664907,46643,3.4856315465,44074,4829,2012,5.7502708261,25708,4.3766103288,21022,6191,589,17.971782128,20935,2.3915172624,8198,2025
216,2026-2027,5,15,Laurentides,SANTÉ QUÉBEC LAURENTIDES,Total établissement,,85363,16716,5539,11.365535641,63059,3.8861741121,55469,6422,1733,6.1394418855,33441,4.9204939878,29894,9609,2682,21.062672006,29618,2.7183474201,10294,3806
217,2026-2027,5,16,Montérégie,SANTÉ QUÉBEC MONTÉRÉGIE-CENTRE,Total établissement,,55166,10908,4129,10.614739221,35837,4.6531194792,35232,3781,1213,6.3135353435,15962,5.9707585724,19934,5225,952,18.216826862,19875,3.5948978337,7127,2916
218,2026-2027,5,16,Montérégie,SANTÉ QUÉBEC MONTÉRÉGIE-EST,Total établissement,,58566,12849,3220,10.925588225,42342,4.9993730286,32102,4517,1069,5.9398003932,16271,5.9516920868,26464,6523,1318,16.973568915,26071,4.4050274571,8332,2151
219,2026-2027,5,16,Montérégie,SANTÉ QUÉBEC MONTÉRÉGIE-OUEST,Total établissement,,43553,7939,2788,11.43401787,34032,3.0742678868,30179,2925,1086,5.1787350199,20745,3.6537522027,13374,4530,1929,25.549329753,13287,2.1695187234,5014,1702
220,2022-2023,5,01,Bas-Saint-Laurent,SANTÉ QUÉBEC BAS-SAINT-LAURENT,CENTRE HOSPITALIER RÉGIONAL DU GRAND-PORTAGE,51218352,8082,1322,352,4.868560931,6690,2.2066093257,6012,549,214,3.2024497764,4638,2.4626804537,2070,37,2,9.707527241,2052,1.6278286766,773,138
221,2022-2023,5,01,Bas-Saint-Laurent,SANTÉ QUÉBEC BAS-SAINT-LAURENT,CENTRE MULTISERVICES DE SANTÉ ET DE SERVICES SOCIAUX DE TROIS-PISTOLES,51236156,4138,597,116,3.0993757048,3721,1.3215018364,3619,397,94,2.3829127138,3210,1.3996908965,519,30,1,8.0952900878,511,0.8303337682,200,22
222,2022-2023,5,01,Bas-Saint-Laurent,SANTÉ QUÉBEC BAS-SAINT-LAURENT,CLSC DE POHÉNÉGAMOOK,51219418,3767,437,80,1.6385245406,3435,0.7600785218,3532,371,69,1.3160621146,3204,0.766302972,235,4,0,6.4850661939,231,0.6737445887,66,11
223,2022-2023,5,01,Bas-Saint-Laurent,SANTÉ QUÉBEC BAS-SAINT-LAURENT,HÔPITAL D'AMQUI,51226892,6117,888,154,4.0452983489,5354,1.715518771,3439,319,89,3.1725754418,2765,1.9483789431,2678,16,1,5.1660205585,2589,1.4668287842,569,65
224,2022-2023,5,01,Bas-Saint-Laurent,SANTÉ QUÉBEC BAS-SAINT-LAURENT,HÔPITAL DE MATANE,51218980,7303,1129,282,4.5415654145,6487,2.5136868609,5536,574,156,3.9772787713,4761,2.8249096828,1767,22,0,6.309471955,1726,1.6552095404,555,126
225,2022-2023,5,01,Bas-Saint-Laurent,SANTÉ QUÉBEC BAS-SAINT-LAURENT,HÔPITAL DE NOTRE-DAME-DU-LAC,51221877,5193,826,146,3.948113807,4615,1.4293033586,4141,435,74,2.3748323674,3569,1.5841879923,1052,61,7,10.141040082,1046,0.900829881,391,72
226,2022-2023,5,01,Bas-Saint-Laurent,SANTÉ QUÉBEC BAS-SAINT-LAURENT,HÔPITAL NOTRE-DAME-DE-FATIMA,51221141,6249,956,174,3.2611886346,5802,1.333588705,5086,517,89,2.4470811487,4647,1.4426593023,1163,2,0,6.8214213719,1155,0.8947566138,439,85
227,2022-2023,5,01,Bas-Saint-Laurent,SANTÉ QUÉBEC BAS-SAINT-LAURENT,HÔPITAL RÉGIONAL DE RIMOUSKI,51227882,12609,2078,563,5.5879829002,9634,2.5068800602,9141,852,367,4.1160597552,6190,2.9593077544,3468,148,4,9.4676972799,3444,1.6937187863,1226,196
228,2022-2023,5,02,Saguenay-Lac-Saint-Jean,SANTÉ QUÉBEC SAGUENAY - LAC-SAINT-JEAN - UNIVERSITAIRE,HÔPITAL D'ALMA,51219400,13508,1960,442,4.9422635352,10544,2.722115869,10516,1018,200,3.6360902434,7611,2.8845117447,2992,133,5,9.5330784871,2933,2.3007060461,942,242
229,2022-2023,5,02,Saguenay-Lac-Saint-Jean,SANTÉ QUÉBEC SAGUENAY - LAC-SAINT-JEAN - UNIVERSITAIRE,HÔPITAL DE CHICOUTIMI,51218394,20948,3205,1287,7.5011825579,17852,2.4589379964,12474,943,402,3.8613703169,9455,3.2738708208,8474,1234,217,12.859103008,8397,1.5413257711,2262,885
230,2022-2023,5,02,Saguenay-Lac-Saint-Jean,SANTÉ QUÉBEC SAGUENAY - LAC-SAINT-JEAN - UNIVERSITAIRE,HÔPITAL DE DOLBEAU-MISTASSINI,51219384,8055,1273,310,4.4797044279,7277,1.8318081703,6750,808,173,2.9874968724,5984,1.9566575683,1305,180,38,12.19801937,1293,1.2540055427,465,137
231,2022-2023,5,02,Saguenay-Lac-Saint-Jean,SANTÉ QUÉBEC SAGUENAY - LAC-SAINT-JEAN - UNIVERSITAIRE,HÔPITAL DE LA BAIE,51221364,7536,901,240,5.141741935,6887,2.4270819418,6099,438,152,3.8025835292,5460,2.6579643875,1437,105,19,10.825476881,1427,1.5436774897,463,88
232,2022-2023,5,02,Saguenay-Lac-Saint-Jean,SANTÉ QUÉBEC SAGUENAY - LAC-SAINT-JEAN - UNIVERSITAIRE,HÔPITAL ET CENTRE D'HÉBERGEMENT DE ROBERVAL,51228203,9489,1300,592,5.5862455065,8412,2.3291331497,6600,539,183,3.3774248737,5575,2.5283346786,2889,269,51,10.632357025,2837,1.9376814319,761,409
233,2022-2023,5,02,Saguenay-Lac-Saint-Jean,SANTÉ QUÉBEC SAGUENAY - LAC-SAINT-JEAN - UNIVERSITAIRE,HÔPITAL ET CENTRE DE RÉADAPTATION DE JONQUIÈRE,51224541,10096,1755,446,8.1602981654,7834,4.1881005872,6484,578,165,5.1577354514,4343,4.5960612864,3612,507,56,13.550280623,3491,3.6805745727,1177,281
234,2022-2023,5,03,Capitale-Nationale,SANTÉ QUÉBEC - CENTRE HOSPITALIER UNIVERSITAIRE DE QUÉBEC - UNIVERSITÉ LAVAL,CENTRE HOSPITALIER DE L'UNIVERSITÉ LAVAL,51217594,29127,2160,2662,7.8058475241,23090,2.0596666426,16850,456,894,4.6591123475,10853,3.1098658077,12277,1312,400,12.124694777,12237,1.1282445997,1704,1768
235,2022-2023,5,03,Capitale-Nationale,SANTÉ QUÉBEC - CENTRE HOSPITALIER UNIVERSITAIRE DE QUÉBEC - UNIVERSITÉ LAVAL,HÔPITAL DE L'ENFANT-JÉSUS,51233914,22439,3630,2749,10.630440181,19941,1.6957288585,12827,1197,703,4.1144228104,10332,2.1206316944,9612,2589,714,19.325920291,9609,1.2388555001,2433,2046
236,2022-2023,5,03,Capitale-Nationale,SANTÉ QUÉBEC - CENTRE HOSPITALIER UNIVERSITAIRE DE QUÉBEC - UNIVERSITÉ LAVAL,HÔPITAL DU SAINT-SACREMENT,51217529,13421,2967,349,7.7595358435,10624,2.1181088939,9655,1240,131,3.7386348467,6870,2.5529730713,3766,955,268,18.06803269,3754,1.322286598,1727,218
237,2022-2023,5,03,Capitale-Nationale,SANTÉ QUÉBEC - CENTRE HOSPITALIER UNIVERSITAIRE DE QUÉBEC - UNIVERSITÉ LAVAL,HÔPITAL SAINT-FRANÇOIS D'ASSISE,51217602,15717,3661,499,10.197966639,12644,2.0571267883,9646,1124,239,4.1563047147,6591,2.7440404845,6071,1854,462,19.797352395,6053,1.3091591406,2537,260
238,2022-2023,5,03,Capitale-Nationale,SANTÉ QUÉBEC - CENTRE HOSPITALIER UNIVERSITAIRE DE QUÉBEC - UNIVERSITÉ LAVAL,L'HÔTEL-DIEU DE QUÉBEC,51217586,7518,1901,401,8.0767153277,6715,1.5793015223,3843,517,133,3.3867020123,3075,1.8586463415,3675,497,19,12.981129252,3640,1.3433165446,1384,268
239,2022-2023,5,03,Capitale-Nationale,SANTÉ QUÉBEC - INSTITUT UNIVERSITAIRE DE CARDIOLOGIE ET DE PNEUMOLOGIE DE QUÉBEC - UNIVERSITÉ LAVAL,INSTITUT UNIVERSITAIRE DE CARDIOLOGIE ET DE PNEUMOLOGIE DE QUÉBEC,51232130,10241,3235,225,8.2375758118,9619,1.9769892631,5264,1088,104,3.9671394799,4658,2.454262082,4977,545,0,12.754267966,4961,1.528866548,2147,121
240,2022-2023,5,03,Capitale-Nationale,SANTÉ QUÉBEC CAPITALE-NATIONALE - UNIVERSITAIRE,CENTRE MULTISERVICES DE SANTÉ ET DE SERVICES SOCIAUX CHAUVEAU,51225001,16620,1129,209,3.1110432043,10979,1.9038014239,15192,958,166,2.9506001697,9588,1.9960888611,1428,0,0,4.817941371,1391,1.2676749341,171,43
241,2022-2023,5,03,Capitale-Nationale,SANTÉ QUÉBEC CAPITALE-NATIONALE - UNIVERSITAIRE,CENTRE MULTISERVICES DE SANTÉ ET DE SERVICES SOCIAUX DE BAIE-SAINT-PAUL,51244804,5155,862,124,4.331177282,3975,1.8918378057,4117,531,57,2.7108006774,2943,2.1453579114,1038,96,9,10.758046724,1032,1.1688633183,331,67
242,2022-2023,5,03,Capitale-Nationale,SANTÉ QUÉBEC CAPITALE-NATIONALE - UNIVERSITAIRE,CENTRE MULTISERVICES DE SANTÉ ET DE SERVICES SOCIAUX DE SAINT-MARC-DES-CARRIÈRES,51247344,6456,847,163,3.1443182483,5175,1.6487461621,5176,461,91,2.4180124077,3924,1.9142705856,1280,21,2,6.0813174913,1251,0.8158781863,386,72
243,2022-2023,5,03,Capitale-Nationale,SANTÉ QUÉBEC CAPITALE-NATIONALE - UNIVERSITAIRE,CENTRE MULTISERVICES DE SANTÉ ET DE SERVICES SOCIAUX DE SAINT-RAYMOND,51247302,7932,998,123,4.2068702023,6140,2.341384591,6419,537,66,3.2646141663,4647,2.7118164048,1513,46,3,8.2044521554,1493,1.1884062663,461,57
244,2022-2023,5,03,Capitale-Nationale,SANTÉ QUÉBEC CAPITALE-NATIONALE - UNIVERSITAIRE,CENTRE MULTISERVICES DE SANTÉ ET DE SERVICES SOCIAUX DE SAINTE-ANNE-DE-BEAUPRÉ,51225357,6977,762,124,3.6414440304,5068,2.0577989345,6030,468,91,3.0120077391,4162,2.2506899728,947,29,4,7.6493646603,906,1.1716924209,294,33
245,2022-2023,5,03,Capitale-Nationale,SANTÉ QUÉBEC CAPITALE-NATIONALE - UNIVERSITAIRE,HÔPITAL ET CLSC DE LA MALBAIE,51228690,5554,916,157,5.6979739327,4550,1.9342377289,4430,553,97,3.3850123526,3431,2.2333222417,1124,201,44,14.814005783,1119,1.0172055903,363,60
246,2022-2023,5,04,Mauricie et Centre-du-Québec,SANTÉ QUÉBEC MAURICIE-ET-CENTRE-DU-QUÉBEC - UNIVERSITAIRE,CENTRE MULTISERVICES DE SANTÉ ET DE SERVICES SOCIAUX AVELLIN-DALCOURT,51233583,8313,1097,199,5.758543847,6678,3.7671196466,7009,605,134,4.9847087475,5382,4.2497692927,1304,55,7,9.9179075068,1296,1.7627829218,492,65
247,2022-2023,5,04,Mauricie et Centre-du-Québec,SANTÉ QUÉBEC MAURICIE-ET-CENTRE-DU-QUÉBEC - UNIVERSITAIRE,CENTRE MULTISERVICES DE SANTÉ ET DE SERVICES SOCIAUX CHRIST-ROI,51246338,8850,886,224,5.7019797552,6461,4.1903534455,7543,446,137,4.8317196223,5178,4.4870847818,1307,103,14,10.724452733,1283,2.9927892526,440,87
248,2022-2023,5,04,Mauricie et Centre-du-Québec,SANTÉ QUÉBEC MAURICIE-ET-CENTRE-DU-QUÉBEC - UNIVERSITAIRE,CENTRE MULTISERVICES DE SANTÉ ET DE SERVICES SOCIAUX DE FORTIERVILLE,51219160,5911,476,98,2.2648689355,4518,1.7984598642,5468,402,82,2.1488877205,4081,1.875529214,443,0,0,3.6964384249,437,1.0787344266,74,16
249,2022-2023,5,04,Mauricie et Centre-du-Québec,SANTÉ QUÉBEC MAURICIE-ET-CENTRE-DU-QUÉBEC - UNIVERSITAIRE,CENTRE MULTISERVICES DE SANTÉ ET DE SERVICES SOCIAUX DU HAUT-SAINT-MAURICE,51219731,4727,726,257,5.6219178243,3944,2.926976279,3526,382,130,4.0342274847,2775,3.2010645646,1201,79,3,10.283196873,1169,2.2763389887,344,127
250,2022-2023,5,04,Mauricie et Centre-du-Québec,SANTÉ QUÉBEC MAURICIE-ET-CENTRE-DU-QUÉBEC - UNIVERSITAIRE,HÔPITAL DU CENTRE-DE-LA-MAURICIE,51220051,12942,2455,926,7.7620647247,10023,2.8502869788,7852,652,178,4.6460629281,4981,4.0054208771,5090,615,50,12.568910718,5042,1.7091283221,1803,748
251,2022-2023,5,04,Mauricie et Centre-du-Québec,SANTÉ QUÉBEC MAURICIE-ET-CENTRE-DU-QUÉBEC - UNIVERSITAIRE,HÔPITAL SAINTE-CROIX,51228781,16151,2100,942,8.6714984968,11868,3.7063728795,10295,686,240,6.337725568,6153,4.8533418658,5856,804,27,12.774331882,5715,2.4714997084,1414,702
252,2022-2023,5,04,Mauricie et Centre-du-Québec,SANTÉ QUÉBEC MAURICIE-ET-CENTRE-DU-QUÉBEC - UNIVERSITAIRE,HÔTEL-DIEU D'ARTHABASKA,51228039,13660,2260,828,6.513076094,11012,2.1787227065,8246,721,188,3.6444313068,5678,2.7448138038,5414,564,46,10.882275377,5334,1.5761232971,1539,640
253,2022-2023,5,04,Mauricie et Centre-du-Québec,SANTÉ QUÉBEC MAURICIE-ET-CENTRE-DU-QUÉBEC - UNIVERSITAIRE,PAVILLON SAINTE-MARIE,51220168,22680,4916,1336,10.88398387,16612,3.7163673516,12595,1093,363,5.7652979577,6661,5.6260298337,10085,2572,358,17.276631273,9951,2.4380775522,3823,973
254,2022-2023,5,05,Estrie,SANTÉ QUÉBEC ESTRIE - CENTRE HOSPITALIER UNIVERSITAIRE DE SHERBROOKE,CENTRE MULTISERVICES DE SANTÉ ET DE SERVICES SOCIAUX DE LA MRC DE COATICOOK,51247617,6311,425,173,2.4643977007,5525,1.593838361,4962,225,124,2.2552095929,4192,1.6808418151,1349,0,0,3.2338501771,1333,1.3202310994,200,49
255,2022-2023,5,05,Estrie,SANTÉ QUÉBEC ESTRIE - CENTRE HOSPITALIER UNIVERSITAIRE DE SHERBROOKE,CENTRE MULTISERVICES DE SANTÉ ET DE SERVICES SOCIAUX DE MEMPHRÉMAGOG,51219046,8993,1711,338,6.7790630367,7431,2.7696143408,6651,777,194,3.9504974189,5125,3.0948392954,2342,418,161,14.811851219,2306,2.0468138672,934,144
256,2022-2023,5,05,Estrie,SANTÉ QUÉBEC ESTRIE - CENTRE HOSPITALIER UNIVERSITAIRE DE SHERBROOKE,CENTRE MULTISERVICES DE SANTÉ ET DE SERVICES SOCIAUX DES SOURCES,51247583,6893,738,202,6.0091991473,5239,4.1139358126,6086,474,156,5.3206877351,4446,4.4175982156,807,66,10,11.201616068,793,2.4114351268,264,46
257,2022-2023,5,05,Estrie,SANTÉ QUÉBEC ESTRIE - CENTRE HOSPITALIER UNIVERSITAIRE DE SHERBROOKE,CENTRE MULTISERVICES DE SANTÉ ET DE SERVICES SOCIAUX DU GRANIT,51223832,5870,952,180,6.3122752224,4784,3.4744727796,4734,581,101,4.8931708562,3660,3.8566029144,1136,131,15,12.226042889,1124,2.2301700277,371,79
258,2022-2023,5,05,Estrie,SANTÉ QUÉBEC ESTRIE - CENTRE HOSPITALIER UNIVERSITAIRE DE SHERBROOKE,CHUS - HÔPITAL FLEURIMONT,51216687,18151,2388,382,8.4786871247,15262,2.7528076268,9868,452,169,5.6068301581,6980,4.4382784145,8283,1059,78,11.900090547,8282,1.3323070112,1936,213
259,2022-2023,5,05,Estrie,SANTÉ QUÉBEC ESTRIE - CENTRE HOSPITALIER UNIVERSITAIRE DE SHERBROOKE,CHUS - HÔTEL-DIEU DE SHERBROOKE,51216695,18558,3426,2336,10.407521464,15387,2.8216947207,8919,716,390,5.3165732332,5767,4.4994884689,9639,1955,446,15.11819345,9620,1.8158905059,2710,1946
260,2022-2023,5,05,Estrie,SANTÉ QUÉBEC ESTRIE - CENTRE HOSPITALIER UNIVERSITAIRE DE SHERBROOKE,HÔPITAL BROME-MISSISQUOI-PERKINS,51229185,10832,1684,344,9.4404958815,8436,3.6173996365,7772,606,159,5.1439941099,5415,4.1456855956,3060,862,332,20.353048747,3021,2.670471974,1078,185
261,2022-2023,5,05,Estrie,SANTÉ QUÉBEC ESTRIE - CENTRE HOSPITALIER UNIVERSITAIRE DE SHERBROOKE,HÔPITAL DE GRANBY,51228120,14671,2391,842,10.707692576,11044,4.2584867349,10044,875,323,6.4561119408,6447,5.4564345173,4627,1523,327,19.936755877,4597,2.5784411935,1516,519
262,2022-2023,5,06,Montréal,SANTÉ QUÉBEC - CENTRE HOSPITALIER DE L'UNIVERSITÉ DE MONTRÉAL,CENTRE HOSPITALIER DE L'UNIVERSITÉ DE MONTRÉAL,51236297,25172,3483,2040,14.079194034,19399,3.2404719459,15409,976,767,7.621255345,9719,5.0251899201,9763,3892,1188,24.271796437,9680,1.4485634757,2507,1273
263,2022-2023,5,06,Montréal,SANTÉ QUÉBEC - CENTRE HOSPITALIER UNIVERSITAIRE SAINTE-JUSTINE,CHU SAINTE-JUSTINE,51222800,35137,0,716,5.850271564,27837,2.879916498,23971,0,343,5.2354229532,17353,3.4375936918,11166,131,2,7.1702192668,10484,1.9568554199,0,373
264,2022-2023,5,06,Montréal,SANTÉ QUÉBEC - CENTRE UNIVERSITAIRE DE SANTÉ MCGILL,HÔPITAL DE LACHINE,51228310,7521,713,160,6.3777711297,6716,2.9417328436,6313,361,93,4.2165159635,5516,3.028244098,1208,297,70,17.672476315,1200,2.5440694444,352,67
265,2022-2023,5,06,Montréal,SANTÉ QUÉBEC - CENTRE UNIVERSITAIRE DE SANTÉ MCGILL,HÔPITAL GÉNÉRAL DE MONTRÉAL,51248219,12062,1989,1400,16.265344263,10169,1.9769084418,5114,399,284,6.0849298766,3296,3.0139574063,6948,2077,1031,23.758527794,6873,1.4795836365,1590,1116
266,2022-2023,5,06,Montréal,SANTÉ QUÉBEC - CENTRE UNIVERSITAIRE DE SANTÉ MCGILL,HÔPITAL ROYAL VICTORIA,51223295,18185,2748,465,15.987996701,13735,4.3568759455,11821,830,230,8.4979589525,7480,5.6298291741,6364,2678,1270,29.900588816,6255,2.8346233236,1918,235
267,2022-2023,5,06,Montréal,SANTÉ QUÉBEC - CENTRE UNIVERSITAIRE DE SANTÉ MCGILL,L'HÔPITAL DE MONTRÉAL POUR ENFANTS,51223279,30018,2,915,7.3391925956,24666,2.7909980675,23416,0,255,6.7551201932,18124,3.3587125113,6602,308,28,9.4107829277,6542,1.2181982234,2,660
268,2022-2023,5,06,Montréal,SANTÉ QUÉBEC - INSTITUT DE CARDIOLOGIE DE MONTRÉAL,INSTITUT DE CARDIOLOGIE DE MONTRÉAL,51248201,6755,1907,207,9.779968953,6594,1.2361203788,4126,773,171,3.5863540152,3969,1.430292405,2629,855,121,19.500339905,2625,0.9425322751,1134,36
269,2022-2023,5,06,Montréal,SANTÉ QUÉBEC CENTRE-OUEST-DE-L'ÎLE-DE-MONTRÉAL - UNIVERSITAIRE,HÔPITAL GÉNÉRAL JUIF,51248250,33591,6256,1838,9.9864736173,29340,2.3519069719,13444,898,215,4.2176077102,9755,2.8304703856,20147,2956,748,13.836011179,19585,2.1135415851,5358,1623
270,2022-2023,5,06,Montréal,SANTÉ QUÉBEC CENTRE-SUD-DE-L'ÎLE-DE-MONTRÉAL - UNIVERSITAIRE,HÔPITAL DE VERDUN,51218097,15749,2519,1050,8.2431880155,13967,2.0218502144,10611,756,395,4.0690949643,8849,2.5305842782,5138,1273,102,16.863526934,5118,1.1422512049,1763,655
271,2022-2023,5,06,Montréal,SANTÉ QUÉBEC CENTRE-SUD-DE-L'ÎLE-DE-MONTRÉAL - UNIVERSITAIRE,HÔPITAL NOTRE-DAME,51236313,13925,1768,1929,12.959485139,11896,2.2757079877,8675,378,717,5.5262965098,6663,3.1132479114,5250,2023,708,25.241944444,5233,1.2092970359,1390,1212
272,2022-2023,5,06,Montréal,SANTÉ QUÉBEC EST-DE-L'ÎLE-DE-MONTRÉAL - UNIVERSITAIRE,HÔPITAL MAISONNEUVE-ROSEMONT,12934659,25475,4684,1989,13.290727631,18395,3.532384857,14870,1116,477,5.8070001121,7998,4.892957406,10605,3717,1537,23.784176777,10397,2.4857503233,3568,1512
273,2022-2023,5,06,Montréal,SANTÉ QUÉBEC EST-DE-L'ÎLE-DE-MONTRÉAL - UNIVERSITAIRE,HÔPITAL SANTA CABRINI,51235919,13511,3425,402,12.979294135,10488,3.0055693279,8306,924,168,5.1057620662,5304,4.1668112117,5205,1924,864,25.543666346,5184,1.817446845,2501,234
274,2022-2023,5,06,Montréal,SANTÉ QUÉBEC EST-DE-L'ÎLE-DE-MONTRÉAL - UNIVERSITAIRE,INSTITUT UNIVERSITAIRE EN SANTÉ MENTALE DE MONTRÉAL,51235307,1708,70,1703,17.305963765,1629,1.3965290567,725,23,720,3.4182835249,646,1.5970287238,983,487,165,27.548657737,983,1.264766305,47,983
275,2022-2023,5,06,Montréal,SANTÉ QUÉBEC NORD-DE-L'ÎLE-DE-MONTRÉAL - UNIVERSITAIRE,HÔPITAL DU SACRÉ-COEUR-DE-MONTRÉAL,12475976,24270,4431,1232,12.298013689,19485,3.0294308442,16500,1419,613,6.6424615657,11743,4.1434650903,7770,3095,1144,24.307873409,7742,1.3396731393,3012,619
276,2022-2023,5,06,Montréal,SANTÉ QUÉBEC NORD-DE-L'ÎLE-DE-MONTRÉAL - UNIVERSITAIRE,HÔPITAL EN SANTÉ MENTALE ALBERT-PRÉVOST,51848752,1339,68,1335,20.374512489,1327,0.3276314578,608,20,604,3.8823231908,596,0.437665921,731,457,173,34.091682247,731,0.2379179967,48,731
277,2022-2023,5,06,Montréal,SANTÉ QUÉBEC NORD-DE-L'ÎLE-DE-MONTRÉAL - UNIVERSITAIRE,HÔPITAL FLEURY,51228492,11892,1922,393,9.9662977212,8655,3.5703040953,8854,782,200,5.7617859473,5633,4.4412581119,3038,1214,178,22.219999909,3022,1.9468481138,1140,193
278,2022-2023,5,06,Montréal,SANTÉ QUÉBEC NORD-DE-L'ÎLE-DE-MONTRÉAL - UNIVERSITAIRE,HÔPITAL JEAN-TALON,51228500,15468,1916,1151,8.2101230497,11486,3.7413878248,11500,545,467,5.6631035024,7536,4.8775477707,3968,898,48,15.591858129,3950,1.5737672293,1371,684
279,2022-2023,5,06,Montréal,SANTÉ QUÉBEC OUEST-DE-L'ÎLE-DE-MONTRÉAL - UNIVERSITAIRE,CENTRE HOSPITALIER DE ST. MARY,51248243,13197,2468,924,9.7466309894,12208,2.3311287908,8934,788,328,5.4897985536,7953,2.7844122414,4263,1152,176,18.66770558,4255,1.4838988771,1680,596
280,2022-2023,5,06,Montréal,SANTÉ QUÉBEC OUEST-DE-L'ÎLE-DE-MONTRÉAL - UNIVERSITAIRE,HÔPITAL DE LASALLE,51224392,10065,1562,310,10.011332588,7794,3.351136558,7642,629,109,5.6818577525,5408,3.9421864727,2423,789,332,23.666242491,2386,2.0114894756,933,201
281,2022-2023,5,06,Montréal,SANTÉ QUÉBEC OUEST-DE-L'ÎLE-DE-MONTRÉAL - UNIVERSITAIRE,HÔPITAL DOUGLAS,51235190,2016,42,1921,7.8093253968,1799,1.9047055463,1142,17,1048,3.293141905,925,1.8677312312,874,124,11,13.710334033,874,1.9438374015,25,873
282,2022-2023,5,06,Montréal,SANTÉ QUÉBEC OUEST-DE-L'ÎLE-DE-MONTRÉAL - UNIVERSITAIRE,HÔPITAL GÉNÉRAL DU LAKESHORE,51228278,14567,3033,1153,14.858040815,11776,2.7095481393,9485,910,196,6.9197783049,6712,3.4904309032,5082,1998,1022,29.673943985,5064,1.6745392312,2123,957
283,2022-2023,5,07,Outaouais,SANTÉ QUÉBEC OUTAOUAIS,CENTRE MULTISERVICES DE SANTÉ ET DE SERVICES SOCIAUX DE MANSFIELD-ET-PONTEFRACT,51245058,4155,440,97,3.9788180238,3879,1.4829480679,4046,416,93,3.8556094497,3770,1.4846595196,109,0,0,8.5522298675,109,1.4237538226,24,4
284,2022-2023,5,07,Outaouais,SANTÉ QUÉBEC OUTAOUAIS,CLSC ET CENTRE D'HÉBERGEMENT DE LA PETITE-NATION,51219491,4254,544,130,2.962532649,3499,1.4126303547,3951,453,120,2.8051769594,3197,1.4744288048,303,0,0,5.0143885222,302,0.7584262325,91,10
285,2022-2023,5,07,Outaouais,SANTÉ QUÉBEC OUTAOUAIS,HÔPITAL DE GATINEAU,51221703,14390,1881,1767,11.082636148,9315,3.5814469792,9349,698,488,4.9414437967,4379,4.0238025551,5041,1557,669,22.472044458,4936,3.1890087565,1183,1279
286,2022-2023,5,07,Outaouais,SANTÉ QUÉBEC OUTAOUAIS,HÔPITAL DE HULL,51221711,12684,2107,481,11.822141258,8633,3.1446154935,8515,673,313,4.8935626019,4520,3.6387515364,4169,1396,775,25.973459862,4113,2.6015824486,1434,168
287,2022-2023,5,07,Outaouais,SANTÉ QUÉBEC OUTAOUAIS,HÔPITAL DE MANIWAKI,51221893,5417,718,246,5.809526542,4754,2.4567054644,3635,346,135,3.6509825768,3042,2.580562952,1782,186,69,10.212617066,1712,2.2366269146,372,111
288,2022-2023,5,07,Outaouais,SANTÉ QUÉBEC OUTAOUAIS,HÔPITAL ET CHSLD DE PAPINEAU,51228823,8501,999,387,8.3256983492,6040,3.1021485467,6518,414,165,3.5493508575,4079,3.3153139386,1983,655,321,24.025261108,1961,2.6587514873,585,222
289,2022-2023,5,07,Outaouais,SANTÉ QUÉBEC OUTAOUAIS,HÔPITAL ET CHSLD DU PONTIAC,51219459,4134,429,122,4.7462651857,3730,2.1215382038,3362,294,87,3.9632731013,2963,2.1367463532,772,30,7,8.156134859,767,2.0627875561,135,35
290,2022-2023,5,07,Outaouais,SANTÉ QUÉBEC OUTAOUAIS,HÔPITAL ET CHSLD MÉMORIAL DE WAKEFIELD / WAKEFIELD MEMORIAL HOSPITAL,51228799,6041,445,164,5.2199004948,4980,2.7917899933,5237,311,123,4.1437960665,4196,2.848603829,804,114,20,12.229302101,784,2.4877200255,134,41
291,2022-2023,5,08,Abitibi-Témiscamingue,SANTÉ QUÉBEC ABITIBI-TÉMISCAMINGUE,CENTRE MULTISERVICES DE SANTÉ ET DE SERVICES SOCIAUX DE LA SARRE,51247559,7019,853,325,5.7052117665,6276,2.4737505754,5941,530,257,4.5101418579,5207,2.629498805,1078,115,51,12.291399454,1069,1.7151153726,323,68
292,2022-2023,5,08,Abitibi-Témiscamingue,SANTÉ QUÉBEC ABITIBI-TÉMISCAMINGUE,CENTRE MULTISERVICES DE SANTÉ ET DE SERVICES SOCIAUX DE TÉMISCAMING-KIPAWA,51247476,1770,134,120,2.5087807596,1722,0.823263163,1762,131,117,2.445977267,1714,0.8218010178,8,1,0,16.34125,8,1.1365277778,3,3
293,2022-2023,5,08,Abitibi-Témiscamingue,SANTÉ QUÉBEC ABITIBI-TÉMISCAMINGUE,CENTRE MULTISERVICES DE SANTÉ ET DE SERVICES SOCIAUX DE VILLE-MARIE,51247542,4605,590,244,5.4576499578,3961,3.0499765772,4027,399,180,4.8489820103,3392,3.1685165258,578,28,2,9.698317474,569,2.3433201523,191,64
294,2022-2023,5,08,Abitibi-Témiscamingue,SANTÉ QUÉBEC ABITIBI-TÉMISCAMINGUE,HÔPITAL D'AMOS,51228906,8395,795,337,4.2797627556,7433,1.5506112382,6521,333,261,2.7284864285,5573,1.7133459437,1874,160,22,9.6777739239,1860,1.0630195639,462,76
295,2022-2023,5,08,Abitibi-Témiscamingue,SANTÉ QUÉBEC ABITIBI-TÉMISCAMINGUE,HÔPITAL DE ROUYN-NORANDA,51228922,10547,1226,615,6.6608280659,7797,3.6098633021,8672,631,394,5.447066805,5937,4.0699226602,1875,209,16,12.274554815,1860,2.1413835125,595,221
296,2022-2023,5,08,Abitibi-Témiscamingue,SANTÉ QUÉBEC ABITIBI-TÉMISCAMINGUE,HÔPITAL DE VAL-D'OR,51225589,10431,1125,713,7.4826502732,8147,4.1843239161,8501,601,512,5.8119611745,6222,4.8121596753,1930,386,37,14.841473086,1925,2.1550282828,524,201
297,2022-2023,5,09,Côte-Nord,SANTÉ QUÉBEC CÔTE-NORD,CENTRE MULTISERVICES DE SANTÉ ET DE SERVICES SOCIAUX DE FERMONT,51245108,2450,14,105,9.5107422902,2023,1.598323447,2342,13,101,9.688551689,1915,1.6347727009,108,2,1,5.6549125514,108,0.952024177,1,4
298,2022-2023,5,09,Côte-Nord,SANTÉ QUÉBEC CÔTE-NORD,CENTRE MULTISERVICES DE SANTÉ ET DE SERVICES SOCIAUX DE FORESTVILLE,51218741,4334,608,177,3.2759383813,3574,1.9386630293,3885,473,147,2.8828331188,3173,2.0420749729,449,14,0,6.6773057412,401,1.1203934608,135,30
299,2022-2023,5,09,Côte-Nord,SANTÉ QUÉBEC CÔTE-NORD,CENTRE MULTISERVICES DE SANTÉ ET DE SERVICES SOCIAUX DE LA BASSE-CÔTE-NORD,51245140,1315,180,67,3.1645171103,1253,1.1712119801,1073,125,60,2.9890224707,1011,1.2065259919,242,0,0,3.9426400367,242,1.0236811295,55,7
300,2022-2023,5,09,Côte-Nord,SANTÉ QUÉBEC CÔTE-NORD,CENTRE MULTISERVICES DE SANTÉ ET DE SERVICES SOCIAUX DE LA MINGANIE,51245116,4819,449,138,3.1095687787,2829,2.4244472919,3288,280,64,1.8934021864,1357,2.5484514452,1531,33,3,5.7214275347,1472,2.3101309632,169,74
301,2022-2023,5,09,Côte-Nord,SANTÉ QUÉBEC CÔTE-NORD,CENTRE MULTISERVICES DE SANTÉ ET DE SERVICES SOCIAUX DE PORT-CARTIER,51245132,5726,395,243,5.3002379012,4579,3.0996221883,5241,296,202,4.36947863,4106,3.2771794664,485,90,25,15.358195304,473,1.5582898755,99,41
302,2022-2023,5,09,Côte-Nord,SANTÉ QUÉBEC CÔTE-NORD,CENTRE MULTISERVICES DE SANTÉ ET DE SERVICES SOCIAUX DES ESCOUMINS,51218733,3910,554,105,3.5458034243,3429,1.4871689187,3437,376,89,2.9664986422,2962,1.5515874222,473,12,0,7.7552548743,467,1.0785873186,178,16
303,2022-2023,5,09,Côte-Nord,SANTÉ QUÉBEC CÔTE-NORD,CLSC ET HÔPITAL LE ROYER,51228765,8529,1280,565,9.1801859017,7262,3.4293374568,6339,550,332,5.1828042015,5076,3.9283764009,2190,598,265,20.750689371,2186,2.2705443733,730,233
304,2022-2023,5,09,Côte-Nord,SANTÉ QUÉBEC CÔTE-NORD,HÔPITAL ET CLSC DE SEPT-ÎLES,51232023,8294,806,516,9.5835128473,6181,4.0975470977,5793,288,241,5.302732896,3756,4.4726291267,2501,603,256,19.498969968,2425,3.5165953036,518,275
305,2022-2023,5,11,Gaspésie-Îles-de-la-Madeleine,SANTÉ QUÉBEC DES ÎLES,HÔPITAL DE L'ARCHIPEL,51227783,7058,809,176,4.7727333444,6102,2.261214447,6012,555,105,3.738316931,5065,2.4137258967,1046,96,4,10.718155407,1037,1.5163055823,254,71
306,2022-2023,5,11,Gaspésie-Îles-de-la-Madeleine,SANTÉ QUÉBEC GASPÉSIE,CENTRE MULTISERVICES DE SANTÉ ET DE SERVICES SOCIAUX DE GRANDE-VALLÉE,51247732,2389,447,52,1.7757010139,1880,0.8146484929,2171,367,46,1.3858577716,1681,0.8381558596,218,8,2,5.6580389908,199,0.6160762144,80,6
307,2022-2023,5,11,Gaspésie-Îles-de-la-Madeleine,SANTÉ QUÉBEC GASPÉSIE,CLSC ET CENTRE DE SERVICES AMBULATOIRES DE MURDOCHVILLE,51221307,743,77,38,2.6647513833,721,1.233785252,726,73,38,2.530518442,704,1.243033065,17,2,0,8.3972875817,17,0.8508169935,4,0
308,2022-2023,5,11,Gaspésie-Îles-de-la-Madeleine,SANTÉ QUÉBEC GASPÉSIE,CLSC ET CENTRE DE SERVICES AMBULATOIRES DE PASPÉBIAC,51220978,5486,908,199,4.0469676348,4839,2.0119893343,4275,568,149,3.3206276803,3697,2.1475534968,1211,40,6,6.6110496376,1142,1.5731270675,340,50
309,2022-2023,5,11,Gaspésie-Îles-de-la-Madeleine,SANTÉ QUÉBEC GASPÉSIE,HÔPITAL DE CHANDLER,51227775,6244,962,248,5.8058021478,5392,2.1830984689,5322,633,203,4.1427397804,4474,2.3691389137,922,162,36,15.405387744,918,1.2764046236,329,45
310,2022-2023,5,11,Gaspésie-Îles-de-la-Madeleine,SANTÉ QUÉBEC GASPÉSIE,HÔPITAL DE GASPÉ,51220903,5531,899,239,4.9470740674,4779,1.6806977866,4476,536,149,3.5557072907,3745,1.8989764872,1055,100,3,10.850161927,1034,0.8901235762,363,90
311,2022-2023,5,11,Gaspésie-Îles-de-la-Madeleine,SANTÉ QUÉBEC GASPÉSIE,HÔPITAL ET CLSC DE SAINTE-ANNE-DES-MONTS,51247799,5388,927,245,5.8240274684,4566,2.2178926972,4277,522,161,3.2971795521,3480,2.3039315932,1111,211,87,15.55159591,1086,1.9421879476,405,84
312,2022-2023,5,11,Gaspésie-Îles-de-la-Madeleine,SANTÉ QUÉBEC GASPÉSIE,HÔPITAL ET GROUPE DE MÉDECINE DE FAMILLE UNIVERSITAIRE DE MARIA,51227908,6465,1128,353,8.9096539486,5938,2.1642991,4879,564,187,4.1077506206,4364,2.3688140977,1586,534,253,23.68171343,1574,1.5972702245,564,166
313,2022-2023,5,12,Chaudière-Appalaches,SANTÉ QUÉBEC CHAUDIÈRE-APPALACHES,CHSLD ET HÔPITAL PAUL-GILBERT,51245199,17541,1279,252,2.5338994514,12898,1.9468359866,16737,1202,241,2.4850597313,12094,2.027293952,804,0,0,3.5506039248,804,0.7365640547,77,11
314,2022-2023,5,12,Chaudière-Appalaches,SANTÉ QUÉBEC CHAUDIÈRE-APPALACHES,HÔPITAL DE MONTMAGNY,51245223,12982,2005,416,4.5460769827,11834,1.4679987278,10082,977,206,2.4436462948,8936,1.6857663446,2900,337,12,11.855286015,2898,0.7965110038,1028,210
315,2022-2023,5,12,Chaudière-Appalaches,SANTÉ QUÉBEC CHAUDIÈRE-APPALACHES,HÔPITAL DE SAINT-GEORGES,51228971,16663,2966,784,7.0230802443,13537,2.514826135,11626,1056,367,4.146090181,8514,3.1682239057,5037,844,45,13.663518298,5023,1.4073149623,1910,417
316,2022-2023,5,12,Chaudière-Appalaches,SANTÉ QUÉBEC CHAUDIÈRE-APPALACHES,HÔPITAL DE THETFORD,51245231,14946,2277,432,6.766802935,13485,1.7450017509,11866,1155,230,4.6615923179,10409,1.9630288959,3080,642,62,14.87733189,3076,1.0072109341,1122,202
317,2022-2023,5,12,Chaudière-Appalaches,SANTÉ QUÉBEC CHAUDIÈRE-APPALACHES,HÔTEL-DIEU DE LÉVIS,51227569,29237,5507,1844,7.8646319352,26107,1.3011241451,20359,2031,861,3.1489213616,17231,1.6368389337,8878,2599,552,18.6786837,8876,0.6494002241,3476,983
318,2022-2023,5,13,Laval,SANTÉ QUÉBEC LAVAL,HÔPITAL DE LA CITÉ-DE-LA-SANTÉ,51228757,36003,5975,2233,8.79059968,26837,3.1044859088,24251,1788,682,5.3312297431,15124,3.9907733477,11752,2337,144,15.929229729,11713,1.9600983712,4187,1551
319,2022-2023,5,14,Lanaudière,SANTÉ QUÉBEC LANAUDIÈRE,HÔPITAL DE LANAUDIÈRE ET CENTRE D'HÉBERGEMENT PARPHILIA-FERLAND,51244945,25820,4174,1653,9.8228813581,21030,2.5024641914,17042,1235,1177,5.476019866,12307,3.2936433195,8778,2432,652,18.262071783,8723,1.386215019,2939,476
320,2022-2023,5,14,Lanaudière,SANTÉ QUÉBEC LANAUDIÈRE,HÔPITAL PIERRE-LE GARDEUR,51228062,29219,4890,1671,10.6162073,17958,5.3067561037,20225,1688,605,6.5962159319,8992,6.8898388691,8994,3043,277,19.656047797,8966,3.7190826455,3202,1066
321,2022-2023,5,15,Laurentides,SANTÉ QUÉBEC LAURENTIDES,CENTRE MULTISERVICES DE SANTÉ ET DE SERVICES SOCIAUX D'ARGENTEUIL,51245306,7945,982,262,9.1955092651,6214,3.7090318457,6568,569,170,5.8431549855,4844,4.220675578,1377,557,223,25.185533164,1370,1.899979116,413,92
322,2022-2023,5,15,Laurentides,SANTÉ QUÉBEC LAURENTIDES,CENTRE MULTISERVICES DE SANTÉ ET DE SERVICES SOCIAUX DE RIVIÈRE-ROUGE,51217628,5760,613,258,5.9969359086,4919,2.8012946963,4655,333,130,3.8142636353,3829,2.9619897856,1105,203,62,15.191813223,1090,2.2367979103,280,128
323,2022-2023,5,15,Laurentides,SANTÉ QUÉBEC LAURENTIDES,CENTRE MULTISERVICES DE SANTÉ ET DE SERVICES SOCIAUX DE SAINTE-AGATHE,51246874,11780,2090,645,12.439893746,9138,4.1343211498,7876,807,204,6.9209664734,5276,5.2140956954,3904,1396,483,23.573877149,3862,2.659207089,1283,441
324,2022-2023,5,15,Laurentides,SANTÉ QUÉBEC LAURENTIDES,HÔPITAL DE MONT-LAURIER,51217610,6629,902,343,9.2319501014,5307,3.076848659,5132,462,174,5.7491081558,3831,3.3344647467,1497,442,170,21.171793031,1476,2.408198773,440,169
325,2022-2023,5,15,Laurentides,SANTÉ QUÉBEC LAURENTIDES,HÔPITAL DE SAINT-EUSTACHE,51228864,18717,3347,1030,12.76922606,12965,3.4639346317,11784,970,318,6.2927677359,6065,5.063928048,6933,2697,994,23.777243497,6900,2.0575636071,2377,712
326,2022-2023,5,15,Laurentides,SANTÉ QUÉBEC LAURENTIDES,HÔPITAL DE SAINT-JÉRÔME,51228880,21824,3632,2172,14.897742177,14796,4.8757302649,13005,1113,623,7.1118006322,6044,6.7376637069,8819,3388,1362,26.379335305,8752,3.5899069419,2519,1549
327,2022-2023,5,16,Montérégie,SANTÉ QUÉBEC MONTÉRÉGIE-CENTRE,HÔPITAL CHARLES-LE MOYNE,51233799,29588,4868,2349,9.9425133782,16024,5.3031711461,21013,1814,984,6.100194496,7455,6.4196976675,8575,2716,252,19.358098996,8569,4.3317969814,3054,1365
328,2022-2023,5,16,Montérégie,SANTÉ QUÉBEC MONTÉRÉGIE-CENTRE,HÔPITAL DU HAUT-RICHELIEU,51229045,23419,3423,1358,10.209827965,17173,2.8168909367,16974,1298,511,4.7956251718,10773,3.3615408119,6445,1984,1198,24.469048789,6400,1.9000920139,2125,847
329,2022-2023,5,16,Montérégie,SANTÉ QUÉBEC MONTÉRÉGIE-EST,HÔPITAL HONORÉ-MERCIER,51229193,17794,3275,1049,10.525177416,12906,4.1711523064,13090,1363,546,5.7673868942,8212,5.2285057098,4704,1722,696,23.764862351,4694,2.3213469914,1912,503
330,2022-2023,5,16,Montérégie,SANTÉ QUÉBEC MONTÉRÉGIE-EST,HÔPITAL PIERRE-BOUCHER,51229011,21437,4090,1285,13.823862235,15360,4.8278320313,11013,1167,381,6.121209404,5064,6.2692864666,10424,3035,1347,21.961747463,10296,4.1188649314,2923,904
331,2022-2023,5,16,Montérégie,SANTÉ QUÉBEC MONTÉRÉGIE-EST,HÔTEL-DIEU DE SOREL,51229102,13050,2095,672,8.9817650064,11101,2.4101338468,8979,861,209,4.8360308312,7062,2.9152706976,4071,1074,318,18.125598747,4039,1.526926013,1234,463
332,2022-2023,5,16,Montérégie,SANTÉ QUÉBEC MONTÉRÉGIE-OUEST,HÔPITAL ANNA-LABERGE,51229151,14585,2871,755,16.912871139,10792,2.1792194321,9570,871,190,7.8598023917,5778,3.1214871543,5015,2513,1270,34.188617481,5014,1.0933752161,2000,565
333,2022-2023,5,16,Montérégie,SANTÉ QUÉBEC MONTÉRÉGIE-OUEST,HÔPITAL BARRIE MEMORIAL / BARRIE MEMORIAL HOSPITAL,51228005,8371,807,131,5.6007967321,6557,3.0964603138,7122,472,102,3.9542503276,5317,2.8249610787,1249,255,20,14.989670625,1240,4.2606227599,335,29
334,2022-2023,5,16,Montérégie,SANTÉ QUÉBEC MONTÉRÉGIE-OUEST,HÔPITAL DU SUROÎT,51229136,14307,2723,1033,13.134703331,11487,2.1490924523,9451,825,612,4.3082140044,6652,2.8179174183,4856,1873,1069,30.313276359,4835,1.2289220958,1898,421
335,2023-2024,5,01,Bas-Saint-Laurent,SANTÉ QUÉBEC BAS-SAINT-LAURENT,CENTRE HOSPITALIER RÉGIONAL DU GRAND-PORTAGE,51218352,7647,1447,385,4.8957550891,6573,2.1139753115,5569,656,213,3.3578575348,4507,2.3611432833,2078,21,0,9.0172909315,2066,1.5747758686,791,172
336,2023-2024,5,01,Bas-Saint-Laurent,SANTÉ QUÉBEC BAS-SAINT-LAURENT,CENTRE MULTISERVICES DE SANTÉ ET DE SERVICES SOCIAUX DE TROIS-PISTOLES,51236156,4153,662,112,3.4271170105,3750,1.3896612593,3490,425,79,2.5267941738,3097,1.4918072149,663,19,1,8.166372968,653,0.905210992,237,33
337,2023-2024,5,01,Bas-Saint-Laurent,SANTÉ QUÉBEC BAS-SAINT-LAURENT,CLSC DE POHÉNÉGAMOOK,51219418,4003,571,119,1.9319675521,3695,0.9845037588,3755,504,109,1.628286285,3447,1.0002735873,248,1,0,6.5300448029,248,0.7653158602,67,10
338,2023-2024,5,01,Bas-Saint-Laurent,SANTÉ QUÉBEC BAS-SAINT-LAURENT,HÔPITAL D'AMQUI,51226892,5623,916,170,4.1796003023,4910,1.6946797352,3193,332,90,3.2601419772,2588,1.9360809505,2430,26,0,5.3877609739,2322,1.4256244617,584,80
339,2023-2024,5,01,Bas-Saint-Laurent,SANTÉ QUÉBEC BAS-SAINT-LAURENT,HÔPITAL DE MATANE,51218980,6422,1150,266,5.2868772276,5607,2.6810563185,4726,577,147,4.5393699158,3953,3.0739034348,1696,46,6,7.3698486635,1654,1.7421659613,573,119
340,2023-2024,5,01,Bas-Saint-Laurent,SANTÉ QUÉBEC BAS-SAINT-LAURENT,HÔPITAL DE NOTRE-DAME-DU-LAC,51221877,4899,887,158,3.6210929668,4341,1.4520514986,3867,512,83,2.3713767491,3321,1.6286270869,1032,32,0,8.3038958872,1020,0.8771421569,375,75
341,2023-2024,5,01,Bas-Saint-Laurent,SANTÉ QUÉBEC BAS-SAINT-LAURENT,HÔPITAL NOTRE-DAME-DE-FATIMA,51221141,6192,1152,198,3.7481099716,5680,1.5690397105,4818,630,91,2.7714519049,4319,1.7091159862,1374,6,0,7.1728105289,1361,1.1245213895,522,107
342,2023-2024,5,01,Bas-Saint-Laurent,SANTÉ QUÉBEC BAS-SAINT-LAURENT,HÔPITAL RÉGIONAL DE RIMOUSKI,51227882,11630,2170,619,5.7401735932,9364,2.4273468722,8253,930,348,4.1353228119,6021,2.8136826201,3377,167,2,9.6622445135,3343,1.7315264898,1240,271
343,2023-2024,5,02,Saguenay-Lac-Saint-Jean,SANTÉ QUÉBEC SAGUENAY - LAC-SAINT-JEAN - UNIVERSITAIRE,HÔPITAL D'ALMA,51219400,13063,1993,532,4.7943347836,10414,2.7825620959,9910,1073,245,3.6750036159,7327,3.0030924435,3153,56,0,8.3124355993,3087,2.259132923,920,287
344,2023-2024,5,02,Saguenay-Lac-Saint-Jean,SANTÉ QUÉBEC SAGUENAY - LAC-SAINT-JEAN - UNIVERSITAIRE,HÔPITAL DE CHICOUTIMI,51218394,20264,3290,1339,7.167454051,17902,2.3635532653,11695,1040,446,3.6930253907,9399,3.0885524169,8569,1111,83,11.909365964,8503,1.5621576372,2250,893
345,2023-2024,5,02,Saguenay-Lac-Saint-Jean,SANTÉ QUÉBEC SAGUENAY - LAC-SAINT-JEAN - UNIVERSITAIRE,HÔPITAL DE DOLBEAU-MISTASSINI,51219384,7755,1288,262,4.3456163049,6959,1.893448492,6452,825,137,3.0556365812,5673,2.0444574691,1303,91,14,10.733144453,1286,1.2272945827,463,125
346,2023-2024,5,02,Saguenay-Lac-Saint-Jean,SANTÉ QUÉBEC SAGUENAY - LAC-SAINT-JEAN - UNIVERSITAIRE,HÔPITAL DE LA BAIE,51221364,6886,961,227,5.2141662229,6267,2.606991738,5349,468,143,3.9445534991,4742,2.8760021557,1537,46,0,9.6326167498,1525,1.7705016393,493,84
347,2023-2024,5,02,Saguenay-Lac-Saint-Jean,SANTÉ QUÉBEC SAGUENAY - LAC-SAINT-JEAN - UNIVERSITAIRE,HÔPITAL ET CENTRE D'HÉBERGEMENT DE ROBERVAL,51228203,9169,1327,601,5.5610981447,8251,2.185895447,6279,570,203,3.3700937871,5424,2.3919766572,2890,256,23,10.321415225,2827,1.7904994498,757,398
348,2023-2024,5,02,Saguenay-Lac-Saint-Jean,SANTÉ QUÉBEC SAGUENAY - LAC-SAINT-JEAN - UNIVERSITAIRE,HÔPITAL ET CENTRE DE RÉADAPTATION DE JONQUIÈRE,51224541,9792,1768,511,7.2524275486,7762,3.9670416416,5924,662,178,4.8419073543,4045,4.3812913748,3868,220,1,10.944237691,3717,3.5162371835,1106,333
349,2023-2024,5,03,Capitale-Nationale,SANTÉ QUÉBEC - CENTRE HOSPITALIER UNIVERSITAIRE DE QUÉBEC - UNIVERSITÉ LAVAL,CENTRE HOSPITALIER DE L'UNIVERSITÉ LAVAL,51217594,26337,2270,2510,8.2475073091,21074,2.2613885725,14727,452,771,4.9568391956,9509,3.5597546476,11610,1217,432,12.421639032,11565,1.193843133,1818,1739
350,2023-2024,5,03,Capitale-Nationale,SANTÉ QUÉBEC - CENTRE HOSPITALIER UNIVERSITAIRE DE QUÉBEC - UNIVERSITÉ LAVAL,HÔPITAL DE L'ENFANT-JÉSUS,51233914,23345,4005,2915,9.7701328502,21147,1.5507849156,13028,1364,775,3.9371351875,10894,1.9503776289,10317,2188,567,17.135868389,10253,1.1262103504,2641,2140
351,2023-2024,5,03,Capitale-Nationale,SANTÉ QUÉBEC - CENTRE HOSPITALIER UNIVERSITAIRE DE QUÉBEC - UNIVERSITÉ LAVAL,HÔPITAL DU SAINT-SACREMENT,51217529,13221,3143,360,7.3422144064,11052,1.8844945108,9215,1241,141,3.4095027733,7064,2.2338468919,4006,970,124,16.388629209,3988,1.2656817675,1902,219
352,2023-2024,5,03,Capitale-Nationale,SANTÉ QUÉBEC - CENTRE HOSPITALIER UNIVERSITAIRE DE QUÉBEC - UNIVERSITÉ LAVAL,HÔPITAL SAINT-FRANÇOIS D'ASSISE,51217602,15658,3833,522,9.8288147876,12730,2.1925030549,9458,1119,256,4.4051593595,6543,2.9351909165,6200,1739,229,18.102513665,6187,1.4070809313,2714,266
353,2023-2024,5,03,Capitale-Nationale,SANTÉ QUÉBEC - CENTRE HOSPITALIER UNIVERSITAIRE DE QUÉBEC - UNIVERSITÉ LAVAL,L'HÔTEL-DIEU DE QUÉBEC,51217586,7841,1796,395,7.250857317,7087,1.4912811799,4051,435,125,3.0792342083,3337,1.6943366464,3790,338,6,11.709761067,3750,1.3105888889,1361,270
354,2023-2024,5,03,Capitale-Nationale,SANTÉ QUÉBEC - INSTITUT UNIVERSITAIRE DE CARDIOLOGIE ET DE PNEUMOLOGIE DE QUÉBEC - UNIVERSITÉ LAVAL,INSTITUT UNIVERSITAIRE DE CARDIOLOGIE ET DE PNEUMOLOGIE DE QUÉBEC,51232130,10651,3594,259,7.8634927341,10077,1.955212227,5562,1289,153,3.9679237085,5002,2.5066889911,5089,526,2,12.121137639,5075,1.411668035,2305,106
355,2023-2024,5,03,Capitale-Nationale,SANTÉ QUÉBEC CAPITALE-NATIONALE - UNIVERSITAIRE,CENTRE MULTISERVICES DE SANTÉ ET DE SERVICES SOCIAUX CHAUVEAU,51225001,14681,1085,185,2.9016692021,9995,1.915033489,12880,859,128,2.7072125604,8221,2.0921867778,1801,0,0,4.2923419088,1774,1.0940767882,226,57
356,2023-2024,5,03,Capitale-Nationale,SANTÉ QUÉBEC CAPITALE-NATIONALE - UNIVERSITAIRE,CENTRE MULTISERVICES DE SANTÉ ET DE SERVICES SOCIAUX DE BAIE-SAINT-PAUL,51244804,4694,881,143,5.4067208138,3647,1.9968547969,3816,575,63,3.0454159387,2777,2.1960738007,878,155,45,15.669521956,870,1.3609568966,306,80
357,2023-2024,5,03,Capitale-Nationale,SANTÉ QUÉBEC CAPITALE-NATIONALE - UNIVERSITAIRE,CENTRE MULTISERVICES DE SANTÉ ET DE SERVICES SOCIAUX DE SAINT-MARC-DES-CARRIÈRES,51247344,6233,851,153,2.9493717133,5259,1.4869026114,5005,463,96,2.2885592741,4059,1.694926843,1228,11,2,5.6426667119,1200,0.7832606481,388,57
358,2023-2024,5,03,Capitale-Nationale,SANTÉ QUÉBEC CAPITALE-NATIONALE - UNIVERSITAIRE,CENTRE MULTISERVICES DE SANTÉ ET DE SERVICES SOCIAUX DE SAINT-RAYMOND,51247302,7520,1070,135,4.0602555038,6163,1.9667169218,6118,602,82,3.1278294468,4775,2.2108420012,1402,45,3,8.1291446743,1388,1.1268774015,468,53
359,2023-2024,5,03,Capitale-Nationale,SANTÉ QUÉBEC CAPITALE-NATIONALE - UNIVERSITAIRE,CENTRE MULTISERVICES DE SANTÉ ET DE SERVICES SOCIAUX DE SAINTE-ANNE-DE-BEAUPRÉ,51225357,5864,674,90,3.9056393057,4469,1.9266692772,5031,398,63,3.0515131187,3650,2.0859669711,833,44,5,9.06423336,819,1.2167345001,276,27
360,2023-2024,5,03,Capitale-Nationale,SANTÉ QUÉBEC CAPITALE-NATIONALE - UNIVERSITAIRE,HÔPITAL ET CLSC DE LA MALBAIE,51228690,5356,962,160,5.7274289997,4409,1.7171519115,4295,611,94,3.2402077998,3349,1.9618124813,1061,203,55,15.795869201,1060,0.9441629979,351,66
361,2023-2024,5,04,Mauricie et Centre-du-Québec,SANTÉ QUÉBEC MAURICIE-ET-CENTRE-DU-QUÉBEC - UNIVERSITAIRE,CENTRE MULTISERVICES DE SANTÉ ET DE SERVICES SOCIAUX AVELLIN-DALCOURT,51233583,7925,1164,184,4.5708876621,6440,2.79605245,6765,686,119,3.7758635132,5295,3.0619239849,1160,47,2,9.2073862548,1145,1.5665417273,478,65
362,2023-2024,5,04,Mauricie et Centre-du-Québec,SANTÉ QUÉBEC MAURICIE-ET-CENTRE-DU-QUÉBEC - UNIVERSITAIRE,CENTRE MULTISERVICES DE SANTÉ ET DE SERVICES SOCIAUX CHRIST-ROI,51246338,7915,853,211,4.8649898224,6337,3.1830810671,6530,404,162,3.9227688446,4987,3.4183630216,1385,75,11,9.307374649,1350,2.3139320988,449,49
363,2023-2024,5,04,Mauricie et Centre-du-Québec,SANTÉ QUÉBEC MAURICIE-ET-CENTRE-DU-QUÉBEC - UNIVERSITAIRE,CENTRE MULTISERVICES DE SANTÉ ET DE SERVICES SOCIAUX DE FORTIERVILLE,51219160,4333,415,85,2.3741121112,3450,1.9553647343,4074,377,77,2.3041083702,3194,2.0201949836,259,1,0,3.4752520378,256,1.1465060764,38,8
364,2023-2024,5,04,Mauricie et Centre-du-Québec,SANTÉ QUÉBEC MAURICIE-ET-CENTRE-DU-QUÉBEC - UNIVERSITAIRE,CENTRE MULTISERVICES DE SANTÉ ET DE SERVICES SOCIAUX DU HAUT-SAINT-MAURICE,51219731,4397,683,214,5.9691336265,3787,2.794298844,3279,392,92,4.0180504727,2692,3.0173126135,1118,104,4,11.691496472,1095,2.2460312024,291,122
365,2023-2024,5,04,Mauricie et Centre-du-Québec,SANTÉ QUÉBEC MAURICIE-ET-CENTRE-DU-QUÉBEC - UNIVERSITAIRE,HÔPITAL DU CENTRE-DE-LA-MAURICIE,51220051,12885,2524,844,7.9698981374,10233,3.1288859843,8101,839,183,5.0286907309,5475,4.3426917808,4784,614,56,12.95040006,4758,1.7321674607,1685,661
366,2023-2024,5,04,Mauricie et Centre-du-Québec,SANTÉ QUÉBEC MAURICIE-ET-CENTRE-DU-QUÉBEC - UNIVERSITAIRE,HÔPITAL SAINTE-CROIX,51228781,14957,2322,895,7.9831186438,11150,3.1670122073,8763,649,205,5.1898954886,5155,4.0694554909,6194,738,23,11.934848464,5995,2.3910163562,1673,690
367,2023-2024,5,04,Mauricie et Centre-du-Québec,SANTÉ QUÉBEC MAURICIE-ET-CENTRE-DU-QUÉBEC - UNIVERSITAIRE,HÔTEL-DIEU D'ARTHABASKA,51228039,14228,2502,723,5.717525107,11760,2.1750793651,8638,813,173,3.7552740153,6262,2.7270436318,5590,258,3,8.7497120354,5498,1.5464143527,1689,550
368,2023-2024,5,04,Mauricie et Centre-du-Québec,SANTÉ QUÉBEC MAURICIE-ET-CENTRE-DU-QUÉBEC - UNIVERSITAIRE,PAVILLON SAINTE-MARIE,51220168,21925,4946,1255,9.9267175345,16834,3.2116964015,11780,1169,338,5.1468093284,6807,4.6457402919,10145,2216,144,15.47697073,10027,2.2381712432,3777,917
369,2023-2024,5,05,Estrie,SANTÉ QUÉBEC ESTRIE - CENTRE HOSPITALIER UNIVERSITAIRE DE SHERBROOKE,CENTRE MULTISERVICES DE SANTÉ ET DE SERVICES SOCIAUX DE LA MRC DE COATICOOK,51247617,7142,642,198,2.7635719064,5774,1.9475238618,5708,410,144,2.5668574321,4362,2.1254069234,1434,0,0,3.5465887959,1412,1.398001259,232,54
370,2023-2024,5,05,Estrie,SANTÉ QUÉBEC ESTRIE - CENTRE HOSPITALIER UNIVERSITAIRE DE SHERBROOKE,CENTRE MULTISERVICES DE SANTÉ ET DE SERVICES SOCIAUX DE MEMPHRÉMAGOG,51219046,9170,1784,301,6.1564105477,7773,2.8542256315,6866,891,149,4.1674478914,5503,3.1388260444,2304,317,65,12.083588325,2270,2.1642890357,893,152
371,2023-2024,5,05,Estrie,SANTÉ QUÉBEC ESTRIE - CENTRE HOSPITALIER UNIVERSITAIRE DE SHERBROOKE,CENTRE MULTISERVICES DE SANTÉ ET DE SERVICES SOCIAUX DES SOURCES,51247583,6543,845,213,5.202450456,5361,3.5384186719,5686,558,144,4.6174307265,4513,3.8202492183,857,48,2,9.0839232465,848,2.0385351153,287,69
372,2023-2024,5,05,Estrie,SANTÉ QUÉBEC ESTRIE - CENTRE HOSPITALIER UNIVERSITAIRE DE SHERBROOKE,CENTRE MULTISERVICES DE SANTÉ ET DE SERVICES SOCIAUX DU GRANIT,51223832,5725,896,158,5.7831829209,4775,3.2614970913,4691,539,100,4.5884293801,3749,3.5196204173,1034,84,3,11.203481625,1026,2.3183154646,357,58
373,2023-2024,5,05,Estrie,SANTÉ QUÉBEC ESTRIE - CENTRE HOSPITALIER UNIVERSITAIRE DE SHERBROOKE,CHUS - HÔPITAL FLEURIMONT,51216687,16898,2552,378,8.8905166292,14443,2.751921346,8764,520,147,6.1155750799,6314,4.7653521275,8134,1039,55,11.880384805,8129,1.1880387091,2032,231
374,2023-2024,5,05,Estrie,SANTÉ QUÉBEC ESTRIE - CENTRE HOSPITALIER UNIVERSITAIRE DE SHERBROOKE,CHUS - HÔTEL-DIEU DE SHERBROOKE,51216695,17668,3498,2172,11.009849257,14858,2.8286669359,8821,922,446,5.4673563088,6021,4.3258594918,8847,1989,499,16.536053653,8837,1.8085700275,2576,1726
375,2023-2024,5,05,Estrie,SANTÉ QUÉBEC ESTRIE - CENTRE HOSPITALIER UNIVERSITAIRE DE SHERBROOKE,HÔPITAL BROME-MISSISQUOI-PERKINS,51229185,10379,1676,327,9.7916483337,8279,3.9434544899,7297,624,120,5.5517499581,5235,4.5309336199,3082,894,314,19.830109867,3044,2.9331216236,1052,207
376,2023-2024,5,05,Estrie,SANTÉ QUÉBEC ESTRIE - CENTRE HOSPITALIER UNIVERSITAIRE DE SHERBROOKE,HÔPITAL DE GRANBY,51228120,14032,2401,965,10.805207443,10962,4.5232864035,9475,943,335,6.8223438874,6441,5.6575635685,4557,1441,225,19.086452162,4521,2.9072989629,1458,630
377,2023-2024,5,06,Montréal,SANTÉ QUÉBEC - CENTRE HOSPITALIER DE L'UNIVERSITÉ DE MONTRÉAL,CENTRE HOSPITALIER DE L'UNIVERSITÉ DE MONTRÉAL,51236297,27061,3907,2122,12.310995323,20687,3.0291607585,15813,1074,649,7.2437609351,9521,4.9291415759,11248,3503,520,19.434766428,11166,1.4090893486,2833,1473
378,2023-2024,5,06,Montréal,SANTÉ QUÉBEC - CENTRE HOSPITALIER UNIVERSITAIRE SAINTE-JUSTINE,CHU SAINTE-JUSTINE,51222800,28774,0,648,5.0170163747,25140,1.938492376,18341,0,258,4.2563581442,15051,2.4495906695,10433,128,1,6.3542379416,10089,1.1760243004,0,390
379,2023-2024,5,06,Montréal,SANTÉ QUÉBEC - CENTRE UNIVERSITAIRE DE SANTÉ MCGILL,HÔPITAL DE LACHINE,51228310,7397,597,108,6.0550900891,6343,3.5576135985,6531,421,71,4.9218426224,5486,3.668013023,866,146,32,14.601555684,857,2.8509026967,176,37
380,2023-2024,5,06,Montréal,SANTÉ QUÉBEC - CENTRE UNIVERSITAIRE DE SANTÉ MCGILL,HÔPITAL GÉNÉRAL DE MONTRÉAL,51248219,12129,1786,1591,16.791014007,10367,1.8735399183,5119,392,335,6.0880086171,3423,2.7874194177,7010,2140,1031,24.606803535,6944,1.4230489151,1394,1256
381,2023-2024,5,06,Montréal,SANTÉ QUÉBEC - CENTRE UNIVERSITAIRE DE SANTÉ MCGILL,HÔPITAL ROYAL VICTORIA,51223295,17563,2911,450,16.794939946,13240,4.343547709,10511,813,172,8.5161860326,6364,5.6674420787,7052,2831,1326,29.134415611,6876,3.1182330247,2098,278
382,2023-2024,5,06,Montréal,SANTÉ QUÉBEC - CENTRE UNIVERSITAIRE DE SANTÉ MCGILL,L'HÔPITAL DE MONTRÉAL POUR ENFANTS,51223279,25347,4,819,5.8133788022,23714,1.4958591034,19523,0,257,4.6393816126,17904,1.6909470882,5824,361,23,9.7488092853,5810,0.894679193,4,562
383,2023-2024,5,06,Montréal,SANTÉ QUÉBEC - INSTITUT DE CARDIOLOGIE DE MONTRÉAL,INSTITUT DE CARDIOLOGIE DE MONTRÉAL,51248201,7291,2074,183,8.6258531066,7071,1.4619626723,4566,924,149,3.9201141894,4349,1.7014752434,2725,575,42,16.510771967,2722,1.0792881052,1150,34
384,2023-2024,5,06,Montréal,SANTÉ QUÉBEC CENTRE-OUEST-DE-L'ÎLE-DE-MONTRÉAL - UNIVERSITAIRE,HÔPITAL GÉNÉRAL JUIF,51248250,33658,6510,1866,10.698627642,28821,2.526205053,12009,811,201,4.1080525254,7839,3.0835076399,21649,3251,801,14.354510896,20982,2.3179934918,5699,1665
385,2023-2024,5,06,Montréal,SANTÉ QUÉBEC CENTRE-SUD-DE-L'ÎLE-DE-MONTRÉAL - UNIVERSITAIRE,HÔPITAL DE VERDUN,51218097,16015,2840,1008,8.9543968328,13974,2.133981561,10560,907,372,4.2439614899,8530,2.6889308975,5455,1641,103,18.07303977,5444,1.2644522002,1933,636
386,2023-2024,5,06,Montréal,SANTÉ QUÉBEC CENTRE-SUD-DE-L'ÎLE-DE-MONTRÉAL - UNIVERSITAIRE,HÔPITAL NOTRE-DAME,51236313,14090,1938,2185,12.893809538,11843,2.2440446537,8096,414,778,5.4693018843,5872,3.170925106,5994,2150,551,22.921973362,5971,1.3325320066,1524,1407
387,2023-2024,5,06,Montréal,SANTÉ QUÉBEC EST-DE-L'ÎLE-DE-MONTRÉAL - UNIVERSITAIRE,HÔPITAL MAISONNEUVE-ROSEMONT,12934659,24384,4361,1619,10.788078396,18850,3.1050388005,14505,1142,388,5.3006112069,9031,4.3380728109,9879,2878,568,18.84514,9819,1.9709589402,3219,1231
388,2023-2024,5,06,Montréal,SANTÉ QUÉBEC EST-DE-L'ÎLE-DE-MONTRÉAL - UNIVERSITAIRE,HÔPITAL SANTA CABRINI,51235919,12986,3224,453,14.106100587,10086,3.1178027299,7752,871,181,6.5740400327,4875,4.4630435897,5234,1913,848,25.26172409,5211,1.8593016376,2353,272
389,2023-2024,5,06,Montréal,SANTÉ QUÉBEC EST-DE-L'ÎLE-DE-MONTRÉAL - UNIVERSITAIRE,INSTITUT UNIVERSITAIRE EN SANTÉ MENTALE DE MONTRÉAL,51235307,1896,84,1892,13.75603903,1854,1.6673723481,870,34,866,3.4576772031,828,1.5583534622,1026,375,94,22.488568064,1026,1.7553525016,50,1026
390,2023-2024,5,06,Montréal,SANTÉ QUÉBEC NORD-DE-L'ÎLE-DE-MONTRÉAL - UNIVERSITAIRE,HÔPITAL DU SACRÉ-COEUR-DE-MONTRÉAL,12475976,24275,4702,1175,12.35392411,19076,3.0660485689,16537,1524,488,6.6222255985,11350,4.2574769457,7738,3306,1206,24.603226035,7726,1.315762253,3178,687
391,2023-2024,5,06,Montréal,SANTÉ QUÉBEC NORD-DE-L'ÎLE-DE-MONTRÉAL - UNIVERSITAIRE,HÔPITAL EN SANTÉ MENTALE ALBERT-PRÉVOST,51848752,1249,43,1244,22.380921404,1235,0.374351327,546,16,541,4.0112103175,532,0.4919674185,703,404,183,36.648150782,703,0.2853445551,27,703
392,2023-2024,5,06,Montréal,SANTÉ QUÉBEC NORD-DE-L'ÎLE-DE-MONTRÉAL - UNIVERSITAIRE,HÔPITAL FLEURY,51228492,11383,1838,347,9.478990112,8277,4.0484127703,8232,721,159,6.1044501134,5140,5.1775172936,3151,908,40,18.294989245,3137,2.1983658308,1117,188
393,2023-2024,5,06,Montréal,SANTÉ QUÉBEC NORD-DE-L'ÎLE-DE-MONTRÉAL - UNIVERSITAIRE,HÔPITAL JEAN-TALON,51228500,15769,1939,1312,7.3946888586,11791,2.9537296573,11810,692,497,4.7992726268,7848,3.6806192661,3959,788,14,15.137014117,3943,1.5069557162,1247,815
394,2023-2024,5,06,Montréal,SANTÉ QUÉBEC OUEST-DE-L'ÎLE-DE-MONTRÉAL - UNIVERSITAIRE,CENTRE HOSPITALIER DE ST. MARY,51248243,12304,2451,934,11.053392777,11273,2.299579132,8047,855,321,5.3237157395,7027,2.754374832,4257,1454,351,21.884191723,4246,1.5469061731,1596,613
395,2023-2024,5,06,Montréal,SANTÉ QUÉBEC OUEST-DE-L'ÎLE-DE-MONTRÉAL - UNIVERSITAIRE,HÔPITAL DE LASALLE,51224392,9871,1572,329,10.494862757,7740,3.5344078381,7498,671,109,6.3076774177,5383,4.2309046484,2373,783,308,23.725168563,2357,1.9437237779,901,220
396,2023-2024,5,06,Montréal,SANTÉ QUÉBEC OUEST-DE-L'ÎLE-DE-MONTRÉAL - UNIVERSITAIRE,HÔPITAL DOUGLAS,51235190,2003,45,1925,15.456938204,1842,2.0143367716,1105,22,1037,3.6622724987,945,2.0229056437,898,443,159,29.970418832,897,2.0053093645,23,888
397,2023-2024,5,06,Montréal,SANTÉ QUÉBEC OUEST-DE-L'ÎLE-DE-MONTRÉAL - UNIVERSITAIRE,HÔPITAL GÉNÉRAL DU LAKESHORE,51228278,14355,3293,1138,14.756871686,11946,2.5099301021,8881,949,125,6.975307304,6485,3.228934507,5474,2226,947,27.381656721,5461,1.6561041425,2344,1013
398,2023-2024,5,07,Outaouais,SANTÉ QUÉBEC OUTAOUAIS,CENTRE MULTISERVICES DE SANTÉ ET DE SERVICES SOCIAUX DE MANSFIELD-ET-PONTEFRACT,51245058,3469,377,93,4.2314957881,3221,1.7729656076,3324,355,90,4.1379924622,3076,1.7839172446,145,1,0,6.3749789272,145,1.5406398467,22,3
399,2023-2024,5,07,Outaouais,SANTÉ QUÉBEC OUTAOUAIS,CLSC ET CENTRE D'HÉBERGEMENT DE LA PETITE-NATION,51219491,3941,529,139,2.8012255773,3292,1.3068647901,3603,430,124,2.6202555741,2954,1.3840305048,338,2,0,4.7303229783,338,0.6324638396,99,15
400,2023-2024,5,07,Outaouais,SANTÉ QUÉBEC OUTAOUAIS,HÔPITAL DE GATINEAU,51221703,14477,1905,1615,12.556508984,8982,4.9156029033,9386,729,468,6.1023846983,4052,5.5726331304,5091,1763,774,24.455627142,4930,4.3755853617,1176,1147
401,2023-2024,5,07,Outaouais,SANTÉ QUÉBEC OUTAOUAIS,HÔPITAL DE HULL,51221711,12750,2324,397,14.132092353,8259,4.1658677739,8470,843,244,6.6425950741,4078,4.8846150074,4280,1568,834,28.953597482,4181,3.4648270616,1481,153
402,2023-2024,5,07,Outaouais,SANTÉ QUÉBEC OUTAOUAIS,HÔPITAL DE MANIWAKI,51221893,5008,622,259,7.368254515,4339,2.4468054595,3554,300,129,3.5338055712,2924,2.5562946496,1454,277,130,16.740765895,1415,2.2205535925,322,130
403,2023-2024,5,07,Outaouais,SANTÉ QUÉBEC OUTAOUAIS,HÔPITAL ET CHSLD DE PAPINEAU,51228823,8285,997,410,9.694988567,6162,3.5690458545,6189,448,161,4.2598708282,4098,3.8181326935,2096,694,356,25.743625822,2064,3.0744926249,549,249
404,2023-2024,5,07,Outaouais,SANTÉ QUÉBEC OUTAOUAIS,HÔPITAL ET CHSLD DU PONTIAC,51219459,4195,522,120,5.7723226725,3828,2.0913814873,3447,372,76,4.3893125262,3083,2.1290768371,748,106,26,12.145632799,745,1.935388516,150,44
405,2023-2024,5,07,Outaouais,SANTÉ QUÉBEC OUTAOUAIS,HÔPITAL ET CHSLD MÉMORIAL DE WAKEFIELD / WAKEFIELD MEMORIAL HOSPITAL,51228799,6176,529,144,5.3342485697,5048,2.7169498921,5431,356,108,3.9167138239,4309,2.8382025347,745,141,44,15.66798173,739,2.0099436175,173,36
406,2023-2024,5,08,Abitibi-Témiscamingue,SANTÉ QUÉBEC ABITIBI-TÉMISCAMINGUE,CENTRE MULTISERVICES DE SANTÉ ET DE SERVICES SOCIAUX DE LA SARRE,51247559,6539,846,314,5.7074981309,5956,2.1551412674,5376,528,231,4.2733085834,4808,2.2625857367,1163,124,50,12.337079392,1148,1.7051473577,318,83
407,2023-2024,5,08,Abitibi-Témiscamingue,SANTÉ QUÉBEC ABITIBI-TÉMISCAMINGUE,CENTRE MULTISERVICES DE SANTÉ ET DE SERVICES SOCIAUX DE TÉMISCAMING-KIPAWA,51247476,1985,177,100,2.8001766023,1881,0.9073165869,1823,143,74,2.1539394771,1720,0.9385266473,162,13,0,10.07233882,161,0.5738923395,34,26
408,2023-2024,5,08,Abitibi-Témiscamingue,SANTÉ QUÉBEC ABITIBI-TÉMISCAMINGUE,CENTRE MULTISERVICES DE SANTÉ ET DE SERVICES SOCIAUX DE VILLE-MARIE,51247542,4108,594,198,4.7972867981,3595,2.6088097667,3544,427,149,4.0524371395,3037,2.6584154685,564,14,1,9.4776896178,558,2.338823178,167,49
409,2023-2024,5,08,Abitibi-Témiscamingue,SANTÉ QUÉBEC ABITIBI-TÉMISCAMINGUE,HÔPITAL D'AMOS,51228906,8595,894,351,4.3937083253,7610,1.6345347131,6488,377,258,2.8750093335,5528,1.84119759,2107,127,12,9.0701767916,2082,1.0858159889,517,93
410,2023-2024,5,08,Abitibi-Témiscamingue,SANTÉ QUÉBEC ABITIBI-TÉMISCAMINGUE,HÔPITAL DE ROUYN-NORANDA,51228922,9636,1253,522,6.7971877739,7572,3.6974238055,7614,628,321,5.8072932901,5579,4.2378961781,2022,157,2,10.524713293,1993,2.1844808218,625,201
411,2023-2024,5,08,Abitibi-Témiscamingue,SANTÉ QUÉBEC ABITIBI-TÉMISCAMINGUE,HÔPITAL DE VAL-D'OR,51225589,10024,1108,686,8.1807552984,8109,3.7883537839,8110,645,485,6.4012286957,6199,4.3402532667,1914,418,63,15.720964675,1910,1.997136562,463,201
412,2023-2024,5,09,Côte-Nord,SANTÉ QUÉBEC CÔTE-NORD,CENTRE MULTISERVICES DE SANTÉ ET DE SERVICES SOCIAUX DE FERMONT,51245108,1977,8,134,5.2922071882,1553,1.8942228304,1883,7,130,5.2944872249,1459,1.9511754626,94,0,0,5.2465336879,94,1.0102452719,1,4
413,2023-2024,5,09,Côte-Nord,SANTÉ QUÉBEC CÔTE-NORD,CENTRE MULTISERVICES DE SANTÉ ET DE SERVICES SOCIAUX DE FORESTVILLE,51218741,4105,512,209,2.8783640547,3461,1.5520200488,3693,407,180,2.4134310407,3088,1.6195653425,412,20,2,7.0458340076,373,0.9928246947,105,29
414,2023-2024,5,09,Côte-Nord,SANTÉ QUÉBEC CÔTE-NORD,CENTRE MULTISERVICES DE SANTÉ ET DE SERVICES SOCIAUX DE LA BASSE-CÔTE-NORD,51245140,1138,182,45,3.000007811,1102,1.0352394636,924,128,39,2.7462376744,890,1.0605895755,214,0,0,4.0957255971,212,0.9288168239,54,6
415,2023-2024,5,09,Côte-Nord,SANTÉ QUÉBEC CÔTE-NORD,CENTRE MULTISERVICES DE SANTÉ ET DE SERVICES SOCIAUX DE LA MINGANIE,51245116,5357,562,133,2.8541217618,2706,2.2238147738,3801,373,54,1.4979406004,1202,2.3207360418,1556,41,0,6.1670038917,1504,2.1463550901,189,79
416,2023-2024,5,09,Côte-Nord,SANTÉ QUÉBEC CÔTE-NORD,CENTRE MULTISERVICES DE SANTÉ ET DE SERVICES SOCIAUX DE PORT-CARTIER,51245132,4899,448,272,5.0444037332,4247,2.5315474322,4451,337,252,4.0265930253,3802,2.6660068531,448,83,19,15.156625744,445,1.3827503121,111,20
417,2023-2024,5,09,Côte-Nord,SANTÉ QUÉBEC CÔTE-NORD,CENTRE MULTISERVICES DE SANTÉ ET DE SERVICES SOCIAUX DES ESCOUMINS,51218733,3362,505,122,3.6304668187,3007,1.4853416103,2992,364,99,2.896884284,2641,1.5278306828,370,21,5,9.5625720721,366,1.1787469642,141,23
418,2023-2024,5,09,Côte-Nord,SANTÉ QUÉBEC CÔTE-NORD,CLSC ET HÔPITAL LE ROYER,51228765,8249,1263,522,8.6191709096,7229,3.2821521342,6086,578,275,5.0827330485,5072,3.7459450031,2163,580,196,18.569592002,2157,2.1915830887,685,247
419,2023-2024,5,09,Côte-Nord,SANTÉ QUÉBEC CÔTE-NORD,HÔPITAL ET CLSC DE SEPT-ÎLES,51232023,7807,873,540,9.3067629478,6174,3.6421992315,5222,352,248,5.0060889825,3659,4.1074086727,2585,574,207,17.994623469,2515,2.9653796112,521,292
420,2023-2024,5,11,Gaspésie-Îles-de-la-Madeleine,SANTÉ QUÉBEC DES ÎLES,HÔPITAL DE L'ARCHIPEL,51227783,6517,881,183,4.2317594582,5824,1.6224240213,5294,566,112,3.1153713323,4615,1.7193203924,1223,61,0,9.0642686472,1209,1.2525507766,315,71
421,2023-2024,5,11,Gaspésie-Îles-de-la-Madeleine,SANTÉ QUÉBEC GASPÉSIE,CENTRE MULTISERVICES DE SANTÉ ET DE SERVICES SOCIAUX DE GRANDE-VALLÉE,51247732,2479,417,65,1.9618019139,1920,0.9895173611,2284,349,54,1.5711927175,1735,1.0093599103,195,11,1,6.5369373219,185,0.8034264264,68,11
422,2023-2024,5,11,Gaspésie-Îles-de-la-Madeleine,SANTÉ QUÉBEC GASPÉSIE,CLSC ET CENTRE DE SERVICES AMBULATOIRES DE MURDOCHVILLE,51221307,834,107,55,3.0255748734,818,1.587943154,824,104,53,3.0062971953,809,1.6020083093,10,0,0,4.6140555556,9,0.3236419753,3,2
423,2023-2024,5,11,Gaspésie-Îles-de-la-Madeleine,SANTÉ QUÉBEC GASPÉSIE,CLSC ET CENTRE DE SERVICES AMBULATOIRES DE PASPÉBIAC,51220978,5031,875,181,4.60879337,4677,2.023338738,3828,534,146,3.7093046122,3508,2.1359689757,1203,60,11,7.4710069733,1169,1.6853516776,341,35
424,2023-2024,5,11,Gaspésie-Îles-de-la-Madeleine,SANTÉ QUÉBEC GASPÉSIE,HÔPITAL DE CHANDLER,51227775,6124,1040,246,5.9109870092,5396,2.0622650523,5163,687,174,3.7950748381,4440,2.2272454955,961,246,49,17.278785698,956,1.2960378894,353,72
425,2023-2024,5,11,Gaspésie-Îles-de-la-Madeleine,SANTÉ QUÉBEC GASPÉSIE,HÔPITAL DE GASPÉ,51220903,5197,890,197,5.3183185278,4504,1.5839719015,4118,526,117,3.4973188846,3437,1.7999416481,1079,122,14,12.268157759,1067,0.888294283,364,80
426,2023-2024,5,11,Gaspésie-Îles-de-la-Madeleine,SANTÉ QUÉBEC GASPÉSIE,HÔPITAL ET CLSC DE SAINTE-ANNE-DES-MONTS,51247799,5116,814,238,5.2357617713,4585,1.9957810493,4039,461,176,3.1520147314,3518,2.1203463142,1077,169,41,13.050296864,1067,1.5850775799,353,62
427,2023-2024,5,11,Gaspésie-Îles-de-la-Madeleine,SANTÉ QUÉBEC GASPÉSIE,HÔPITAL ET GROUPE DE MÉDECINE DE FAMILLE UNIVERSITAIRE DE MARIA,51227908,6508,1187,328,7.8974004644,5979,2.1260152664,4834,576,172,4.0200872293,4309,2.3926879786,1674,501,151,19.093895194,1670,1.4379357951,611,156
428,2023-2024,5,12,Chaudière-Appalaches,SANTÉ QUÉBEC CHAUDIÈRE-APPALACHES,CHSLD ET HÔPITAL PAUL-GILBERT,51245199,16223,1279,218,2.4621246413,12644,1.9219377439,15578,1209,210,2.4168631332,11999,1.9853327361,645,0,0,3.5552777778,645,0.7425943152,70,8
429,2023-2024,5,12,Chaudière-Appalaches,SANTÉ QUÉBEC CHAUDIÈRE-APPALACHES,HÔPITAL DE MONTMAGNY,51245223,12240,2012,357,4.1116646923,11241,1.4161024622,9612,1096,194,2.5298971771,8613,1.6443111834,2628,137,5,9.897033549,2628,0.6681718248,916,163
430,2023-2024,5,12,Chaudière-Appalaches,SANTÉ QUÉBEC CHAUDIÈRE-APPALACHES,HÔPITAL DE SAINT-GEORGES,51228971,16489,3159,871,6.3954817521,13624,2.2847919521,11889,1335,424,3.7732266521,9042,2.8214416058,4600,711,35,13.172871075,4582,1.2257814394,1824,447
431,2023-2024,5,12,Chaudière-Appalaches,SANTÉ QUÉBEC CHAUDIÈRE-APPALACHES,HÔPITAL DE THETFORD,51245231,14128,2250,438,5.4871007534,13136,1.5280706963,11191,1266,230,3.8783990359,10201,1.7252392195,2937,312,5,11.616818466,2935,0.8427841189,984,208
432,2023-2024,5,12,Chaudière-Appalaches,SANTÉ QUÉBEC CHAUDIÈRE-APPALACHES,HÔTEL-DIEU DE LÉVIS,51227569,28157,5442,1906,7.5864832507,25490,1.4737366832,19357,2135,915,3.5120676413,16692,1.8990685658,8800,2114,378,16.548808586,8798,0.666776035,3307,991
433,2023-2024,5,13,Laval,SANTÉ QUÉBEC LAVAL,HÔPITAL DE LA CITÉ-DE-LA-SANTÉ,51228757,34327,6702,2163,9.1101498496,26711,2.7297238029,22079,2156,503,5.0999458133,14489,3.4664327152,12248,2403,238,16.339190911,12222,1.8563662976,4546,1660
434,2023-2024,5,14,Lanaudière,SANTÉ QUÉBEC LANAUDIÈRE,HÔPITAL DE LANAUDIÈRE ET CENTRE D'HÉBERGEMENT PARPHILIA-FERLAND,51244945,26497,4707,1799,9.7136112264,21353,2.6976452047,17088,1463,1255,5.8153116222,11998,3.6635644598,9409,2398,420,16.793443689,9355,1.458831819,3244,544
435,2023-2024,5,14,Lanaudière,SANTÉ QUÉBEC LANAUDIÈRE,HÔPITAL PIERRE-LE GARDEUR,51228062,27623,5082,1565,10.796633663,17445,5.7421940703,18457,1793,532,6.693096341,8333,7.3421255517,9166,2939,184,19.059669703,9112,4.279043386,3289,1033
436,2023-2024,5,15,Laurentides,SANTÉ QUÉBEC LAURENTIDES,CENTRE MULTISERVICES DE SANTÉ ET DE SERVICES SOCIAUX D'ARGENTEUIL,51245306,7288,966,220,8.6661850531,5876,3.5321205847,6050,577,141,5.6495498623,4646,3.9934600254,1238,445,164,23.40822294,1230,1.7895327462,389,79
437,2023-2024,5,15,Laurentides,SANTÉ QUÉBEC LAURENTIDES,CENTRE MULTISERVICES DE SANTÉ ET DE SERVICES SOCIAUX DE RIVIÈRE-ROUGE,51217628,5479,657,321,6.5255952526,4777,2.990110832,4253,381,183,4.2897877968,3586,3.1595588554,1226,210,52,14.281622258,1191,2.4799172031,276,138
438,2023-2024,5,15,Laurentides,SANTÉ QUÉBEC LAURENTIDES,CENTRE MULTISERVICES DE SANTÉ ET DE SERVICES SOCIAUX DE SAINTE-AGATHE,51246874,11661,2254,694,10.874965364,9447,3.8465007704,7477,873,186,6.2952877714,5314,4.8635426337,4184,1230,178,19.05905938,4133,2.5388403635,1381,508
439,2023-2024,5,15,Laurentides,SANTÉ QUÉBEC LAURENTIDES,HÔPITAL DE MONT-LAURIER,51217610,6864,1013,374,10.404253229,5430,4.0244109883,5107,523,185,6.9741589431,3698,4.4386743585,1757,497,152,20.374367925,1732,3.1399156402,490,189
440,2023-2024,5,15,Laurentides,SANTÉ QUÉBEC LAURENTIDES,HÔPITAL DE SAINT-EUSTACHE,51228864,18722,3838,1152,12.258702729,13269,3.9271255474,11286,1081,278,7.4284671028,5882,5.9325641789,7436,2348,433,19.589799997,7387,2.3302675496,2757,874
441,2023-2024,5,15,Laurentides,SANTÉ QUÉBEC LAURENTIDES,HÔPITAL DE SAINT-JÉRÔME,51228880,21316,3833,2104,13.687447835,15218,4.4632753245,12215,1262,513,6.658030086,6188,6.2535950406,9101,3095,1147,23.122052583,9030,3.2364205734,2571,1591
442,2023-2024,5,16,Montérégie,SANTÉ QUÉBEC MONTÉRÉGIE-CENTRE,HÔPITAL CHARLES-LE MOYNE,51233799,28196,5156,2149,9.321787724,15828,5.0535378233,19548,2027,848,5.75070145,7190,6.0177187065,8648,2189,112,17.393896244,8638,4.2509839276,3129,1301
443,2023-2024,5,16,Montérégie,SANTÉ QUÉBEC MONTÉRÉGIE-CENTRE,HÔPITAL DU HAUT-RICHELIEU,51229045,22864,3786,1294,9.7621349186,18170,3.0910455268,15577,1279,390,5.3270940775,10961,3.852854185,7287,2059,833,19.242666163,7209,1.9327455264,2507,904
444,2023-2024,5,16,Montérégie,SANTÉ QUÉBEC MONTÉRÉGIE-EST,HÔPITAL HONORÉ-MERCIER,51229193,17001,3326,896,9.4753923789,13239,4.0119989551,10037,1201,411,6.1305396422,6359,5.3976854764,6964,1398,249,14.296226227,6880,2.7312459625,2125,485
445,2023-2024,5,16,Montérégie,SANTÉ QUÉBEC MONTÉRÉGIE-EST,HÔPITAL PIERRE-BOUCHER,51229011,22083,4711,1293,12.242810835,15838,4.8730088325,10868,1549,412,6.3112652333,4755,6.4371687697,11215,2830,890,17.990830237,11083,4.2019287547,3162,881
446,2023-2024,5,16,Montérégie,SANTÉ QUÉBEC MONTÉRÉGIE-EST,HÔTEL-DIEU DE SOREL,51229102,13624,2224,685,7.4180058067,11851,2.1880932458,9289,920,237,3.7989376622,7546,2.4552187325,4335,982,105,15.172913303,4305,1.7198635308,1304,448
447,2023-2024,5,16,Montérégie,SANTÉ QUÉBEC MONTÉRÉGIE-OUEST,HÔPITAL ANNA-LABERGE,51229151,14111,2985,872,17.538532981,10887,2.6270095323,8746,917,195,10.262941789,5522,4.1390035816,5365,2528,1084,29.39917055,5365,1.0707688723,2068,677
448,2023-2024,5,16,Montérégie,SANTÉ QUÉBEC MONTÉRÉGIE-OUEST,HÔPITAL BARRIE MEMORIAL / BARRIE MEMORIAL HOSPITAL,51228005,8287,956,141,6.1304792982,6858,3.1795360649,6963,604,110,4.2716327972,5549,3.1170133257,1324,300,58,15.90627098,1309,3.4445770733,352,31
449,2023-2024,5,16,Montérégie,SANTÉ QUÉBEC MONTÉRÉGIE-OUEST,HÔPITAL DU SUROÎT,51229136,14670,3041,1104,12.969173692,11824,2.3470347034,9581,1015,617,4.6742109093,6750,3.1540375309,5089,1890,975,28.586001834,5074,1.2734696492,2026,487
450,2024-2025,5,01,Bas-Saint-Laurent,SANTÉ QUÉBEC BAS-SAINT-LAURENT,CENTRE HOSPITALIER RÉGIONAL DU GRAND-PORTAGE,51218352,9145,1828,448,5.103231365,7491,2.3699271719,6659,797,263,3.4618264754,5019,2.695235494,2486,54,0,9.4998987664,2472,1.7094407362,1031,185
451,2024-2025,5,01,Bas-Saint-Laurent,SANTÉ QUÉBEC BAS-SAINT-LAURENT,CENTRE MULTISERVICES DE SANTÉ ET DE SERVICES SOCIAUX DE TROIS-PISTOLES,51236156,5193,725,134,2.9742099942,4739,1.463992931,4548,495,100,2.4537876234,4106,1.5459376522,645,4,1,6.643792851,633,0.9324526066,230,34
452,2024-2025,5,01,Bas-Saint-Laurent,SANTÉ QUÉBEC BAS-SAINT-LAURENT,CLSC DE POHÉNÉGAMOOK,51219418,5524,656,177,1.8193414092,5122,1.0671374029,5229,575,168,1.5519640467,4829,1.0728041232,295,5,0,6.5587184557,293,0.9737428896,81,9
453,2024-2025,5,01,Bas-Saint-Laurent,SANTÉ QUÉBEC BAS-SAINT-LAURENT,HÔPITAL D'AMQUI,51226892,6452,994,202,4.6761082266,5606,1.8057128771,4497,448,131,3.5389834581,3730,2.1350296396,1955,99,10,7.2917860188,1876,1.1509412758,546,71
454,2024-2025,5,01,Bas-Saint-Laurent,SANTÉ QUÉBEC BAS-SAINT-LAURENT,HÔPITAL DE MATANE,51218980,7266,1352,279,5.7204457213,6467,2.7193952631,5272,636,162,4.4865078612,4518,3.0738318946,1994,159,14,8.9828932631,1949,1.8977715068,716,117
455,2024-2025,5,01,Bas-Saint-Laurent,SANTÉ QUÉBEC BAS-SAINT-LAURENT,HÔPITAL DE NOTRE-DAME-DU-LAC,51221877,5881,1043,158,3.5637465284,5248,1.6018229696,4722,598,86,2.5484888112,4093,1.7987363928,1159,26,0,7.7001114466,1155,0.904016354,445,72
456,2024-2025,5,01,Bas-Saint-Laurent,SANTÉ QUÉBEC BAS-SAINT-LAURENT,HÔPITAL NOTRE-DAME-DE-FATIMA,51221141,7398,1246,192,4.1490792181,6702,1.9636512318,5892,682,98,3.1883110809,5221,2.1402994318,1506,19,0,7.9079410137,1481,1.3409096706,564,94
457,2024-2025,5,01,Bas-Saint-Laurent,SANTÉ QUÉBEC BAS-SAINT-LAURENT,HÔPITAL RÉGIONAL DE RIMOUSKI,51227882,13079,2460,766,6.5180527521,10292,2.6383215658,9303,1112,447,4.4834447072,6551,3.1971440323,3776,416,46,11.530753663,3741,1.6597473937,1348,319
458,2024-2025,5,02,Saguenay-Lac-Saint-Jean,SANTÉ QUÉBEC SAGUENAY - LAC-SAINT-JEAN - UNIVERSITAIRE,HÔPITAL D'ALMA,51219400,15391,2484,562,5.0011646417,12136,3.1623891727,12020,1424,267,4.1024402847,8845,3.4627201495,3371,43,0,8.2057528264,3291,2.3552097471,1060,295
459,2024-2025,5,02,Saguenay-Lac-Saint-Jean,SANTÉ QUÉBEC SAGUENAY - LAC-SAINT-JEAN - UNIVERSITAIRE,HÔPITAL DE CHICOUTIMI,51218394,21966,3732,1319,7.9124800829,19084,2.9207078646,12501,1188,336,4.4660950457,9708,3.8887498283,9465,1246,90,12.464329988,9376,1.9183879645,2544,983
460,2024-2025,5,02,Saguenay-Lac-Saint-Jean,SANTÉ QUÉBEC SAGUENAY - LAC-SAINT-JEAN - UNIVERSITAIRE,HÔPITAL DE DOLBEAU-MISTASSINI,51219384,9265,1581,319,4.6217447383,8239,2.2249408639,7806,1042,192,3.4219046602,6787,2.4075400684,1459,138,25,11.041176986,1452,1.3714279155,539,127
461,2024-2025,5,02,Saguenay-Lac-Saint-Jean,SANTÉ QUÉBEC SAGUENAY - LAC-SAINT-JEAN - UNIVERSITAIRE,HÔPITAL DE LA BAIE,51221364,7878,1076,252,5.5902874743,7171,2.8594004788,5973,460,142,4.2636145525,5278,3.1696938024,1905,63,2,9.7499816273,1893,1.9942508951,616,110
462,2024-2025,5,02,Saguenay-Lac-Saint-Jean,SANTÉ QUÉBEC SAGUENAY - LAC-SAINT-JEAN - UNIVERSITAIRE,HÔPITAL ET CENTRE D'HÉBERGEMENT DE ROBERVAL,51228203,10445,1547,559,5.6087367959,9332,2.4638153367,7289,690,178,3.6635292526,6246,2.7042822518,3156,248,8,10.101327982,3086,1.9771152877,857,381
463,2024-2025,5,02,Saguenay-Lac-Saint-Jean,SANTÉ QUÉBEC SAGUENAY - LAC-SAINT-JEAN - UNIVERSITAIRE,HÔPITAL ET CENTRE DE RÉADAPTATION DE JONQUIÈRE,51224541,11206,2106,582,7.287020371,8768,3.7786768172,7089,757,239,4.6722762574,4793,4.1380041496,4117,350,8,11.789308693,3975,3.3454048917,1349,343
464,2024-2025,5,03,Capitale-Nationale,SANTÉ QUÉBEC - CENTRE HOSPITALIER UNIVERSITAIRE DE QUÉBEC - UNIVERSITÉ LAVAL,CENTRE HOSPITALIER DE L'UNIVERSITÉ LAVAL,51217594,30187,2833,2920,8.1125027146,24516,2.4132668461,17045,561,952,5.0251416186,11446,3.5515592541,13142,1477,285,12.116769179,13070,1.4164118422,2272,1968
465,2024-2025,5,03,Capitale-Nationale,SANTÉ QUÉBEC - CENTRE HOSPITALIER UNIVERSITAIRE DE QUÉBEC - UNIVERSITÉ LAVAL,HÔPITAL DE L'ENFANT-JÉSUS,51233914,26668,4615,3262,9.7591087112,23858,1.7747567785,14910,1517,865,4.1689811089,12186,2.2794930886,11758,2760,490,16.847797481,11672,1.2477933897,3098,2397
466,2024-2025,5,03,Capitale-Nationale,SANTÉ QUÉBEC - CENTRE HOSPITALIER UNIVERSITAIRE DE QUÉBEC - UNIVERSITÉ LAVAL,HÔPITAL DU SAINT-SACREMENT,51217529,15160,3569,468,7.3436432681,12464,2.1030215911,10658,1458,159,3.7395279498,7974,2.5285375387,4502,1077,107,15.875998013,4490,1.3473280129,2111,309
467,2024-2025,5,03,Capitale-Nationale,SANTÉ QUÉBEC - CENTRE HOSPITALIER UNIVERSITAIRE DE QUÉBEC - UNIVERSITÉ LAVAL,HÔPITAL SAINT-FRANÇOIS D'ASSISE,51217602,16834,4474,530,10.786560103,13725,2.484404068,9724,1284,251,5.0751982495,6644,3.5568775503,7110,2146,256,18.59771097,7081,1.4781176937,3190,279
468,2024-2025,5,03,Capitale-Nationale,SANTÉ QUÉBEC - CENTRE HOSPITALIER UNIVERSITAIRE DE QUÉBEC - UNIVERSITÉ LAVAL,L'HÔTEL-DIEU DE QUÉBEC,51217586,9422,2066,454,7.0250571947,8323,1.8860979281,5085,475,176,3.5054129794,4048,2.1891894488,4337,307,9,11.151732508,4275,1.5991003899,1591,278
469,2024-2025,5,03,Capitale-Nationale,SANTÉ QUÉBEC - INSTITUT UNIVERSITAIRE DE CARDIOLOGIE ET DE PNEUMOLOGIE DE QUÉBEC - UNIVERSITÉ LAVAL,INSTITUT UNIVERSITAIRE DE CARDIOLOGIE ET DE PNEUMOLOGIE DE QUÉBEC,51232130,12241,4110,233,7.9178381623,11502,2.0238178384,6382,1448,123,4.085919165,5664,2.5680673258,5859,601,0,12.091811031,5838,1.4957895588,2662,110
470,2024-2025,5,03,Capitale-Nationale,SANTÉ QUÉBEC CAPITALE-NATIONALE - UNIVERSITAIRE,CENTRE MULTISERVICES DE SANTÉ ET DE SERVICES SOCIAUX CHAUVEAU,51225001,17416,1287,271,2.7976960681,12237,1.6263031062,15720,1095,229,2.6332443278,10576,1.718971781,1696,0,0,4.3219775288,1661,1.0362586126,192,42
471,2024-2025,5,03,Capitale-Nationale,SANTÉ QUÉBEC CAPITALE-NATIONALE - UNIVERSITAIRE,CENTRE MULTISERVICES DE SANTÉ ET DE SERVICES SOCIAUX DE BAIE-SAINT-PAUL,51244804,5509,953,161,5.3957695488,4251,2.307742884,4434,579,77,3.3802498998,3186,2.6013245449,1075,154,25,13.709085013,1065,1.4294788732,374,84
472,2024-2025,5,03,Capitale-Nationale,SANTÉ QUÉBEC CAPITALE-NATIONALE - UNIVERSITAIRE,CENTRE MULTISERVICES DE SANTÉ ET DE SERVICES SOCIAUX DE SAINT-MARC-DES-CARRIÈRES,51247344,7749,1015,152,2.8300826271,6361,1.5234799298,6392,607,88,2.2365323408,5035,1.7254042811,1357,20,1,5.6259362974,1326,0.7567460617,408,64
473,2024-2025,5,03,Capitale-Nationale,SANTÉ QUÉBEC CAPITALE-NATIONALE - UNIVERSITAIRE,CENTRE MULTISERVICES DE SANTÉ ET DE SERVICES SOCIAUX DE SAINT-RAYMOND,51247302,8506,1190,184,4.3737446443,6853,2.1150288195,6869,675,104,3.3752465991,5242,2.4164931218,1637,74,13,8.5635327157,1611,1.1341002828,515,80
474,2024-2025,5,03,Capitale-Nationale,SANTÉ QUÉBEC CAPITALE-NATIONALE - UNIVERSITAIRE,CENTRE MULTISERVICES DE SANTÉ ET DE SERVICES SOCIAUX DE SAINTE-ANNE-DE-BEAUPRÉ,51225357,6734,849,97,4.2907220407,4983,2.2059154458,5647,508,56,3.3740706471,3925,2.4414094126,1087,54,8,9.0527555453,1058,1.3322728943,341,41
475,2024-2025,5,03,Capitale-Nationale,SANTÉ QUÉBEC CAPITALE-NATIONALE - UNIVERSITAIRE,HÔPITAL ET CLSC DE LA MALBAIE,51228690,6321,1162,164,4.9799629542,5185,1.9869428372,5256,771,97,3.4121384027,4123,2.2511722856,1065,126,18,12.717508346,1062,0.961125497,391,67
476,2024-2025,5,04,Mauricie et Centre-du-Québec,SANTÉ QUÉBEC MAURICIE-ET-CENTRE-DU-QUÉBEC - UNIVERSITAIRE,CENTRE MULTISERVICES DE SANTÉ ET DE SERVICES SOCIAUX AVELLIN-DALCOURT,51233583,9168,1354,208,4.9564231566,7284,3.0133900787,7789,800,114,4.2141164177,5922,3.378713554,1379,53,5,9.1491912416,1362,1.4249571708,554,94
477,2024-2025,5,04,Mauricie et Centre-du-Québec,SANTÉ QUÉBEC MAURICIE-ET-CENTRE-DU-QUÉBEC - UNIVERSITAIRE,CENTRE MULTISERVICES DE SANTÉ ET DE SERVICES SOCIAUX CHRIST-ROI,51246338,9453,1079,262,4.9550477802,7737,3.2567828831,7642,513,151,4.1611214705,6005,3.5367621889,1811,70,9,8.305232683,1732,2.2860694124,566,111
478,2024-2025,5,04,Mauricie et Centre-du-Québec,SANTÉ QUÉBEC MAURICIE-ET-CENTRE-DU-QUÉBEC - UNIVERSITAIRE,CENTRE MULTISERVICES DE SANTÉ ET DE SERVICES SOCIAUX DE FORTIERVILLE,51219160,5779,647,94,2.7560518448,4599,2.0913867145,5330,580,88,2.6541294038,4151,2.1819518055,449,0,0,3.9659552091,448,1.2522445437,67,6
479,2024-2025,5,04,Mauricie et Centre-du-Québec,SANTÉ QUÉBEC MAURICIE-ET-CENTRE-DU-QUÉBEC - UNIVERSITAIRE,CENTRE MULTISERVICES DE SANTÉ ET DE SERVICES SOCIAUX DU HAUT-SAINT-MAURICE,51219731,5307,794,295,6.1460515985,4585,2.8589752211,3992,463,144,4.3151045146,3295,3.112289243,1315,104,3,11.704333545,1290,2.2119444444,331,151
480,2024-2025,5,04,Mauricie et Centre-du-Québec,SANTÉ QUÉBEC MAURICIE-ET-CENTRE-DU-QUÉBEC - UNIVERSITAIRE,HÔPITAL DU CENTRE-DE-LA-MAURICIE,51220051,14570,2804,987,7.2412246435,11744,3.0594379163,9055,862,221,4.9623291306,6260,4.407672169,5515,447,20,10.982910748,5484,1.520425075,1942,766
481,2024-2025,5,04,Mauricie et Centre-du-Québec,SANTÉ QUÉBEC MAURICIE-ET-CENTRE-DU-QUÉBEC - UNIVERSITAIRE,HÔPITAL SAINTE-CROIX,51228781,17429,2756,1086,7.8521468848,12779,3.8076739399,9995,840,288,5.8943352232,5591,5.1599115145,7434,454,1,10.48442124,7188,2.7558708959,1916,798
482,2024-2025,5,04,Mauricie et Centre-du-Québec,SANTÉ QUÉBEC MAURICIE-ET-CENTRE-DU-QUÉBEC - UNIVERSITAIRE,HÔTEL-DIEU D'ARTHABASKA,51228039,15668,2991,853,5.9288207741,12957,2.5128228628,9217,1061,160,4.4012556809,6650,3.2875868839,6451,206,1,8.1113610724,6307,1.6959240614,1930,693
483,2024-2025,5,04,Mauricie et Centre-du-Québec,SANTÉ QUÉBEC MAURICIE-ET-CENTRE-DU-QUÉBEC - UNIVERSITAIRE,PAVILLON SAINTE-MARIE,51220168,24885,5902,1406,9.7764987275,19299,3.4285774018,13507,1493,370,5.4418849691,8029,4.9341887394,11378,2145,117,14.922185846,11270,2.3559462191,4409,1036
484,2024-2025,5,05,Estrie,SANTÉ QUÉBEC ESTRIE - CENTRE HOSPITALIER UNIVERSITAIRE DE SHERBROOKE,CENTRE MULTISERVICES DE SANTÉ ET DE SERVICES SOCIAUX DE LA MRC DE COATICOOK,51247617,8686,716,254,3.0465575191,7006,2.2711148381,7273,501,205,2.9201250439,5629,2.4534585283,1413,0,0,3.6973313281,1377,1.5257171387,215,49
485,2024-2025,5,05,Estrie,SANTÉ QUÉBEC ESTRIE - CENTRE HOSPITALIER UNIVERSITAIRE DE SHERBROOKE,CENTRE MULTISERVICES DE SANTÉ ET DE SERVICES SOCIAUX DE MEMPHRÉMAGOG,51219046,10274,2104,356,6.9983134341,7815,4.1725021327,7564,1037,160,5.2990931092,5200,4.8233183761,2710,335,47,11.741081898,2615,2.878335989,1067,196
486,2024-2025,5,05,Estrie,SANTÉ QUÉBEC ESTRIE - CENTRE HOSPITALIER UNIVERSITAIRE DE SHERBROOKE,CENTRE MULTISERVICES DE SANTÉ ET DE SERVICES SOCIAUX DES SOURCES,51247583,7500,996,243,5.1264922222,6216,3.5434899185,6538,676,175,4.5388425784,5276,3.7954626822,962,49,4,9.1203106953,940,2.1292257683,320,68
487,2024-2025,5,05,Estrie,SANTÉ QUÉBEC ESTRIE - CENTRE HOSPITALIER UNIVERSITAIRE DE SHERBROOKE,CENTRE MULTISERVICES DE SANTÉ ET DE SERVICES SOCIAUX DU GRANIT,51223832,6435,1055,166,4.980466848,5565,2.9470792153,5197,659,93,4.0879110277,4341,3.182115296,1238,39,0,8.7273267815,1224,2.1135076253,396,73
488,2024-2025,5,05,Estrie,SANTÉ QUÉBEC ESTRIE - CENTRE HOSPITALIER UNIVERSITAIRE DE SHERBROOKE,CHUS - HÔPITAL FLEURIMONT,51216687,18656,2787,443,8.8981060606,15898,3.006837338,9570,571,151,6.7948014629,6814,5.3182100577,9086,899,21,11.113451097,9084,1.2730533539,2216,292
489,2024-2025,5,05,Estrie,SANTÉ QUÉBEC ESTRIE - CENTRE HOSPITALIER UNIVERSITAIRE DE SHERBROOKE,CHUS - HÔTEL-DIEU DE SHERBROOKE,51216695,19099,4118,2254,11.118356982,16157,3.4891708444,9610,1075,544,6.9360301769,6687,5.4337769802,9489,1478,362,15.354015175,9470,2.1160366068,3043,1710
490,2024-2025,5,05,Estrie,SANTÉ QUÉBEC ESTRIE - CENTRE HOSPITALIER UNIVERSITAIRE DE SHERBROOKE,HÔPITAL BROME-MISSISQUOI-PERKINS,51229185,12251,2037,417,9.5776597602,9769,4.6318008496,8419,647,153,6.1897828655,5990,5.3946164904,3832,1028,73,17.020910172,3779,3.4226805298,1390,264
491,2024-2025,5,05,Estrie,SANTÉ QUÉBEC ESTRIE - CENTRE HOSPITALIER UNIVERSITAIRE DE SHERBROOKE,HÔPITAL DE GRANBY,51228120,15409,2607,891,12.573372019,11383,5.9278953752,10716,1020,321,8.7105946715,6721,7.6497296616,4693,1734,273,21.393640943,4662,3.4456027456,1587,570
492,2024-2025,5,06,Montréal,SANTÉ QUÉBEC - CENTRE HOSPITALIER DE L'UNIVERSITÉ DE MONTRÉAL,CENTRE HOSPITALIER DE L'UNIVERSITÉ DE MONTRÉAL,51236297,31676,4626,2626,11.939545748,23164,3.0026239351,18904,1344,883,7.3197843049,10484,4.8732092819,12772,3834,423,18.777313546,12680,1.4559980065,3282,1743
493,2024-2025,5,06,Montréal,SANTÉ QUÉBEC - CENTRE HOSPITALIER UNIVERSITAIRE SAINTE-JUSTINE,CHU SAINTE-JUSTINE,51222800,30635,1,741,4.2952475201,27635,1.3749516113,19822,0,270,3.4586247323,17019,1.7095930365,10813,73,3,5.8289141157,10616,0.8384724839,1,471
494,2024-2025,5,06,Montréal,SANTÉ QUÉBEC - CENTRE UNIVERSITAIRE DE SANTÉ MCGILL,HÔPITAL DE LACHINE,51228310,8085,1235,241,10.486659967,6730,3.316242777,6191,570,108,5.2932814659,4852,3.5269556655,1894,657,325,27.462481667,1878,2.7718450479,665,133
495,2024-2025,5,06,Montréal,SANTÉ QUÉBEC - CENTRE UNIVERSITAIRE DE SANTÉ MCGILL,HÔPITAL GÉNÉRAL DE MONTRÉAL,51248219,13905,1995,1770,15.860217088,12029,1.645377606,5906,448,338,5.4061567333,4110,2.36200588,7999,2277,1096,23.57889198,7919,1.2734440025,1547,1432
496,2024-2025,5,06,Montréal,SANTÉ QUÉBEC - CENTRE UNIVERSITAIRE DE SANTÉ MCGILL,HÔPITAL ROYAL VICTORIA,51223295,19293,3201,461,17.317878822,14443,4.64163851,11639,791,202,9.1891026339,6946,6.5458412516,7654,3282,1522,29.678843814,7497,2.8773871771,2410,259
497,2024-2025,5,06,Montréal,SANTÉ QUÉBEC - CENTRE UNIVERSITAIRE DE SANTÉ MCGILL,L'HÔPITAL DE MONTRÉAL POUR ENFANTS,51223279,28534,6,838,5.058548963,26883,1.4116239817,22164,1,236,4.1872836206,20530,1.5889022839,6370,135,8,8.0900599599,6353,0.8387413208,5,602
498,2024-2025,5,06,Montréal,SANTÉ QUÉBEC - INSTITUT DE CARDIOLOGIE DE MONTRÉAL,INSTITUT DE CARDIOLOGIE DE MONTRÉAL,51248201,8050,2237,183,7.3830962733,7819,1.5861015901,5319,1126,164,3.6403318293,5088,1.8369380023,2731,460,29,14.672647382,2731,1.1187798527,1111,19
499,2024-2025,5,06,Montréal,SANTÉ QUÉBEC CENTRE-OUEST-DE-L'ÎLE-DE-MONTRÉAL - UNIVERSITAIRE,HÔPITAL GÉNÉRAL JUIF,51248250,39204,7251,2053,10.922029066,33465,2.6665130817,13552,824,197,3.8294565378,8532,3.1028064281,25652,4125,1247,14.669048515,24933,2.5172147689,6427,1856
500,2024-2025,5,06,Montréal,SANTÉ QUÉBEC CENTRE-SUD-DE-L'ÎLE-DE-MONTRÉAL - UNIVERSITAIRE,HÔPITAL DE VERDUN,51218097,18069,3123,1041,8.7656647204,15258,2.4638107878,12038,1030,360,4.7615714589,9248,3.2162173203,6031,1513,97,16.757917196,6010,1.3060311518,2093,681
501,2024-2025,5,06,Montréal,SANTÉ QUÉBEC CENTRE-SUD-DE-L'ÎLE-DE-MONTRÉAL - UNIVERSITAIRE,HÔPITAL NOTRE-DAME,51236313,15677,2229,2318,11.45236741,13175,2.2027319207,9516,463,926,5.9162235533,7037,3.0889522445,6161,1780,300,20.00324307,6138,1.1867116506,1766,1392
502,2024-2025,5,06,Montréal,SANTÉ QUÉBEC EST-DE-L'ÎLE-DE-MONTRÉAL - UNIVERSITAIRE,HÔPITAL MAISONNEUVE-ROSEMONT,12934659,28651,5068,1714,11.218639857,20150,3.4871184588,17449,1387,391,5.2032227412,9054,4.9670897148,11202,3625,951,20.588664251,11096,2.2795067292,3681,1323
503,2024-2025,5,06,Montréal,SANTÉ QUÉBEC EST-DE-L'ÎLE-DE-MONTRÉAL - UNIVERSITAIRE,HÔPITAL SANTA CABRINI,51235919,14996,3755,555,13.409124192,11537,3.3334061666,8548,916,201,5.7441929236,5129,4.9283532094,6448,2366,832,23.570388536,6408,2.0568013941,2839,354
504,2024-2025,5,06,Montréal,SANTÉ QUÉBEC EST-DE-L'ÎLE-DE-MONTRÉAL - UNIVERSITAIRE,INSTITUT UNIVERSITAIRE EN SANTÉ MENTALE DE MONTRÉAL,51235307,2060,95,2055,12.335067422,2001,1.2993482425,1001,37,997,3.3504093129,942,1.3657908705,1059,324,82,20.827647938,1059,1.2402463015,58,1058
505,2024-2025,5,06,Montréal,SANTÉ QUÉBEC NORD-DE-L'ÎLE-DE-MONTRÉAL - UNIVERSITAIRE,HÔPITAL DU SACRÉ-COEUR-DE-MONTRÉAL,12475976,27562,5227,1258,11.71436412,20988,3.4880844345,18505,1656,497,6.7156194722,11955,4.9444247177,9057,3510,843,21.927654362,9033,1.5606463646,3571,761
506,2024-2025,5,06,Montréal,SANTÉ QUÉBEC NORD-DE-L'ÎLE-DE-MONTRÉAL - UNIVERSITAIRE,HÔPITAL EN SANTÉ MENTALE ALBERT-PRÉVOST,51848752,1380,65,1374,21.865575684,1359,0.3964160739,580,36,574,4.7054516284,559,0.5583591731,800,496,200,34.306665625,800,0.2832583333,29,800
507,2024-2025,5,06,Montréal,SANTÉ QUÉBEC NORD-DE-L'ÎLE-DE-MONTRÉAL - UNIVERSITAIRE,HÔPITAL FLEURY,51228492,13022,2259,341,9.1812267487,9640,3.5870476026,9456,845,154,5.5295059574,6092,4.4950062012,3566,1107,84,18.86453348,3548,2.0280611925,1414,187
508,2024-2025,5,06,Montréal,SANTÉ QUÉBEC NORD-DE-L'ÎLE-DE-MONTRÉAL - UNIVERSITAIRE,HÔPITAL JEAN-TALON,51228500,17630,2284,1372,7.7366518561,12449,3.5343393267,13180,745,477,5.2863529548,8023,4.6063246984,4450,879,20,14.993941635,4426,1.5911539137,1539,895
509,2024-2025,5,06,Montréal,SANTÉ QUÉBEC OUEST-DE-L'ÎLE-DE-MONTRÉAL - UNIVERSITAIRE,CENTRE HOSPITALIER DE ST. MARY,51248243,14424,2910,1020,9.9168895591,12896,2.7069689783,9030,892,339,6.0114125138,7511,3.4701022944,5394,1091,66,16.454979607,5385,1.6425503456,2018,681
510,2024-2025,5,06,Montréal,SANTÉ QUÉBEC OUEST-DE-L'ÎLE-DE-MONTRÉAL - UNIVERSITAIRE,HÔPITAL DE LASALLE,51224392,11716,1846,368,9.380620756,9541,3.519887998,8983,803,132,5.779512536,6822,4.1633306459,2733,888,290,21.216974631,2719,1.9054835315,1043,236
511,2024-2025,5,06,Montréal,SANTÉ QUÉBEC OUEST-DE-L'ÎLE-DE-MONTRÉAL - UNIVERSITAIRE,HÔPITAL DOUGLAS,51235190,2590,64,2511,13.089487881,2395,2.2174988402,1304,28,1232,4.1284072512,1112,2.3585381695,1286,418,84,22.175995766,1283,2.0952574262,36,1279
512,2024-2025,5,06,Montréal,SANTÉ QUÉBEC OUEST-DE-L'ÎLE-DE-MONTRÉAL - UNIVERSITAIRE,HÔPITAL GÉNÉRAL DU LAKESHORE,51228278,16251,3866,1000,13.213512758,13123,2.9340910149,9749,1037,128,7.1496800242,6654,3.8805543032,6502,2304,604,22.305531418,6469,1.9605608372,2829,872
513,2024-2025,5,07,Outaouais,SANTÉ QUÉBEC OUTAOUAIS,CENTRE MULTISERVICES DE SANTÉ ET DE SERVICES SOCIAUX DE MANSFIELD-ET-PONTEFRACT,51245058,4000,478,102,3.5153351389,3726,1.6049452049,3895,452,100,3.3791830695,3621,1.606474117,105,2,0,8.5659285714,105,1.5522195767,26,2
514,2024-2025,5,07,Outaouais,SANTÉ QUÉBEC OUTAOUAIS,CLSC ET CENTRE D'HÉBERGEMENT DE LA PETITE-NATION,51219491,4528,595,174,3.3936414164,3869,1.8028348554,4136,478,165,3.2793410837,3477,1.9104731889,392,1,0,4.599626559,392,0.8480938209,117,9
515,2024-2025,5,07,Outaouais,SANTÉ QUÉBEC OUTAOUAIS,HÔPITAL DE GATINEAU,51221703,15796,2213,1931,13.016737026,10071,6.1681594016,9652,731,476,7.2812308618,4283,6.8239637974,6144,1808,540,22.027008102,5788,5.6828777451,1482,1455
516,2024-2025,5,07,Outaouais,SANTÉ QUÉBEC OUTAOUAIS,HÔPITAL DE HULL,51221711,14372,2868,468,12.949519262,9707,5.5003860616,9046,856,280,7.49966959,4532,6.5487527582,5326,1826,585,22.205873023,5175,4.5822801932,2012,188
517,2024-2025,5,07,Outaouais,SANTÉ QUÉBEC OUTAOUAIS,HÔPITAL DE MANIWAKI,51221893,5841,820,316,6.9829612985,4966,2.6929008927,4367,450,171,3.8431757754,3526,2.8082358039,1474,319,108,16.285161692,1440,2.4104905478,370,145
518,2024-2025,5,07,Outaouais,SANTÉ QUÉBEC OUTAOUAIS,HÔPITAL ET CHSLD DE PAPINEAU,51228823,9855,1260,495,8.3731252889,7300,4.0741369482,7158,523,190,4.4994125842,4653,4.3510411443,2697,716,166,18.654191488,2647,3.5873839357,737,305
519,2024-2025,5,07,Outaouais,SANTÉ QUÉBEC OUTAOUAIS,HÔPITAL ET CHSLD DU PONTIAC,51219459,5033,615,173,5.9185885379,4611,2.428363816,4419,501,125,4.8288661336,3999,2.5017038287,614,85,29,13.761395223,612,1.9491371641,114,48
520,2024-2025,5,07,Outaouais,SANTÉ QUÉBEC OUTAOUAIS,HÔPITAL ET CHSLD MÉMORIAL DE WAKEFIELD / WAKEFIELD MEMORIAL HOSPITAL,51228799,6774,591,175,5.9278127973,5600,3.3856068452,5955,388,113,4.6866721243,4794,3.533129027,819,157,20,14.952223918,806,2.5081610146,203,62
521,2024-2025,5,08,Abitibi-Témiscamingue,SANTÉ QUÉBEC ABITIBI-TÉMISCAMINGUE,CENTRE MULTISERVICES DE SANTÉ ET DE SERVICES SOCIAUX DE LA SARRE,51247559,7734,978,383,5.8115507643,6818,2.7784441511,6323,601,279,4.867679767,5433,2.951528877,1411,147,14,10.041243405,1385,2.099477136,377,104
522,2024-2025,5,08,Abitibi-Témiscamingue,SANTÉ QUÉBEC ABITIBI-TÉMISCAMINGUE,CENTRE MULTISERVICES DE SANTÉ ET DE SERVICES SOCIAUX DE TÉMISCAMING-KIPAWA,51247476,2226,192,155,2.4613898872,2101,0.9187991168,2077,153,139,1.9397968491,1952,0.9491145833,149,6,0,9.7321868009,149,0.5216461596,39,16
523,2024-2025,5,08,Abitibi-Témiscamingue,SANTÉ QUÉBEC ABITIBI-TÉMISCAMINGUE,CENTRE MULTISERVICES DE SANTÉ ET DE SERVICES SOCIAUX DE VILLE-MARIE,51247542,4827,691,223,4.6881511981,4097,2.5910828384,4048,445,147,3.8404342336,3331,2.6939813703,779,20,2,9.0932324205,766,2.1436219901,246,76
524,2024-2025,5,08,Abitibi-Témiscamingue,SANTÉ QUÉBEC ABITIBI-TÉMISCAMINGUE,HÔPITAL D'AMOS,51228906,10498,1133,441,4.7085026248,9480,1.9798958333,7985,510,339,3.3517838308,6996,2.2024482641,2513,167,11,9.0194455498,2484,1.3530935767,623,102
525,2024-2025,5,08,Abitibi-Témiscamingue,SANTÉ QUÉBEC ABITIBI-TÉMISCAMINGUE,HÔPITAL DE ROUYN-NORANDA,51228922,11587,1556,626,7.3042871801,8794,4.2542070667,9354,788,417,6.4849154848,6590,4.8629338644,2233,158,1,10.736621635,2204,2.4341028937,768,209
526,2024-2025,5,08,Abitibi-Témiscamingue,SANTÉ QUÉBEC ABITIBI-TÉMISCAMINGUE,HÔPITAL DE VAL-D'OR,51225589,11419,1360,753,7.9213595032,9220,4.2316442818,9396,802,525,6.2193659832,7211,4.8075229202,2023,454,81,15.8264169,2009,2.1646154803,558,228
527,2024-2025,5,09,Côte-Nord,SANTÉ QUÉBEC CÔTE-NORD,CENTRE MULTISERVICES DE SANTÉ ET DE SERVICES SOCIAUX DE FERMONT,51245108,2496,20,162,5.344498531,2193,2.0672668085,2351,16,149,5.3445702774,2049,2.1198228133,145,0,0,5.343335249,144,1.3194386574,4,13
528,2024-2025,5,09,Côte-Nord,SANTÉ QUÉBEC CÔTE-NORD,CENTRE MULTISERVICES DE SANTÉ ET DE SERVICES SOCIAUX DE FORESTVILLE,51218741,4212,625,231,3.9108197478,3336,2.2846426192,3659,473,180,3.3308217941,2838,2.4972186986,553,25,7,7.7484553948,498,1.0732150826,152,51
529,2024-2025,5,09,Côte-Nord,SANTÉ QUÉBEC CÔTE-NORD,CENTRE MULTISERVICES DE SANTÉ ET DE SERVICES SOCIAUX DE LA BASSE-CÔTE-NORD,51245140,1522,240,52,2.6643623157,1488,0.8233786962,1239,174,44,2.4100452874,1205,0.8349559705,283,1,0,3.7777856302,283,0.7740832352,66,8
530,2024-2025,5,09,Côte-Nord,SANTÉ QUÉBEC CÔTE-NORD,CENTRE MULTISERVICES DE SANTÉ ET DE SERVICES SOCIAUX DE LA MINGANIE,51245116,5485,629,169,3.1977200446,2908,2.5075202506,3913,470,58,1.766590993,1376,2.6079457364,1572,56,3,6.7600660871,1532,2.4173208587,159,111
531,2024-2025,5,09,Côte-Nord,SANTÉ QUÉBEC CÔTE-NORD,CENTRE MULTISERVICES DE SANTÉ ET DE SERVICES SOCIAUX DE PORT-CARTIER,51245132,6062,558,249,5.8611668775,5076,3.167074085,5552,431,215,4.7676087196,4573,3.3341166144,510,116,42,17.765941176,503,1.6484150652,127,34
532,2024-2025,5,09,Côte-Nord,SANTÉ QUÉBEC CÔTE-NORD,CENTRE MULTISERVICES DE SANTÉ ET DE SERVICES SOCIAUX DES ESCOUMINS,51218733,4419,636,161,4.2648080259,3794,2.0108324548,3885,442,135,3.570532747,3277,2.0809744685,534,27,2,9.3158557012,517,1.566237911,194,26
533,2024-2025,5,09,Côte-Nord,SANTÉ QUÉBEC CÔTE-NORD,CLSC ET HÔPITAL LE ROYER,51228765,9386,1358,575,9.0787587601,8123,3.9121363207,7068,612,313,5.8072098032,5811,4.5000338439,2318,593,247,19.054301481,2312,2.4345098039,746,262
534,2024-2025,5,09,Côte-Nord,SANTÉ QUÉBEC CÔTE-NORD,HÔPITAL ET CLSC DE SEPT-ÎLES,51232023,8905,1104,717,8.6121404954,6652,4.6705096629,6153,456,299,5.9940456327,3989,5.2547906047,2752,417,66,14.465751575,2663,3.7952949889,648,418
535,2024-2025,5,11,Gaspésie-Îles-de-la-Madeleine,SANTÉ QUÉBEC DES ÎLES,HÔPITAL DE L'ARCHIPEL,51227783,7160,1068,216,4.9298503259,6161,2.1548020704,5795,710,106,3.6112831943,4814,2.2856503601,1365,127,19,10.52772324,1347,1.687167574,358,110
536,2024-2025,5,11,Gaspésie-Îles-de-la-Madeleine,SANTÉ QUÉBEC GASPÉSIE,CENTRE MULTISERVICES DE SANTÉ ET DE SERVICES SOCIAUX DE GRANDE-VALLÉE,51247732,3078,633,70,2.1528785828,2300,1.2049864734,2932,572,66,1.8888983629,2165,1.2362590454,146,10,3,7.4541799848,135,0.7034670782,61,4
537,2024-2025,5,11,Gaspésie-Îles-de-la-Madeleine,SANTÉ QUÉBEC GASPÉSIE,CLSC ET CENTRE DE SERVICES AMBULATOIRES DE MURDOCHVILLE,51221307,854,129,34,3.8456397996,827,2.1554033992,838,122,34,3.7959055953,811,2.1736642006,16,1,0,6.45046875,16,1.2298090278,7,0
538,2024-2025,5,11,Gaspésie-Îles-de-la-Madeleine,SANTÉ QUÉBEC GASPÉSIE,CLSC ET CENTRE DE SERVICES AMBULATOIRES DE PASPÉBIAC,51220978,5829,1023,202,3.9613466194,5421,1.9403708828,4209,612,153,3.1575592645,3837,2.0477226855,1620,51,5,6.0497052469,1584,1.680327406,411,49
539,2024-2025,5,11,Gaspésie-Îles-de-la-Madeleine,SANTÉ QUÉBEC GASPÉSIE,HÔPITAL DE CHANDLER,51227775,7041,1205,261,5.3094484685,5988,2.4719083074,6053,793,203,4.348830791,5008,2.6601618521,988,58,0,11.194690171,980,1.5098942744,412,58
540,2024-2025,5,11,Gaspésie-Îles-de-la-Madeleine,SANTÉ QUÉBEC GASPÉSIE,HÔPITAL DE GASPÉ,51220903,6000,931,239,5.3340469907,5113,1.7629804203,4733,550,136,3.7328067704,3877,2.0341112114,1267,122,4,11.315633386,1236,0.9125159565,381,103
541,2024-2025,5,11,Gaspésie-Îles-de-la-Madeleine,SANTÉ QUÉBEC GASPÉSIE,HÔPITAL ET CLSC DE SAINTE-ANNE-DES-MONTS,51247799,5888,1048,238,5.0880134737,5301,2.0713054141,4661,620,151,3.1864452669,4088,2.2055433926,1227,163,31,12.311493027,1213,1.6189023999,428,87
542,2024-2025,5,11,Gaspésie-Îles-de-la-Madeleine,SANTÉ QUÉBEC GASPÉSIE,HÔPITAL ET GROUPE DE MÉDECINE DE FAMILLE UNIVERSITAIRE DE MARIA,51227908,7540,1302,367,6.2621301577,6800,2.3800558824,5708,684,173,4.1992704197,4975,2.6548865997,1832,262,32,12.689424582,1825,1.6308598174,618,194
543,2024-2025,5,12,Chaudière-Appalaches,SANTÉ QUÉBEC CHAUDIÈRE-APPALACHES,CHSLD ET HÔPITAL PAUL-GILBERT,51245199,17058,1510,196,2.7424288701,13318,2.1630127146,17041,1505,196,2.7423138966,13301,2.1652980352,17,0,0,2.8576797386,17,0.3749509804,5,0
544,2024-2025,5,12,Chaudière-Appalaches,SANTÉ QUÉBEC CHAUDIÈRE-APPALACHES,HÔPITAL DE MONTMAGNY,51245223,14972,2344,462,4.3630167609,13870,1.5568045742,11916,1331,257,2.6290999496,10818,1.8032309063,3056,328,15,11.12393061,3052,0.683331422,1013,205
545,2024-2025,5,12,Chaudière-Appalaches,SANTÉ QUÉBEC CHAUDIÈRE-APPALACHES,HÔPITAL DE SAINT-GEORGES,51228971,18137,3458,855,6.3875627937,15064,2.5803774267,12745,1477,401,4.2557138965,9695,3.2904158787,5392,515,26,11.426586198,5369,1.2982349807,1981,454
546,2024-2025,5,12,Chaudière-Appalaches,SANTÉ QUÉBEC CHAUDIÈRE-APPALACHES,HÔPITAL DE THETFORD,51245231,17025,2909,557,6.128628977,15217,2.3631709419,13710,1657,292,4.3625852986,11907,2.6896513955,3315,531,32,13.432538126,3310,1.1887290198,1252,265
547,2024-2025,5,12,Chaudière-Appalaches,SANTÉ QUÉBEC CHAUDIÈRE-APPALACHES,HÔTEL-DIEU DE LÉVIS,51227569,31369,6350,2084,8.7486606204,27745,1.7621724935,21593,2591,959,3.8617749322,17976,2.2885315606,9776,2646,983,19.542699354,9769,0.7936157744,3759,1125
548,2024-2025,5,13,Laval,SANTÉ QUÉBEC LAVAL,HÔPITAL DE LA CITÉ-DE-LA-SANTÉ,51228757,37541,7288,2505,10.247900296,29188,3.7129398307,23460,2268,529,6.4195761817,15170,4.8166250824,14081,3058,213,16.62617483,14018,2.5185536651,5020,1976
549,2024-2025,5,14,Lanaudière,SANTÉ QUÉBEC LANAUDIÈRE,HÔPITAL DE LANAUDIÈRE ET CENTRE D'HÉBERGEMENT PARPHILIA-FERLAND,51244945,29768,5413,2107,9.3606051614,23696,2.7970403115,18968,1646,1408,5.6607184176,12964,3.8235618293,10800,2540,283,15.858702546,10732,1.5570268046,3767,699
550,2024-2025,5,14,Lanaudière,SANTÉ QUÉBEC LANAUDIÈRE,HÔPITAL PIERRE-LE GARDEUR,51228062,31390,5931,1840,10.359245089,21587,4.5352462001,21108,2032,607,6.0070501837,11341,5.4623737374,10282,3321,260,19.293900803,10246,3.5090356399,3899,1233
551,2024-2025,5,15,Laurentides,SANTÉ QUÉBEC LAURENTIDES,CENTRE MULTISERVICES DE SANTÉ ET DE SERVICES SOCIAUX D'ARGENTEUIL,51245306,8536,1162,287,7.9337909377,6664,3.719974198,7008,668,198,5.6543018297,5141,4.2685096393,1528,382,85,18.38841114,1523,1.868351937,494,89
552,2024-2025,5,15,Laurentides,SANTÉ QUÉBEC LAURENTIDES,CENTRE MULTISERVICES DE SANTÉ ET DE SERVICES SOCIAUX DE RIVIÈRE-ROUGE,51217628,5836,737,294,7.0546361663,4900,3.327089059,4433,394,146,4.6782620247,3535,3.5508561213,1403,259,65,14.563165439,1365,2.7475897436,343,148
553,2024-2025,5,15,Laurentides,SANTÉ QUÉBEC LAURENTIDES,CENTRE MULTISERVICES DE SANTÉ ET DE SERVICES SOCIAUX DE SAINTE-AGATHE,51246874,13478,2530,816,10.840223966,10452,4.1246899052,8966,1038,260,6.5210157818,5976,5.253383813,4512,1295,250,19.423118597,4476,2.6177473687,1492,556
554,2024-2025,5,15,Laurentides,SANTÉ QUÉBEC LAURENTIDES,HÔPITAL DE MONT-LAURIER,51217610,7787,1156,352,9.1505481358,6310,3.4064166667,5837,608,174,6.0335586679,4387,3.7445368893,1950,506,130,18.48073661,1923,2.6350524354,548,178
555,2024-2025,5,15,Laurentides,SANTÉ QUÉBEC LAURENTIDES,HÔPITAL DE SAINT-EUSTACHE,51228864,21544,4577,1277,12.026223723,15885,3.5572759941,12751,1265,287,6.8171101613,7147,5.1301049391,8793,2773,507,19.580119666,8738,2.2708250362,3312,990
556,2024-2025,5,15,Laurentides,SANTÉ QUÉBEC LAURENTIDES,HÔPITAL DE SAINT-JÉRÔME,51228880,24731,4616,2390,14.84366398,18638,4.080076099,14187,1446,661,6.491294632,8156,5.501923056,10544,3805,1790,26.081814961,10482,2.9737429774,3170,1729
557,2024-2025,5,16,Montérégie,SANTÉ QUÉBEC MONTÉRÉGIE-CENTRE,HÔPITAL CHARLES-LE MOYNE,51233799,31052,5854,2522,10.17352145,18195,4.8423661568,21267,2305,946,5.7537407068,8421,5.6165866419,9785,3336,298,19.779599841,9774,4.1753198395,3549,1576
558,2024-2025,5,16,Montérégie,SANTÉ QUÉBEC MONTÉRÉGIE-CENTRE,HÔPITAL DU HAUT-RICHELIEU,51229045,24499,4455,1541,11.811624522,17599,4.7489900152,17111,1799,487,6.8297086345,10257,6.0084400084,7388,2598,1167,23.350006053,7342,2.9894996065,2656,1054
559,2024-2025,5,16,Montérégie,SANTÉ QUÉBEC MONTÉRÉGIE-EST,HÔPITAL HONORÉ-MERCIER,51229193,19039,3940,1093,10.215742175,13988,5.1108648683,10362,1419,422,6.4292973525,5415,6.7410657125,8677,1667,253,14.737482553,8573,4.0811742616,2521,671
560,2024-2025,5,16,Montérégie,SANTÉ QUÉBEC MONTÉRÉGIE-EST,HÔPITAL PIERRE-BOUCHER,51229011,23261,5166,1470,12.690488073,17113,5.0085043372,10872,1574,444,6.6082988411,4852,6.8044391774,12389,3055,971,18.027929458,12261,4.2978057119,3592,1026
561,2024-2025,5,16,Montérégie,SANTÉ QUÉBEC MONTÉRÉGIE-EST,HÔTEL-DIEU DE SOREL,51229102,15067,2688,755,8.2426560437,12533,2.9263426776,10334,1128,240,4.5571311259,7846,3.3437937236,4733,1180,189,16.289606076,4687,2.2275330109,1560,515
562,2024-2025,5,16,Montérégie,SANTÉ QUÉBEC MONTÉRÉGIE-OUEST,HÔPITAL ANNA-LABERGE,51229151,14945,3250,1045,16.121005743,12185,1.9452769799,8559,843,215,8.3737349249,5799,3.5288397425,6386,2600,1071,26.50448381,6386,0.5072750287,2407,830
563,2024-2025,5,16,Montérégie,SANTÉ QUÉBEC MONTÉRÉGIE-OUEST,HÔPITAL BARRIE MEMORIAL / BARRIE MEMORIAL HOSPITAL,51228005,9226,1031,185,6.4268384035,7712,3.3781826302,7886,662,152,4.7883360456,6376,3.4562116618,1340,304,40,16.069547056,1336,3.0057925815,369,33
564,2024-2025,5,16,Montérégie,SANTÉ QUÉBEC MONTÉRÉGIE-OUEST,HÔPITAL DU SUROÎT,51229136,16632,3141,1411,12.240435289,12823,2.5352945878,9484,757,756,4.7412843268,5976,3.4521422263,7148,2048,1020,22.190344036,6847,1.7350782175,2384,655
565,2025-2026,5,01,Bas-Saint-Laurent,SANTÉ QUÉBEC BAS-SAINT-LAURENT,CENTRE HOSPITALIER RÉGIONAL DU GRAND-PORTAGE,51218352,8713,1929,413,5.3318153589,7081,2.4965136359,6220,891,242,3.6348504377,4615,2.9123926207,2493,86,0,9.5657190132,2466,1.7182161846,1038,171
566,2025-2026,5,01,Bas-Saint-Laurent,SANTÉ QUÉBEC BAS-SAINT-LAURENT,CENTRE MULTISERVICES DE SANTÉ ET DE SERVICES SOCIAUX DE TROIS-PISTOLES,51236156,4809,808,148,3.5882505025,4345,1.7419995525,4057,546,116,2.8190139813,3601,1.8518486377,752,8,0,7.7382406176,744,1.2103240741,262,32
567,2025-2026,5,01,Bas-Saint-Laurent,SANTÉ QUÉBEC BAS-SAINT-LAURENT,CLSC DE POHÉNÉGAMOOK,51219418,4513,602,163,1.9846936628,4206,1.0211305939,4218,512,151,1.5982932933,3920,1.0382347647,295,11,0,7.5095640301,286,0.7866958042,90,12
568,2025-2026,5,01,Bas-Saint-Laurent,SANTÉ QUÉBEC BAS-SAINT-LAURENT,HÔPITAL D'AMQUI,51226892,6152,1091,188,4.707466813,5388,1.7423682772,4366,556,110,3.4311562198,3646,2.0256005059,1786,69,11,7.8274959562,1742,1.1495641982,535,78
569,2025-2026,5,01,Bas-Saint-Laurent,SANTÉ QUÉBEC BAS-SAINT-LAURENT,HÔPITAL DE MATANE,51218980,6876,1318,288,4.8584127965,6211,2.2863702392,5093,694,177,3.8301024282,4494,2.580271164,1783,107,11,7.7957009098,1717,1.5171269333,624,111
570,2025-2026,5,01,Bas-Saint-Laurent,SANTÉ QUÉBEC BAS-SAINT-LAURENT,HÔPITAL DE NOTRE-DAME-DU-LAC,51221877,5491,1117,178,3.9180746272,4832,1.6066904088,4126,598,76,2.5962505386,3497,1.8374967432,1365,50,1,7.9135663411,1335,1.0020988348,519,102
571,2025-2026,5,01,Bas-Saint-Laurent,SANTÉ QUÉBEC BAS-SAINT-LAURENT,HÔPITAL NOTRE-DAME-DE-FATIMA,51221141,6559,1324,197,4.3719795531,6026,1.9611705296,5105,761,109,3.2774824791,4584,2.1358372722,1454,34,0,8.2147632967,1442,1.405919248,563,88
572,2025-2026,5,01,Bas-Saint-Laurent,SANTÉ QUÉBEC BAS-SAINT-LAURENT,HÔPITAL RÉGIONAL DE RIMOUSKI,51227882,12321,2490,689,6.5977317633,9582,3.0502655732,8584,1126,350,4.657147406,5904,3.5266273336,3737,316,10,11.055311673,3678,2.2856000393,1364,339
573,2025-2026,5,02,Saguenay-Lac-Saint-Jean,SANTÉ QUÉBEC SAGUENAY - LAC-SAINT-JEAN - UNIVERSITAIRE,HÔPITAL D'ALMA,51219400,14425,2430,559,4.2393597728,11586,2.3605002685,11396,1473,291,3.2244304776,8607,2.5404514736,3029,33,0,8.0578260152,2979,1.840580825,957,268
574,2025-2026,5,02,Saguenay-Lac-Saint-Jean,SANTÉ QUÉBEC SAGUENAY - LAC-SAINT-JEAN - UNIVERSITAIRE,HÔPITAL DE CHICOUTIMI,51218394,20522,3612,1295,8.5877967953,17830,2.8465787219,11418,1122,461,5.4508507036,8830,3.7479289984,9104,1205,51,12.52207299,9000,1.9622539506,2490,834
575,2025-2026,5,02,Saguenay-Lac-Saint-Jean,SANTÉ QUÉBEC SAGUENAY - LAC-SAINT-JEAN - UNIVERSITAIRE,HÔPITAL DE DOLBEAU-MISTASSINI,51219384,8883,1576,381,4.3144527625,7756,2.0925806902,7395,1074,233,3.2384766734,6276,2.2579417623,1488,87,15,9.6617936081,1480,1.3913603604,502,148
576,2025-2026,5,02,Saguenay-Lac-Saint-Jean,SANTÉ QUÉBEC SAGUENAY - LAC-SAINT-JEAN - UNIVERSITAIRE,HÔPITAL DE LA BAIE,51221364,8162,1250,308,5.3220465096,7136,2.7390947309,6282,652,195,4.1217279971,5284,3.0051948755,1880,47,0,9.3328980496,1852,1.9798759599,598,113
577,2025-2026,5,02,Saguenay-Lac-Saint-Jean,SANTÉ QUÉBEC SAGUENAY - LAC-SAINT-JEAN - UNIVERSITAIRE,HÔPITAL ET CENTRE D'HÉBERGEMENT DE ROBERVAL,51228203,9820,1475,596,5.9598415648,8591,2.6804948008,6685,669,204,4.0436556137,5544,2.9425879329,3135,230,9,10.045871256,3047,2.2036177661,806,392
578,2025-2026,5,02,Saguenay-Lac-Saint-Jean,SANTÉ QUÉBEC SAGUENAY - LAC-SAINT-JEAN - UNIVERSITAIRE,HÔPITAL ET CENTRE DE RÉADAPTATION DE JONQUIÈRE,51224541,10690,2149,564,7.4454758601,8324,4.1108596295,6891,835,224,5.0013671214,4641,4.4768169576,3799,256,3,11.878840777,3683,3.6497116632,1314,340
579,2025-2026,5,03,Capitale-Nationale,SANTÉ QUÉBEC - CENTRE HOSPITALIER UNIVERSITAIRE DE QUÉBEC - UNIVERSITÉ LAVAL,CENTRE HOSPITALIER DE L'UNIVERSITÉ LAVAL,51217594,28705,3064,2776,8.0408136891,23646,2.142761402,16589,675,915,4.7339281887,11595,2.9909821044,12116,1279,351,12.568539305,12051,1.3266366784,2389,1861
580,2025-2026,5,03,Capitale-Nationale,SANTÉ QUÉBEC - CENTRE HOSPITALIER UNIVERSITAIRE DE QUÉBEC - UNIVERSITÉ LAVAL,HÔPITAL DE L'ENFANT-JÉSUS,51233914,25968,4632,3306,9.6886855938,22768,1.6963167116,14222,1536,886,4.2066722722,11102,2.1854323045,11746,2325,437,16.326280814,11666,1.2308477151,3096,2420
581,2025-2026,5,03,Capitale-Nationale,SANTÉ QUÉBEC - CENTRE HOSPITALIER UNIVERSITAIRE DE QUÉBEC - UNIVERSITÉ LAVAL,HÔPITAL DU SAINT-SACREMENT,51217529,15123,3666,458,6.7887919064,12330,2.1962658827,10467,1509,146,3.9428143212,7696,2.6785047066,4656,719,14,13.186740228,4634,1.3953789623,2157,312
582,2025-2026,5,03,Capitale-Nationale,SANTÉ QUÉBEC - CENTRE HOSPITALIER UNIVERSITAIRE DE QUÉBEC - UNIVERSITÉ LAVAL,HÔPITAL SAINT-FRANÇOIS D'ASSISE,51217602,16696,4198,573,9.758090178,13985,2.3209848846,9412,1160,262,4.9710948199,6728,3.3647658211,7284,1608,30,15.943592692,7257,1.3532905011,3038,311
583,2025-2026,5,03,Capitale-Nationale,SANTÉ QUÉBEC - CENTRE HOSPITALIER UNIVERSITAIRE DE QUÉBEC - UNIVERSITÉ LAVAL,L'HÔTEL-DIEU DE QUÉBEC,51217586,9117,2227,383,7.3286415488,7998,1.9726629574,4746,480,141,3.7247849066,3696,2.3618010462,4371,335,2,11.241682872,4302,1.6383406943,1747,242
584,2025-2026,5,03,Capitale-Nationale,SANTÉ QUÉBEC - INSTITUT UNIVERSITAIRE DE CARDIOLOGIE ET DE PNEUMOLOGIE DE QUÉBEC - UNIVERSITÉ LAVAL,INSTITUT UNIVERSITAIRE DE CARDIOLOGIE ET DE PNEUMOLOGIE DE QUÉBEC,51232130,12268,4230,250,7.3802890537,11568,1.8264705317,6515,1547,132,3.7462863477,5825,2.287477587,5753,464,0,11.495624988,5743,1.3588811016,2683,118
585,2025-2026,5,03,Capitale-Nationale,SANTÉ QUÉBEC CAPITALE-NATIONALE - UNIVERSITAIRE,CENTRE MULTISERVICES DE SANTÉ ET DE SERVICES SOCIAUX CHAUVEAU,51225001,17457,1604,240,2.7683769644,12165,1.731654496,16483,1482,224,2.6783453659,11197,1.807301038,974,0,0,4.2919815195,968,0.8566396924,122,16
586,2025-2026,5,03,Capitale-Nationale,SANTÉ QUÉBEC CAPITALE-NATIONALE - UNIVERSITAIRE,CENTRE MULTISERVICES DE SANTÉ ET DE SERVICES SOCIAUX DE BAIE-SAINT-PAUL,51244804,5103,968,196,5.1956613757,4026,2.2245395209,3983,597,75,3.428825076,2915,2.5193220888,1120,78,3,11.478972966,1111,1.45110011,371,121
587,2025-2026,5,03,Capitale-Nationale,SANTÉ QUÉBEC CAPITALE-NATIONALE - UNIVERSITAIRE,CENTRE MULTISERVICES DE SANTÉ ET DE SERVICES SOCIAUX DE SAINT-MARC-DES-CARRIÈRES,51247344,7441,1107,179,2.8723474294,6291,1.4449819848,6281,688,133,2.2279455235,5144,1.6060150985,1160,22,5,6.3615615421,1147,0.7227898867,419,46
588,2025-2026,5,03,Capitale-Nationale,SANTÉ QUÉBEC CAPITALE-NATIONALE - UNIVERSITAIRE,CENTRE MULTISERVICES DE SANTÉ ET DE SERVICES SOCIAUX DE SAINT-RAYMOND,51247302,7678,1243,149,4.515791692,5879,2.1217759067,5813,674,83,3.3847843913,4064,2.50343087,1865,64,15,8.0410171284,1815,1.2672052342,569,66
589,2025-2026,5,03,Capitale-Nationale,SANTÉ QUÉBEC CAPITALE-NATIONALE - UNIVERSITAIRE,CENTRE MULTISERVICES DE SANTÉ ET DE SERVICES SOCIAUX DE SAINTE-ANNE-DE-BEAUPRÉ,51225357,6527,901,100,4.013986858,4884,2.175020475,5485,584,71,3.2544893649,3874,2.4097268829,1042,28,3,8.0119175197,1010,1.274770352,317,29
590,2025-2026,5,03,Capitale-Nationale,SANTÉ QUÉBEC CAPITALE-NATIONALE - UNIVERSITAIRE,HÔPITAL ET CLSC DE LA MALBAIE,51228690,5815,1074,184,4.5113278399,4904,1.6104153072,4794,743,100,3.1177523409,3883,1.8358509314,1021,74,8,11.054717597,1021,0.753053379,331,84
591,2025-2026,5,04,Mauricie et Centre-du-Québec,SANTÉ QUÉBEC MAURICIE-ET-CENTRE-DU-QUÉBEC - UNIVERSITAIRE,CENTRE MULTISERVICES DE SANTÉ ET DE SERVICES SOCIAUX AVELLIN-DALCOURT,51233583,8920,1294,184,4.2516847285,7272,2.5585969014,7713,797,99,3.5784492631,6078,2.8015863223,1207,37,4,8.5538099512,1194,1.3216708543,497,85
592,2025-2026,5,04,Mauricie et Centre-du-Québec,SANTÉ QUÉBEC MAURICIE-ET-CENTRE-DU-QUÉBEC - UNIVERSITAIRE,CENTRE MULTISERVICES DE SANTÉ ET DE SERVICES SOCIAUX CHRIST-ROI,51246338,9159,1066,279,4.6170528988,7109,3.0104689283,7270,500,156,3.787077411,5337,3.2869488164,1889,72,3,7.8112941886,1772,2.1777526963,566,123
593,2025-2026,5,04,Mauricie et Centre-du-Québec,SANTÉ QUÉBEC MAURICIE-ET-CENTRE-DU-QUÉBEC - UNIVERSITAIRE,CENTRE MULTISERVICES DE SANTÉ ET DE SERVICES SOCIAUX DE FORTIERVILLE,51219160,3332,379,76,2.3311216153,2136,2.0416510612,3082,328,63,2.2054451475,1896,2.1506592827,250,1,1,3.8804611111,240,1.1804861111,51,13
594,2025-2026,5,04,Mauricie et Centre-du-Québec,SANTÉ QUÉBEC MAURICIE-ET-CENTRE-DU-QUÉBEC - UNIVERSITAIRE,CENTRE MULTISERVICES DE SANTÉ ET DE SERVICES SOCIAUX DU HAUT-SAINT-MAURICE,51219731,4932,736,290,4.9168685793,4242,2.130891482,3582,422,136,3.240508096,2917,2.3046399459,1350,55,1,9.3648117284,1325,1.7483825996,314,154
595,2025-2026,5,04,Mauricie et Centre-du-Québec,SANTÉ QUÉBEC MAURICIE-ET-CENTRE-DU-QUÉBEC - UNIVERSITAIRE,HÔPITAL DU CENTRE-DE-LA-MAURICIE,51220051,13822,2581,977,6.6212127607,11296,2.2944124764,8477,822,254,4.0092654306,5984,3.1766451277,5345,395,29,10.763678152,5312,1.30057208,1759,723
596,2025-2026,5,04,Mauricie et Centre-du-Québec,SANTÉ QUÉBEC MAURICIE-ET-CENTRE-DU-QUÉBEC - UNIVERSITAIRE,HÔPITAL SAINTE-CROIX,51228781,17461,2825,1023,7.5590932809,12458,3.6318472289,9779,840,247,5.4808545239,5120,4.8595171441,7682,442,2,10.204640899,7338,2.7752555192,1985,776
597,2025-2026,5,04,Mauricie et Centre-du-Québec,SANTÉ QUÉBEC MAURICIE-ET-CENTRE-DU-QUÉBEC - UNIVERSITAIRE,HÔTEL-DIEU D'ARTHABASKA,51228039,15564,3098,804,6.0863231389,12840,2.262434666,9055,1022,173,4.1625615068,6437,2.9108808883,6509,288,10,8.7625655076,6403,1.6105451872,2076,631
598,2025-2026,5,04,Mauricie et Centre-du-Québec,SANTÉ QUÉBEC MAURICIE-ET-CENTRE-DU-QUÉBEC - UNIVERSITAIRE,PAVILLON SAINTE-MARIE,51220168,24070,5489,1392,8.9747463417,18424,3.27266458,13012,1398,406,5.0331798425,7504,4.5605484482,11058,1584,53,13.612805963,10920,2.3876572039,4091,986
599,2025-2026,5,05,Estrie,SANTÉ QUÉBEC ESTRIE - CENTRE HOSPITALIER UNIVERSITAIRE DE SHERBROOKE,CENTRE MULTISERVICES DE SANTÉ ET DE SERVICES SOCIAUX DE LA MRC DE COATICOOK,51247617,8787,778,288,2.5545313152,6941,2.0447664041,5830,424,176,2.2364348675,4094,2.0843069804,2957,0,0,3.1816879908,2847,1.987906861,354,112
600,2025-2026,5,05,Estrie,SANTÉ QUÉBEC ESTRIE - CENTRE HOSPITALIER UNIVERSITAIRE DE SHERBROOKE,CENTRE MULTISERVICES DE SANTÉ ET DE SERVICES SOCIAUX DE MEMPHRÉMAGOG,51219046,9465,2158,337,7.1549793097,7324,4.0410052188,6688,1036,138,5.288837387,4606,4.6589080668,2777,293,53,11.649310307,2718,2.9938895021,1122,199
601,2025-2026,5,05,Estrie,SANTÉ QUÉBEC ESTRIE - CENTRE HOSPITALIER UNIVERSITAIRE DE SHERBROOKE,CENTRE MULTISERVICES DE SANTÉ ET DE SERVICES SOCIAUX DES SOURCES,51247583,7021,1093,250,4.9178053142,5734,3.5059174321,6008,727,159,4.3918326491,4733,3.78963454,1013,22,1,8.0372957113,1001,2.1644258519,366,91
602,2025-2026,5,05,Estrie,SANTÉ QUÉBEC ESTRIE - CENTRE HOSPITALIER UNIVERSITAIRE DE SHERBROOKE,CENTRE MULTISERVICES DE SANTÉ ET DE SERVICES SOCIAUX DU GRANIT,51223832,6298,1159,235,4.6847952172,5472,2.7580348441,5155,757,135,3.8326233969,4340,2.9610125448,1143,34,0,8.5281423155,1132,1.9798341186,402,100
603,2025-2026,5,05,Estrie,SANTÉ QUÉBEC ESTRIE - CENTRE HOSPITALIER UNIVERSITAIRE DE SHERBROOKE,CHUS - HÔPITAL FLEURIMONT,51216687,18141,2756,437,8.4883955313,15436,2.8606828194,9344,573,149,6.1391570348,6642,4.9456363545,8797,777,21,10.983710356,8794,1.2859430672,2183,288
604,2025-2026,5,05,Estrie,SANTÉ QUÉBEC ESTRIE - CENTRE HOSPITALIER UNIVERSITAIRE DE SHERBROOKE,CHUS - HÔTEL-DIEU DE SHERBROOKE,51216695,18578,4197,2222,10.965709441,15739,3.2327985683,9218,1090,521,6.2636924134,6400,4.9568776042,9360,1500,390,15.59639245,9339,2.051290288,3107,1701
605,2025-2026,5,05,Estrie,SANTÉ QUÉBEC ESTRIE - CENTRE HOSPITALIER UNIVERSITAIRE DE SHERBROOKE,HÔPITAL BROME-MISSISQUOI-PERKINS,51229185,12130,2238,410,8.9427623202,9779,3.7441676325,8321,784,161,5.5104245951,6017,4.3777780086,3809,897,105,16.440919897,3762,2.730761563,1454,249
606,2025-2026,5,05,Estrie,SANTÉ QUÉBEC ESTRIE - CENTRE HOSPITALIER UNIVERSITAIRE DE SHERBROOKE,HÔPITAL DE GRANBY,51228120,15690,2660,902,9.8250523688,12055,3.8677928476,10833,1094,353,6.6088792219,7222,4.9286890366,4857,1311,105,16.998369993,4833,2.2824851139,1566,549
607,2025-2026,5,06,Montréal,SANTÉ QUÉBEC - CENTRE HOSPITALIER DE L'UNIVERSITÉ DE MONTRÉAL,CENTRE HOSPITALIER DE L'UNIVERSITÉ DE MONTRÉAL,51236297,30754,4917,2788,11.487877846,23298,2.931482793,18029,1324,895,7.0161291068,10651,4.716308693,12725,3364,315,17.823528771,12647,1.4283452378,3593,1893
608,2025-2026,5,06,Montréal,SANTÉ QUÉBEC - CENTRE HOSPITALIER UNIVERSITAIRE SAINTE-JUSTINE,CHU SAINTE-JUSTINE,51222800,27172,0,742,4.5039754874,24243,1.4140286199,17157,0,268,3.6460119129,14379,1.8170778759,10015,84,1,5.9737788872,9864,0.8264936188,0,474
609,2025-2026,5,06,Montréal,SANTÉ QUÉBEC - CENTRE UNIVERSITAIRE DE SANTÉ MCGILL,HÔPITAL DE LACHINE,51228310,8296,1393,242,10.730613984,6895,3.0834918621,6307,672,81,4.9432764301,4928,3.3014430014,1989,684,356,29.081915116,1967,2.5374505733,721,161
610,2025-2026,5,06,Montréal,SANTÉ QUÉBEC - CENTRE UNIVERSITAIRE DE SANTÉ MCGILL,HÔPITAL GÉNÉRAL DE MONTRÉAL,51248219,14039,1903,1826,14.574098266,12141,1.505204747,7216,552,393,5.4545621228,5370,2.1865907821,6823,2100,998,24.218913275,6771,0.9648055432,1351,1433
611,2025-2026,5,06,Montréal,SANTÉ QUÉBEC - CENTRE UNIVERSITAIRE DE SANTÉ MCGILL,HÔPITAL ROYAL VICTORIA,51223295,19799,3219,486,16.028117764,15798,3.7460818704,11040,760,200,8.1020855978,7206,5.3544141456,8759,3258,1465,26.018230233,8592,2.3971942569,2459,286
612,2025-2026,5,06,Montréal,SANTÉ QUÉBEC - CENTRE UNIVERSITAIRE DE SANTÉ MCGILL,L'HÔPITAL DE MONTRÉAL POUR ENFANTS,51223279,25738,4,869,5.1579230558,24387,1.3671329328,19643,0,264,4.2219349415,18303,1.5548336794,6095,206,9,8.174430772,6084,0.802457265,4,605
613,2025-2026,5,06,Montréal,SANTÉ QUÉBEC - INSTITUT DE CARDIOLOGIE DE MONTRÉAL,INSTITUT DE CARDIOLOGIE DE MONTRÉAL,51248201,8656,2445,209,8.0599524415,8243,1.5762527801,5788,1237,182,3.6304161867,5376,1.7883419105,2868,716,52,16.999337324,2867,1.1785579196,1208,27
614,2025-2026,5,06,Montréal,SANTÉ QUÉBEC CENTRE-OUEST-DE-L'ÎLE-DE-MONTRÉAL - UNIVERSITAIRE,HÔPITAL GÉNÉRAL JUIF,51248250,37934,7342,1986,10.018824969,33067,2.4111534914,13965,989,236,3.7494560807,9546,2.7872271981,23969,3384,940,13.671532072,23521,2.2585239431,6353,1750
615,2025-2026,5,06,Montréal,SANTÉ QUÉBEC CENTRE-SUD-DE-L'ÎLE-DE-MONTRÉAL - UNIVERSITAIRE,HÔPITAL DE VERDUN,51218097,17664,3133,953,8.0397869018,15157,1.931208994,11932,1060,356,4.2048516827,9440,2.4337335217,5732,1337,49,16.022767892,5717,1.1014326181,2073,597
616,2025-2026,5,06,Montréal,SANTÉ QUÉBEC CENTRE-SUD-DE-L'ÎLE-DE-MONTRÉAL - UNIVERSITAIRE,HÔPITAL NOTRE-DAME,51236313,15709,2147,2163,10.626686047,13437,2.1328765722,9799,548,715,5.3737824721,7556,2.8950010294,5910,1248,288,19.336195713,5881,1.1536872508,1599,1448
617,2025-2026,5,06,Montréal,SANTÉ QUÉBEC EST-DE-L'ÎLE-DE-MONTRÉAL - UNIVERSITAIRE,HÔPITAL MAISONNEUVE-ROSEMONT,12934659,26902,4745,1946,10.618494856,19091,3.3405062886,15444,1165,359,4.9741834297,7725,4.7724186264,11458,3225,506,18.226344888,11366,2.3672947094,3580,1587
618,2025-2026,5,06,Montréal,SANTÉ QUÉBEC EST-DE-L'ÎLE-DE-MONTRÉAL - UNIVERSITAIRE,HÔPITAL SANTA CABRINI,51235919,15441,3917,576,12.107293893,11090,3.3603218615,8597,948,216,5.3720538818,4286,5.1996545601,6844,2346,407,20.567676472,6804,2.2016828336,2969,360
619,2025-2026,5,06,Montréal,SANTÉ QUÉBEC EST-DE-L'ÎLE-DE-MONTRÉAL - UNIVERSITAIRE,INSTITUT UNIVERSITAIRE EN SANTÉ MENTALE DE MONTRÉAL,51235307,2256,108,2252,17.093262411,2202,1.5668748108,1002,36,999,3.4292248836,949,1.5821932444,1254,569,179,28.0114168,1253,1.5552729006,72,1253
620,2025-2026,5,06,Montréal,SANTÉ QUÉBEC NORD-DE-L'ÎLE-DE-MONTRÉAL - UNIVERSITAIRE,HÔPITAL DU SACRÉ-COEUR-DE-MONTRÉAL,12475976,27285,5546,1279,11.736291929,20266,3.3277441555,18127,1790,499,6.3237554783,11136,4.6812539162,9158,3574,943,22.44966256,9130,1.6768476938,3756,780
621,2025-2026,5,06,Montréal,SANTÉ QUÉBEC NORD-DE-L'ÎLE-DE-MONTRÉAL - UNIVERSITAIRE,HÔPITAL EN SANTÉ MENTALE ALBERT-PRÉVOST,51848752,1373,48,1369,23.105911224,1363,0.4698475585,592,16,588,4.5528927365,582,0.6403212104,781,512,207,37.169146749,781,0.342810855,32,781
622,2025-2026,5,06,Montréal,SANTÉ QUÉBEC NORD-DE-L'ÎLE-DE-MONTRÉAL - UNIVERSITAIRE,HÔPITAL FLEURY,51228492,12751,2128,320,8.656907846,9990,3.1763571905,9110,749,143,5.1265117697,6358,3.9443741044,3641,991,51,17.490170207,3632,1.8319046745,1379,177
623,2025-2026,5,06,Montréal,SANTÉ QUÉBEC NORD-DE-L'ÎLE-DE-MONTRÉAL - UNIVERSITAIRE,HÔPITAL JEAN-TALON,51228500,16759,2210,1348,7.7666268042,12200,2.9307317851,12265,668,429,4.5520708203,7734,3.7761173606,4494,1060,63,16.539775256,4466,1.4667344629,1542,919
624,2025-2026,5,06,Montréal,SANTÉ QUÉBEC OUEST-DE-L'ÎLE-DE-MONTRÉAL - UNIVERSITAIRE,CENTRE HOSPITALIER DE ST. MARY,51248243,13990,2872,1033,10.090246128,12373,2.8139223399,8657,887,292,6.0216460989,7057,3.5939637948,5333,1135,69,16.69475962,5316,1.7784158411,1985,741
625,2025-2026,5,06,Montréal,SANTÉ QUÉBEC OUEST-DE-L'ÎLE-DE-MONTRÉAL - UNIVERSITAIRE,HÔPITAL DE LASALLE,51224392,11354,1836,340,10.122179163,9367,3.3846973121,8651,777,111,5.6983047881,6679,3.9817202758,2703,983,391,24.280868479,2688,1.9012462798,1059,229
626,2025-2026,5,06,Montréal,SANTÉ QUÉBEC OUEST-DE-L'ÎLE-DE-MONTRÉAL - UNIVERSITAIRE,HÔPITAL DOUGLAS,51235190,2453,47,2390,11.517574285,2287,2.2323756255,1226,15,1170,3.9778015679,1062,2.2314265537,1227,272,20,19.051202119,1225,2.2331984127,32,1220
627,2025-2026,5,06,Montréal,SANTÉ QUÉBEC OUEST-DE-L'ÎLE-DE-MONTRÉAL - UNIVERSITAIRE,HÔPITAL GÉNÉRAL DU LAKESHORE,51228278,14918,3765,882,17.251454525,12290,3.1017848748,8946,1016,110,7.1149351355,6359,4.1246525048,5972,2393,1354,32.435865521,5931,2.005103833,2749,772
628,2025-2026,5,07,Outaouais,SANTÉ QUÉBEC OUTAOUAIS,CENTRE MULTISERVICES DE SANTÉ ET DE SERVICES SOCIAUX DE MANSFIELD-ET-PONTEFRACT,51245058,3606,443,63,4.0181146392,3308,1.8376367896,3464,405,54,3.7952847543,3166,1.8490555029,142,7,0,9.4539084507,142,1.5830477308,38,9
629,2025-2026,5,07,Outaouais,SANTÉ QUÉBEC OUTAOUAIS,CLSC ET CENTRE D'HÉBERGEMENT DE LA PETITE-NATION,51219491,4467,646,108,3.1672056812,3702,1.7004201933,4152,545,100,3.0541499411,3388,1.793532074,315,0,0,4.6573880071,314,0.6957607926,101,8
630,2025-2026,5,07,Outaouais,SANTÉ QUÉBEC OUTAOUAIS,HÔPITAL DE GATINEAU,51221703,16018,2392,1826,13.623545317,10208,6.2454484772,9689,789,427,7.4284445706,4216,7.0953040006,6329,1995,651,23.107560348,5992,5.6474860462,1603,1399
631,2025-2026,5,07,Outaouais,SANTÉ QUÉBEC OUTAOUAIS,HÔPITAL DE HULL,51221711,14660,2893,451,14.150759588,9656,6.1284519125,8712,767,250,8.3188686422,3985,7.3590923602,5948,1985,729,22.69269535,5671,5.2636834088,2126,201
632,2025-2026,5,07,Outaouais,SANTÉ QUÉBEC OUTAOUAIS,HÔPITAL DE MANIWAKI,51221893,5480,818,303,8.188810371,4649,2.4577697115,4031,428,143,3.6560727969,3233,2.6138430079,1449,341,209,20.798517177,1416,2.1014243958,390,160
633,2025-2026,5,07,Outaouais,SANTÉ QUÉBEC OUTAOUAIS,HÔPITAL ET CHSLD DE PAPINEAU,51228823,9891,1374,440,8.7035693223,7068,4.0916128639,7413,646,156,4.3778785767,4639,4.4257003425,2478,777,297,21.643983163,2429,3.4535594209,728,284
634,2025-2026,5,07,Outaouais,SANTÉ QUÉBEC OUTAOUAIS,HÔPITAL ET CHSLD DU PONTIAC,51219459,4960,656,163,6.7848639673,4290,2.5368451826,4366,469,110,4.5216532422,3700,2.634867042,594,182,81,23.419843808,590,1.9221318267,187,53
635,2025-2026,5,07,Outaouais,SANTÉ QUÉBEC OUTAOUAIS,HÔPITAL ET CHSLD MÉMORIAL DE WAKEFIELD / WAKEFIELD MEMORIAL HOSPITAL,51228799,7435,591,160,5.1409056265,5811,3.0499717012,6627,408,110,4.0369190852,5015,3.1543459067,808,142,27,14.195508113,796,2.3923879816,183,50
636,2025-2026,5,08,Abitibi-Témiscamingue,SANTÉ QUÉBEC ABITIBI-TÉMISCAMINGUE,CENTRE MULTISERVICES DE SANTÉ ET DE SERVICES SOCIAUX DE LA SARRE,51247559,6954,1084,351,5.3559172978,6124,2.346721188,5508,677,254,4.1559576475,4695,2.4624741451,1446,94,2,9.9267179576,1429,1.9664131872,407,97
637,2025-2026,5,08,Abitibi-Témiscamingue,SANTÉ QUÉBEC ABITIBI-TÉMISCAMINGUE,CENTRE MULTISERVICES DE SANTÉ ET DE SERVICES SOCIAUX DE TÉMISCAMING-KIPAWA,51247476,2043,217,103,2.2506478762,1917,0.810988089,1926,191,92,1.7430781989,1801,0.8322709606,117,8,0,10.606025641,116,0.4805531609,26,11
638,2025-2026,5,08,Abitibi-Témiscamingue,SANTÉ QUÉBEC ABITIBI-TÉMISCAMINGUE,CENTRE MULTISERVICES DE SANTÉ ET DE SERVICES SOCIAUX DE VILLE-MARIE,51247542,4823,769,252,5.457378303,4183,2.8641644753,4016,527,176,4.2834314824,3391,2.9913719322,807,71,8,11.299473014,792,2.3195173962,242,76
639,2025-2026,5,08,Abitibi-Témiscamingue,SANTÉ QUÉBEC ABITIBI-TÉMISCAMINGUE,HÔPITAL D'AMOS,51228906,9400,1133,443,4.8817455674,8455,1.9715946514,6970,538,322,3.413219831,6063,2.2689923855,2430,137,9,9.0939366712,2392,1.2177809132,595,121
640,2025-2026,5,08,Abitibi-Témiscamingue,SANTÉ QUÉBEC ABITIBI-TÉMISCAMINGUE,HÔPITAL DE ROUYN-NORANDA,51228922,9718,1462,499,6.5372482335,7487,3.5673197246,7952,851,360,5.4086994886,5758,3.9712634113,1766,167,10,11.618912797,1729,2.2220867875,611,139
641,2025-2026,5,08,Abitibi-Témiscamingue,SANTÉ QUÉBEC ABITIBI-TÉMISCAMINGUE,HÔPITAL DE VAL-D'OR,51225589,11299,1441,710,6.5402690995,9183,3.4029936053,9298,856,515,5.1681378612,7195,3.7918206702,2001,267,9,12.916119301,1988,1.9957447463,585,195
642,2025-2026,5,09,Côte-Nord,SANTÉ QUÉBEC CÔTE-NORD,CENTRE MULTISERVICES DE SANTÉ ET DE SERVICES SOCIAUX DE FERMONT,51245108,2278,20,145,13.458564652,2011,2.4013357092,2138,17,138,13.923658533,1871,2.4697961577,140,2,0,6.3559166667,140,1.4864107143,3,7
643,2025-2026,5,09,Côte-Nord,SANTÉ QUÉBEC CÔTE-NORD,CENTRE MULTISERVICES DE SANTÉ ET DE SERVICES SOCIAUX DE FORESTVILLE,51218741,4601,700,244,3.4524410756,3464,1.8068153387,3885,486,190,2.6983373373,2866,1.8913711522,716,40,3,7.544191108,598,1.4015695838,214,54
644,2025-2026,5,09,Côte-Nord,SANTÉ QUÉBEC CÔTE-NORD,CENTRE MULTISERVICES DE SANTÉ ET DE SERVICES SOCIAUX DE LA BASSE-CÔTE-NORD,51245140,1435,212,49,2.662126597,1384,0.9142419316,1233,162,47,2.3640213571,1182,0.9301393589,202,0,0,4.4817491749,202,0.8212183718,50,2
645,2025-2026,5,09,Côte-Nord,SANTÉ QUÉBEC CÔTE-NORD,CENTRE MULTISERVICES DE SANTÉ ET DE SERVICES SOCIAUX DE LA MINGANIE,51245116,3865,378,161,5.2398428921,3078,2.7979291206,2180,202,50,3.2786535423,1421,2.9437686684,1685,91,8,7.7771679855,1657,2.6728609267,176,111
646,2025-2026,5,09,Côte-Nord,SANTÉ QUÉBEC CÔTE-NORD,CENTRE MULTISERVICES DE SANTÉ ET DE SERVICES SOCIAUX DE PORT-CARTIER,51245132,5255,532,229,5.9358520985,4509,3.0049555827,4757,399,202,4.5452835587,4013,3.1530542404,498,115,48,19.218853191,496,1.8067299507,133,27
647,2025-2026,5,09,Côte-Nord,SANTÉ QUÉBEC CÔTE-NORD,CENTRE MULTISERVICES DE SANTÉ ET DE SERVICES SOCIAUX DES ESCOUMINS,51218733,4152,650,180,3.7963454025,3668,1.7617235399,3532,436,148,3.0286795332,3052,1.8071855432,620,21,2,8.1695645161,616,1.5364799784,214,32
648,2025-2026,5,09,Côte-Nord,SANTÉ QUÉBEC CÔTE-NORD,CLSC ET HÔPITAL LE ROYER,51228765,8883,1355,539,8.4558779566,7595,3.4835235901,6353,617,260,5.6173866677,5066,4.1199640852,2530,545,106,15.583520312,2529,2.2086293441,738,279
649,2025-2026,5,09,Côte-Nord,SANTÉ QUÉBEC CÔTE-NORD,HÔPITAL ET CLSC DE SEPT-ÎLES,51232023,8714,1079,677,9.6379831306,6599,4.1182352124,6263,507,320,5.5307666276,4218,4.5914322876,2451,682,240,20.133085929,2381,3.2799549676,572,357
650,2025-2026,5,11,Gaspésie-Îles-de-la-Madeleine,SANTÉ QUÉBEC DES ÎLES,HÔPITAL DE L'ARCHIPEL,51227783,6354,1045,204,5.3011760308,5368,1.7860676954,5057,679,102,3.2798869554,4081,1.8993429579,1297,207,52,13.182177461,1287,1.4268786152,366,102
651,2025-2026,5,11,Gaspésie-Îles-de-la-Madeleine,SANTÉ QUÉBEC GASPÉSIE,CENTRE MULTISERVICES DE SANTÉ ET DE SERVICES SOCIAUX DE GRANDE-VALLÉE,51247732,2775,610,69,2.0764416416,2005,1.0435029094,2618,538,66,1.6803726339,1857,1.0585651888,157,12,5,8.680955414,148,0.854512012,72,3
652,2025-2026,5,11,Gaspésie-Îles-de-la-Madeleine,SANTÉ QUÉBEC GASPÉSIE,CLSC ET CENTRE DE SERVICES AMBULATOIRES DE MURDOCHVILLE,51221307,953,151,43,3.3272082313,881,2.3596676756,934,144,42,3.2865423507,862,2.3893687162,19,0,0,5.3262573099,19,1.0121783626,7,1
653,2025-2026,5,11,Gaspésie-Îles-de-la-Madeleine,SANTÉ QUÉBEC GASPÉSIE,CLSC ET CENTRE DE SERVICES AMBULATOIRES DE PASPÉBIAC,51220978,5393,1129,200,4.2334037435,5005,1.9901439671,3930,734,160,3.3747950947,3585,2.135558035,1463,52,9,6.5398507633,1420,1.6230246479,395,40
654,2025-2026,5,11,Gaspésie-Îles-de-la-Madeleine,SANTÉ QUÉBEC GASPÉSIE,HÔPITAL DE CHANDLER,51227775,6877,1180,276,4.9898721988,5954,2.2760081924,5870,785,222,3.8766937819,4955,2.4208569907,1007,70,4,11.478806962,999,1.5575639528,395,54
655,2025-2026,5,11,Gaspésie-Îles-de-la-Madeleine,SANTÉ QUÉBEC GASPÉSIE,HÔPITAL DE GASPÉ,51220903,5669,961,209,4.739225711,4895,1.6060469867,4537,591,148,3.4059351505,3776,1.8057859581,1132,65,2,10.08298832,1119,0.9320395194,370,61
656,2025-2026,5,11,Gaspésie-Îles-de-la-Madeleine,SANTÉ QUÉBEC GASPÉSIE,HÔPITAL ET CLSC DE SAINTE-ANNE-DES-MONTS,51247799,5579,1036,236,5.1610256219,5003,2.3483311124,4308,629,159,3.5542162514,3747,2.5457438543,1271,114,7,10.607237084,1256,1.7593935775,407,77
657,2025-2026,5,11,Gaspésie-Îles-de-la-Madeleine,SANTÉ QUÉBEC GASPÉSIE,HÔPITAL ET GROUPE DE MÉDECINE DE FAMILLE UNIVERSITAIRE DE MARIA,51227908,6659,1301,332,7.6203632094,6077,2.3349838188,4879,641,153,4.1072859876,4305,2.5712155762,1780,481,99,17.249747347,1772,1.7610686293,660,179
658,2025-2026,5,12,Chaudière-Appalaches,SANTÉ QUÉBEC CHAUDIÈRE-APPALACHES,CHSLD ET HÔPITAL PAUL-GILBERT,51245199,16318,1632,207,2.5099287597,13528,1.6417054545,16266,1627,207,2.5111145778,13476,1.6470054789,52,0,0,2.1389957265,52,0.2681837607,5,0
659,2025-2026,5,12,Chaudière-Appalaches,SANTÉ QUÉBEC CHAUDIÈRE-APPALACHES,HÔPITAL DE MONTMAGNY,51245223,13762,2411,432,5.0742913256,12771,1.6751068393,10871,1398,246,2.9048644712,9882,1.9444701365,2891,442,103,13.23196664,2889,0.7537333179,1013,186
660,2025-2026,5,12,Chaudière-Appalaches,SANTÉ QUÉBEC CHAUDIÈRE-APPALACHES,HÔPITAL DE SAINT-GEORGES,51228971,18152,3556,882,7.7842440074,15121,2.5966581612,12722,1585,410,5.0404225401,9704,3.3104109417,5430,1031,84,14.212770104,5417,1.3180432486,1971,472
661,2025-2026,5,12,Chaudière-Appalaches,SANTÉ QUÉBEC CHAUDIÈRE-APPALACHES,HÔPITAL DE THETFORD,51245231,16158,2791,595,6.0309904966,15008,1.7410870314,12914,1572,345,4.1645663836,11768,1.9575473978,3244,535,29,13.461015464,3240,0.9548816015,1219,250
662,2025-2026,5,12,Chaudière-Appalaches,SANTÉ QUÉBEC CHAUDIÈRE-APPALACHES,HÔTEL-DIEU DE LÉVIS,51227569,30011,6544,2049,8.8698062932,27119,1.5369229241,19952,2577,865,3.676051468,17068,1.9830321036,10059,2654,837,19.171605306,10051,0.7793673101,3967,1184
663,2025-2026,5,13,Laval,SANTÉ QUÉBEC LAVAL,HÔPITAL DE LA CITÉ-DE-LA-SANTÉ,51228757,35279,7063,2448,11.296714759,27800,3.5788397382,21279,2074,477,5.9521861016,13864,4.4803848897,14000,4238,576,19.420016567,13936,2.6819523975,4989,1971
664,2025-2026,5,14,Lanaudière,SANTÉ QUÉBEC LANAUDIÈRE,HÔPITAL DE LANAUDIÈRE ET CENTRE D'HÉBERGEMENT PARPHILIA-FERLAND,51244945,30583,5555,2134,8.1857299444,24583,2.4804749782,19719,1742,1424,5.0840092043,13771,3.2686374144,10864,1786,64,13.815592911,10812,1.4766102993,3813,710
665,2025-2026,5,14,Lanaudière,SANTÉ QUÉBEC LANAUDIÈRE,HÔPITAL PIERRE-LE GARDEUR,51228062,33337,6492,1918,9.1144158559,23788,3.5616398324,22647,2376,646,5.3093212371,13140,4.090718861,10690,2622,127,17.175592454,10648,2.9087380259,4116,1272
666,2025-2026,5,15,Laurentides,SANTÉ QUÉBEC LAURENTIDES,CENTRE MULTISERVICES DE SANTÉ ET DE SERVICES SOCIAUX D'ARGENTEUIL,51245306,8316,1164,267,6.8132592125,6487,3.0485532604,6676,618,143,4.8406371497,4860,3.498376829,1640,286,33,14.84327439,1627,1.7048885133,546,124
667,2025-2026,5,15,Laurentides,SANTÉ QUÉBEC LAURENTIDES,CENTRE MULTISERVICES DE SANTÉ ET DE SERVICES SOCIAUX DE RIVIÈRE-ROUGE,51217628,5860,866,301,6.0245080584,5071,2.9778842656,4493,502,172,4.2370424364,3749,3.145465087,1367,160,22,11.899477363,1322,2.5026493949,364,129
668,2025-2026,5,15,Laurentides,SANTÉ QUÉBEC LAURENTIDES,CENTRE MULTISERVICES DE SANTÉ ET DE SERVICES SOCIAUX DE SAINTE-AGATHE,51246874,12837,2638,699,10.627340955,9718,4.4044078285,8192,1016,202,6.5532532756,5135,5.5878020123,4645,1202,92,17.812470398,4583,3.0784795864,1622,497
669,2025-2026,5,15,Laurentides,SANTÉ QUÉBEC LAURENTIDES,HÔPITAL DE MONT-LAURIER,51217610,7397,1181,364,8.3194330284,5916,3.8778168902,5361,579,141,6.0205883023,3906,4.2611822979,2036,320,33,14.372530561,2010,3.1328291874,602,223
670,2025-2026,5,15,Laurentides,SANTÉ QUÉBEC LAURENTIDES,HÔPITAL DE SAINT-EUSTACHE,51228864,21623,4778,1297,12.133968395,16102,3.3475141114,12523,1314,269,6.2452605428,7053,4.6529132599,9100,3090,626,20.237736355,9049,2.3300558073,3464,1028
671,2025-2026,5,15,Laurentides,SANTÉ QUÉBEC LAURENTIDES,HÔPITAL DE SAINT-JÉRÔME,51228880,24871,4951,2336,14.419960407,19116,3.5905118749,14460,1657,740,6.0797927616,8771,4.7297905345,10411,3805,1767,26.003749106,10345,2.6245753719,3294,1596
672,2025-2026,5,16,Montérégie,SANTÉ QUÉBEC MONTÉRÉGIE-CENTRE,HÔPITAL CHARLES-LE MOYNE,51233799,30073,5843,2469,9.2230510572,19102,4.0719136885,19523,2030,857,4.9934118163,8570,4.6856917542,10550,2467,185,17.050088678,10532,3.5724759727,3813,1612
673,2025-2026,5,16,Montérégie,SANTÉ QUÉBEC MONTÉRÉGIE-CENTRE,HÔPITAL DU HAUT-RICHELIEU,51229045,23227,4371,1518,9.9638653291,17641,3.5854199182,14736,1372,400,5.5937885488,9176,4.680255891,8491,2244,583,17.548066417,8465,2.398625484,2999,1118
674,2025-2026,5,16,Montérégie,SANTÉ QUÉBEC MONTÉRÉGIE-EST,HÔPITAL HONORÉ-MERCIER,51229193,19098,4181,1106,9.1857454533,14451,4.4786580513,9907,1428,380,5.4056385496,5412,5.6142399606,9191,1471,176,13.260331363,9039,3.7987411034,2753,726
675,2025-2026,5,16,Montérégie,SANTÉ QUÉBEC MONTÉRÉGIE-EST,HÔPITAL PIERRE-BOUCHER,51229011,23690,5525,1433,11.448760963,17883,4.967184772,11246,1727,436,6.4344501502,5551,6.0972665085,12444,2712,483,15.980337579,12332,4.4585013695,3798,997
676,2025-2026,5,16,Montérégie,SANTÉ QUÉBEC MONTÉRÉGIE-EST,HÔTEL-DIEU DE SOREL,51229102,13340,2480,711,8.9765864984,10252,3.5218071271,8320,997,187,4.996136652,5293,4.3686664253,5020,1130,138,15.573666722,4959,2.6179099169,1483,524
677,2025-2026,5,16,Montérégie,SANTÉ QUÉBEC MONTÉRÉGIE-OUEST,HÔPITAL ANNA-LABERGE,51229151,14664,3194,1025,14.688147353,11463,2.8307335921,8470,856,186,7.3030526368,5304,4.2772627053,6194,2336,944,24.786912648,6159,1.5850134401,2338,839
678,2025-2026,5,16,Montérégie,SANTÉ QUÉBEC MONTÉRÉGIE-OUEST,HÔPITAL BARRIE MEMORIAL / BARRIE MEMORIAL HOSPITAL,51228005,8274,919,143,6.3676380832,6827,3.0279549745,7003,560,98,4.3297096879,5573,3.0971242798,1271,350,62,17.596286826,1254,2.7205542265,359,45
679,2025-2026,5,16,Montérégie,SANTÉ QUÉBEC MONTÉRÉGIE-OUEST,HÔPITAL DU SUROÎT,51229136,16707,3138,1388,13.055821911,13033,2.3039027639,10312,965,734,4.5330131023,6785,3.1043205601,6395,2138,1232,26.798934411,6248,1.4346910567,2173,654
680,2026-2027,5,01,Bas-Saint-Laurent,SANTÉ QUÉBEC BAS-SAINT-LAURENT,CENTRE HOSPITALIER RÉGIONAL DU GRAND-PORTAGE,51218352,9113,1967,432,5.3449438531,7521,2.4722603377,6527,894,253,3.7079027288,4961,2.8344878945,2586,75,0,9.4767951362,2560,1.7703029514,1073,179
681,2026-2027,5,01,Bas-Saint-Laurent,SANTÉ QUÉBEC BAS-SAINT-LAURENT,CENTRE MULTISERVICES DE SANTÉ ET DE SERVICES SOCIAUX DE TROIS-PISTOLES,51236156,4976,757,131,3.5620304685,4586,1.6032468988,4306,508,96,2.7562983176,3921,1.6839048995,670,13,0,8.7403627695,665,1.1276679198,249,35
682,2026-2027,5,01,Bas-Saint-Laurent,SANTÉ QUÉBEC BAS-SAINT-LAURENT,CLSC DE POHÉNÉGAMOOK,51219418,4598,666,188,2.3784747596,4280,1.2812785566,4274,568,179,1.9627985754,3964,1.3049892785,324,15,1,7.8618081276,316,0.9838440577,98,9
683,2026-2027,5,01,Bas-Saint-Laurent,SANTÉ QUÉBEC BAS-SAINT-LAURENT,HÔPITAL D'AMQUI,51226892,5988,1167,230,4.716356231,5223,1.6514878635,4196,543,114,3.1746468197,3464,1.9529336669,1792,72,8,8.326296348,1759,1.0578504201,624,116
684,2026-2027,5,01,Bas-Saint-Laurent,SANTÉ QUÉBEC BAS-SAINT-LAURENT,HÔPITAL DE MATANE,51218980,6962,1328,337,5.0523764324,6368,2.2396283937,5332,732,231,3.7472699946,4793,2.4719267682,1630,156,34,9.3215957737,1575,1.5327038801,596,106
685,2026-2027,5,01,Bas-Saint-Laurent,SANTÉ QUÉBEC BAS-SAINT-LAURENT,HÔPITAL DE NOTRE-DAME-DU-LAC,51221877,5349,1167,137,4.8860618288,4618,1.914630191,3969,583,68,3.0945617424,3260,2.1919982958,1380,103,6,10.03857186,1358,1.2487833415,584,69
686,2026-2027,5,01,Bas-Saint-Laurent,SANTÉ QUÉBEC BAS-SAINT-LAURENT,HÔPITAL NOTRE-DAME-DE-FATIMA,51221141,6531,1393,227,4.5280889433,5975,2.142216318,5155,821,146,3.3484876064,4615,2.2773220778,1376,59,0,8.9473076147,1360,1.683750817,572,81
687,2026-2027,5,01,Bas-Saint-Laurent,SANTÉ QUÉBEC BAS-SAINT-LAURENT,HÔPITAL RÉGIONAL DE RIMOUSKI,51227882,12663,2704,768,6.8409151114,9612,3.3370145536,8757,1223,378,4.9221566873,5764,3.9383809469,3906,343,18,11.142647707,3848,2.4362152056,1481,390
688,2026-2027,5,02,Saguenay-Lac-Saint-Jean,SANTÉ QUÉBEC SAGUENAY - LAC-SAINT-JEAN - UNIVERSITAIRE,HÔPITAL D'ALMA,51219400,15209,2606,608,4.9422357011,12170,3.0001477677,12009,1578,316,3.9697115358,9035,3.2691318023,3200,52,0,8.5919365451,3135,2.2249417863,1028,292
689,2026-2027,5,02,Saguenay-Lac-Saint-Jean,SANTÉ QUÉBEC SAGUENAY - LAC-SAINT-JEAN - UNIVERSITAIRE,HÔPITAL DE CHICOUTIMI,51218394,21228,4009,1277,8.0333504622,18217,2.7852751551,12053,1348,441,4.9458136287,9133,3.6380561639,9175,1064,32,12.089381138,9084,1.9278941607,2661,836
690,2026-2027,5,02,Saguenay-Lac-Saint-Jean,SANTÉ QUÉBEC SAGUENAY - LAC-SAINT-JEAN - UNIVERSITAIRE,HÔPITAL DE DOLBEAU-MISTASSINI,51219384,8904,1612,354,4.7811441175,7768,2.2589233966,7306,1084,215,3.3990397923,6183,2.4406189462,1598,157,26,11.100076658,1585,1.5501388013,528,139
691,2026-2027,5,02,Saguenay-Lac-Saint-Jean,SANTÉ QUÉBEC SAGUENAY - LAC-SAINT-JEAN - UNIVERSITAIRE,HÔPITAL DE LA BAIE,51221364,7658,1164,289,5.6975691724,6796,2.8921557207,5854,585,178,4.5207319307,5017,3.1958973379,1804,59,2,9.5164190687,1779,2.0355667978,579,111
692,2026-2027,5,02,Saguenay-Lac-Saint-Jean,SANTÉ QUÉBEC SAGUENAY - LAC-SAINT-JEAN - UNIVERSITAIRE,HÔPITAL ET CENTRE D'HÉBERGEMENT DE ROBERVAL,51228203,9774,1512,610,6.4500113396,8547,2.750547463,6634,679,180,4.0313935785,5462,3.0057207881,3140,340,29,11.559919055,3085,2.2987624707,833,430
693,2026-2027,5,02,Saguenay-Lac-Saint-Jean,SANTÉ QUÉBEC SAGUENAY - LAC-SAINT-JEAN - UNIVERSITAIRE,HÔPITAL ET CENTRE DE RÉADAPTATION DE JONQUIÈRE,51224541,11250,2384,556,7.2849357284,8618,4.2438470836,7505,1015,227,5.2121967207,5017,4.6849794034,3745,181,0,11.438715769,3601,3.6292509025,1369,329
694,2026-2027,5,03,Capitale-Nationale,SANTÉ QUÉBEC - CENTRE HOSPITALIER UNIVERSITAIRE DE QUÉBEC - UNIVERSITÉ LAVAL,CENTRE HOSPITALIER DE L'UNIVERSITÉ LAVAL,51217594,29528,3236,2874,8.340026886,24762,2.068620938,16296,642,940,4.8735083252,11606,2.8805017041,13232,1424,311,12.609251982,13156,1.3523935002,2594,1934
695,2026-2027,5,03,Capitale-Nationale,SANTÉ QUÉBEC - CENTRE HOSPITALIER UNIVERSITAIRE DE QUÉBEC - UNIVERSITÉ LAVAL,HÔPITAL DE L'ENFANT-JÉSUS,51233914,26733,4877,3213,9.9149135276,23228,1.8871586974,15001,1730,966,4.2579179907,11589,2.4066898927,11732,2581,478,17.148172141,11639,1.369859357,3147,2247
696,2026-2027,5,03,Capitale-Nationale,SANTÉ QUÉBEC - CENTRE HOSPITALIER UNIVERSITAIRE DE QUÉBEC - UNIVERSITÉ LAVAL,HÔPITAL DU SAINT-SACREMENT,51217529,15641,3991,488,7.5382707663,11793,2.6417292038,10928,1763,179,4.3089255938,7138,3.179788534,4713,965,45,15.026130738,4655,1.8166663683,2228,309
697,2026-2027,5,03,Capitale-Nationale,SANTÉ QUÉBEC - CENTRE HOSPITALIER UNIVERSITAIRE DE QUÉBEC - UNIVERSITÉ LAVAL,HÔPITAL SAINT-FRANÇOIS D'ASSISE,51217602,17516,4501,529,10.026279148,14478,2.3721468205,9782,1314,204,4.9580655512,6771,3.4390741151,7734,1918,60,16.436579821,7707,1.4347957485,3187,325
698,2026-2027,5,03,Capitale-Nationale,SANTÉ QUÉBEC - CENTRE HOSPITALIER UNIVERSITAIRE DE QUÉBEC - UNIVERSITÉ LAVAL,L'HÔTEL-DIEU DE QUÉBEC,51217586,9533,2326,375,7.7008048067,8238,2.0685808988,5012,533,122,3.6936796134,3799,2.4042668392,4521,508,8,12.143120991,4439,1.7812930215,1793,253
699,2026-2027,5,03,Capitale-Nationale,SANTÉ QUÉBEC - INSTITUT UNIVERSITAIRE DE CARDIOLOGIE ET DE PNEUMOLOGIE DE QUÉBEC - UNIVERSITÉ LAVAL,INSTITUT UNIVERSITAIRE DE CARDIOLOGIE ET DE PNEUMOLOGIE DE QUÉBEC,51232130,13015,4676,311,7.5244956674,12093,1.9923781664,7033,1771,173,3.8439456056,6135,2.4446271394,5982,561,0,11.851695364,5958,1.5266938011,2905,138
700,2026-2027,5,03,Capitale-Nationale,SANTÉ QUÉBEC CAPITALE-NATIONALE - UNIVERSITAIRE,CENTRE MULTISERVICES DE SANTÉ ET DE SERVICES SOCIAUX CHAUVEAU,51225001,17285,1634,278,3.1518294282,10809,2.0432820643,16355,1498,258,3.066186878,9885,2.1343878492,930,0,0,4.6579411589,924,1.0686276455,136,20
701,2026-2027,5,03,Capitale-Nationale,SANTÉ QUÉBEC CAPITALE-NATIONALE - UNIVERSITAIRE,CENTRE MULTISERVICES DE SANTÉ ET DE SERVICES SOCIAUX DE BAIE-SAINT-PAUL,51244804,5108,1037,166,5.7093770665,4123,2.0060204948,3977,617,60,3.3379794234,3003,2.2187595738,1131,164,24,14.048058257,1120,1.4356138393,420,106
702,2026-2027,5,03,Capitale-Nationale,SANTÉ QUÉBEC CAPITALE-NATIONALE - UNIVERSITAIRE,CENTRE MULTISERVICES DE SANTÉ ET DE SERVICES SOCIAUX DE SAINT-MARC-DES-CARRIÈRES,51247344,7307,1053,137,3.2414080106,5949,1.8430554622,6145,673,118,2.6989321942,4812,2.0718483306,1162,16,1,6.1101807229,1137,0.8747605785,380,19
703,2026-2027,5,03,Capitale-Nationale,SANTÉ QUÉBEC CAPITALE-NATIONALE - UNIVERSITAIRE,CENTRE MULTISERVICES DE SANTÉ ET DE SERVICES SOCIAUX DE SAINT-RAYMOND,51247302,7992,1266,141,4.7154390154,6035,2.3183173157,6132,661,71,3.5860534446,4221,2.7290728895,1860,75,11,8.4387682198,1814,1.362529401,605,70
704,2026-2027,5,03,Capitale-Nationale,SANTÉ QUÉBEC CAPITALE-NATIONALE - UNIVERSITAIRE,CENTRE MULTISERVICES DE SANTÉ ET DE SERVICES SOCIAUX DE SAINTE-ANNE-DE-BEAUPRÉ,51225357,6867,969,76,3.9617427957,4914,2.2500791955,5693,607,55,3.1854705584,3784,2.510069004,1174,33,3,7.7260680485,1130,1.3794584562,362,21
705,2026-2027,5,03,Capitale-Nationale,SANTÉ QUÉBEC CAPITALE-NATIONALE - UNIVERSITAIRE,HÔPITAL ET CLSC DE LA MALBAIE,51228690,5785,1101,173,4.8585444156,4906,1.6993071975,4800,769,99,3.2355462963,3923,1.9208836067,985,112,15,12.767570784,983,0.8150302362,332,74
706,2026-2027,5,05,Estrie,SANTÉ QUÉBEC ESTRIE - CENTRE HOSPITALIER UNIVERSITAIRE DE SHERBROOKE,CENTRE MULTISERVICES DE SANTÉ ET DE SERVICES SOCIAUX DE LA MRC DE COATICOOK,51247617,9061,778,273,2.3715652552,6975,1.7436087216,7793,570,229,2.18232994,5729,1.8202927115,1268,1,1,3.5345864003,1246,1.3910223827,208,44
707,2026-2027,5,05,Estrie,SANTÉ QUÉBEC ESTRIE - CENTRE HOSPITALIER UNIVERSITAIRE DE SHERBROOKE,CENTRE MULTISERVICES DE SANTÉ ET DE SERVICES SOCIAUX DE MEMPHRÉMAGOG,51219046,9519,2193,282,6.9057043807,7434,3.4946518249,6875,1092,120,4.8787329293,4848,4.0669382563,2644,344,62,12.176290133,2586,2.4217807425,1101,162
708,2026-2027,5,05,Estrie,SANTÉ QUÉBEC ESTRIE - CENTRE HOSPITALIER UNIVERSITAIRE DE SHERBROOKE,CENTRE MULTISERVICES DE SANTÉ ET DE SERVICES SOCIAUX DES SOURCES,51247583,6757,1032,259,4.5773966915,5737,3.1081955823,5904,710,196,3.9992900294,4890,3.3069376278,853,23,0,8.578735183,847,1.9607946347,322,63
709,2026-2027,5,05,Estrie,SANTÉ QUÉBEC ESTRIE - CENTRE HOSPITALIER UNIVERSITAIRE DE SHERBROOKE,CENTRE MULTISERVICES DE SANTÉ ET DE SERVICES SOCIAUX DU GRANIT,51223832,6544,1228,191,5.167603063,5591,2.9661685944,5413,839,124,4.0909282181,4463,3.2211513805,1131,84,4,10.320601238,1128,1.9573138298,389,67
710,2026-2027,5,05,Estrie,SANTÉ QUÉBEC ESTRIE - CENTRE HOSPITALIER UNIVERSITAIRE DE SHERBROOKE,CHUS - HÔPITAL FLEURIMONT,51216687,19532,3026,435,8.74539815,15749,3.2907105213,11045,833,159,6.8183718123,7273,5.3717012695,8487,795,24,11.253234358,8476,1.505075114,2193,276
711,2026-2027,5,05,Estrie,SANTÉ QUÉBEC ESTRIE - CENTRE HOSPITALIER UNIVERSITAIRE DE SHERBROOKE,CHUS - HÔTEL-DIEU DE SHERBROOKE,51216695,18316,4319,2152,11.932597183,15382,3.0616575651,9086,1212,491,6.0229253797,6166,4.6865255703,9230,2033,410,17.750070423,9216,1.9745334201,3107,1661
712,2026-2027,5,05,Estrie,SANTÉ QUÉBEC ESTRIE - CENTRE HOSPITALIER UNIVERSITAIRE DE SHERBROOKE,HÔPITAL BROME-MISSISQUOI-PERKINS,51229185,12352,2344,375,8.8336398514,9724,3.9182355226,8706,876,123,5.2763386362,6129,4.3959747376,3646,967,96,17.327842918,3595,3.1037532839,1468,252
713,2026-2027,5,05,Estrie,SANTÉ QUÉBEC ESTRIE - CENTRE HOSPITALIER UNIVERSITAIRE DE SHERBROOKE,HÔPITAL DE GRANBY,51228120,16437,2848,928,10.048215341,12026,4.5008385304,11426,1146,368,7.5079440409,7046,5.9196734554,5011,1086,77,15.840500288,4980,2.4933865462,1702,560
714,2026-2027,5,06,Montréal,SANTÉ QUÉBEC - CENTRE HOSPITALIER DE L'UNIVERSITÉ DE MONTRÉAL,CENTRE HOSPITALIER DE L'UNIVERSITÉ DE MONTRÉAL,51236297,32697,5107,3158,11.714517192,24348,2.9204798249,18954,1412,876,7.4468024047,10703,4.866276667,13743,3516,291,17.600442104,13645,1.3942164611,3695,2282
715,2026-2027,5,06,Montréal,SANTÉ QUÉBEC - CENTRE HOSPITALIER UNIVERSITAIRE SAINTE-JUSTINE,CHU SAINTE-JUSTINE,51222800,27007,1,776,4.867113053,24178,1.4985251974,16698,1,261,3.9883812433,14008,1.9294689741,10309,80,1,6.2904386674,10170,0.9049499344,0,515
716,2026-2027,5,06,Montréal,SANTÉ QUÉBEC - CENTRE UNIVERSITAIRE DE SANTÉ MCGILL,HÔPITAL DE LACHINE,51228310,8612,1522,271,11.332884025,6535,3.4555179376,6557,758,99,4.9828067544,4505,3.7931535948,2055,736,453,31.594420114,2030,2.7062328955,764,172
717,2026-2027,5,06,Montréal,SANTÉ QUÉBEC - CENTRE UNIVERSITAIRE DE SANTÉ MCGILL,HÔPITAL GÉNÉRAL DE MONTRÉAL,51248219,14680,1876,1903,14.627836929,12640,1.5846658536,7786,532,402,5.5534082185,5795,2.3411144665,6894,1941,955,24.876386673,6845,0.9442539161,1344,1501
718,2026-2027,5,06,Montréal,SANTÉ QUÉBEC - CENTRE UNIVERSITAIRE DE SANTÉ MCGILL,HÔPITAL ROYAL VICTORIA,51223295,20604,3790,548,16.862328984,15966,4.0266336277,11697,893,219,8.6506520665,7207,5.9715230563,8907,3232,1496,27.646205138,8759,2.426357556,2897,329
719,2026-2027,5,06,Montréal,SANTÉ QUÉBEC - CENTRE UNIVERSITAIRE DE SANTÉ MCGILL,L'HÔPITAL DE MONTRÉAL POUR ENFANTS,51223279,26552,5,918,5.3169509097,24950,1.3249954353,20037,1,266,4.30064776,18450,1.5093184282,6515,247,10,8.4426095762,6500,0.8018017094,4,652
720,2026-2027,5,06,Montréal,SANTÉ QUÉBEC - INSTITUT DE CARDIOLOGIE DE MONTRÉAL,INSTITUT DE CARDIOLOGIE DE MONTRÉAL,51248201,8991,2555,226,7.9333639195,8473,1.6887100201,6210,1317,193,3.795533727,5694,1.8867472583,2781,731,61,17.173178912,2779,1.2829439047,1238,33
721,2026-2027,5,06,Montréal,SANTÉ QUÉBEC CENTRE-OUEST-DE-L'ÎLE-DE-MONTRÉAL - UNIVERSITAIRE,HÔPITAL GÉNÉRAL JUIF,51248250,39472,8108,2198,11.347984274,33706,2.6793888658,15675,1179,262,4.1134732943,10449,3.0682750875,23797,4385,1525,16.113331151,23257,2.504668475,6929,1936
722,2026-2027,5,06,Montréal,SANTÉ QUÉBEC CENTRE-SUD-DE-L'ÎLE-DE-MONTRÉAL - UNIVERSITAIRE,HÔPITAL DE VERDUN,51218097,18044,3080,929,8.4250010006,15306,2.3600565138,12388,1177,348,4.8797339719,9669,2.9616398628,5656,1281,73,16.189988262,5637,1.3281761871,1903,581
723,2026-2027,5,06,Montréal,SANTÉ QUÉBEC CENTRE-SUD-DE-L'ÎLE-DE-MONTRÉAL - UNIVERSITAIRE,HÔPITAL NOTRE-DAME,51236313,15696,2159,2061,11.995863065,13385,2.1499046404,9749,548,665,5.440202129,7464,2.9546847088,5947,1354,342,22.742649422,5921,1.1354005986,1611,1396
724,2026-2027,5,06,Montréal,SANTÉ QUÉBEC EST-DE-L'ÎLE-DE-MONTRÉAL - UNIVERSITAIRE,HÔPITAL MAISONNEUVE-ROSEMONT,12934659,29102,5482,1887,11.463035444,19674,4.1834632143,18121,1675,432,5.562582363,8745,5.9150132774,10981,3891,875,21.200045761,10929,2.7979379785,3807,1455
725,2026-2027,5,06,Montréal,SANTÉ QUÉBEC EST-DE-L'ÎLE-DE-MONTRÉAL - UNIVERSITAIRE,HÔPITAL SANTA CABRINI,51235919,15611,4023,495,12.086476505,11649,3.2200371277,8397,826,178,5.1568868842,4481,4.8923321307,7214,2186,535,20.152426609,7168,2.1746194506,3197,317
726,2026-2027,5,06,Montréal,SANTÉ QUÉBEC EST-DE-L'ÎLE-DE-MONTRÉAL - UNIVERSITAIRE,INSTITUT UNIVERSITAIRE EN SANTÉ MENTALE DE MONTRÉAL,51235307,2194,77,2189,14.945490859,2138,1.3033221599,1016,19,1011,2.9242795822,961,1.2455963117,1178,421,153,25.313530466,1177,1.3504543094,58,1178
727,2026-2027,5,06,Montréal,SANTÉ QUÉBEC OUEST-DE-L'ÎLE-DE-MONTRÉAL - UNIVERSITAIRE,CENTRE HOSPITALIER DE ST. MARY,51248243,14053,3040,1016,10.011843695,12048,2.8208231887,8315,928,296,5.7818402485,6333,3.5644257593,5738,1045,74,16.141589017,5715,1.9968100515,2112,720
728,2026-2027,5,06,Montréal,SANTÉ QUÉBEC OUEST-DE-L'ÎLE-DE-MONTRÉAL - UNIVERSITAIRE,HÔPITAL DE LASALLE,51224392,11415,1909,397,9.8799740838,8986,3.7902549027,8572,770,143,6.0776013312,6172,4.5344197811,2843,886,277,21.344602728,2814,2.1580638474,1139,254
729,2026-2027,5,06,Montréal,SANTÉ QUÉBEC OUEST-DE-L'ÎLE-DE-MONTRÉAL - UNIVERSITAIRE,HÔPITAL DOUGLAS,51235190,2281,63,2251,8.1171020264,2120,1.9421436059,1231,39,1205,3.6850652135,1070,1.8998624091,1050,43,0,13.313137566,1050,1.9852301587,24,1046
730,2026-2027,5,06,Montréal,SANTÉ QUÉBEC OUEST-DE-L'ÎLE-DE-MONTRÉAL - UNIVERSITAIRE,HÔPITAL GÉNÉRAL DU LAKESHORE,51228278,15905,4073,740,16.595906773,12367,3.1697051068,9183,1090,96,7.0190084032,5691,4.3855188016,6722,2636,1375,29.679015629,6676,2.1332767459,2983,644
731,2026-2027,5,07,Outaouais,SANTÉ QUÉBEC OUTAOUAIS,CENTRE MULTISERVICES DE SANTÉ ET DE SERVICES SOCIAUX DE MANSFIELD-ET-PONTEFRACT,51245058,3265,419,76,3.847823124,2960,1.7310368806,3127,388,71,3.6869267669,2822,1.7417164737,138,3,0,7.4936413043,138,1.5126469404,31,5
732,2026-2027,5,07,Outaouais,SANTÉ QUÉBEC OUTAOUAIS,CLSC ET CENTRE D'HÉBERGEMENT DE LA PETITE-NATION,51219491,4295,688,112,3.3335693959,3418,1.7361953059,4040,605,101,3.2390957096,3163,1.816741578,255,0,0,4.830328976,255,0.7371056645,83,11
733,2026-2027,5,07,Outaouais,SANTÉ QUÉBEC OUTAOUAIS,HÔPITAL DE GATINEAU,51221703,15386,2385,1925,15.07282062,10071,7.405174842,8608,794,361,8.6178359601,3741,8.3481131011,6778,2219,726,23.270593997,6330,6.8479027997,1591,1564
734,2026-2027,5,07,Outaouais,SANTÉ QUÉBEC OUTAOUAIS,HÔPITAL DE HULL,51221711,14537,3096,485,14.049998854,9725,6.4444601828,8054,785,235,8.646569441,3667,7.5048152441,6483,2040,568,20.762820154,6058,5.8026110561,2311,250
735,2026-2027,5,07,Outaouais,SANTÉ QUÉBEC OUTAOUAIS,HÔPITAL DE MANIWAKI,51221893,5753,821,330,6.7479031713,4787,2.6141165889,4281,435,175,3.6016494069,3352,2.717835952,1472,294,113,15.898115376,1435,2.3718397213,386,155
736,2026-2027,5,07,Outaouais,SANTÉ QUÉBEC OUTAOUAIS,HÔPITAL ET CHSLD DE PAPINEAU,51228823,9700,1309,363,9.7485676117,6990,4.9377925608,7030,559,134,5.5372331279,4379,5.4289513714,2670,820,274,20.836837807,2611,4.114052832,750,229
737,2026-2027,5,07,Outaouais,SANTÉ QUÉBEC OUTAOUAIS,HÔPITAL ET CHSLD DU PONTIAC,51219459,5064,649,176,5.6354768957,4224,2.4915860427,4496,492,121,4.3256317344,3661,2.5253572946,568,94,20,16.003547046,563,2.2719829288,157,55
738,2026-2027,5,07,Outaouais,SANTÉ QUÉBEC OUTAOUAIS,HÔPITAL ET CHSLD MÉMORIAL DE WAKEFIELD / WAKEFIELD MEMORIAL HOSPITAL,51228799,7624,724,168,5.6872224773,5734,3.6534182556,6746,497,127,4.737061345,4868,3.818262177,878,116,10,12.98766325,866,2.7267898383,227,41
739,2026-2027,5,08,Abitibi-Témiscamingue,SANTÉ QUÉBEC ABITIBI-TÉMISCAMINGUE,CENTRE MULTISERVICES DE SANTÉ ET DE SERVICES SOCIAUX DE LA SARRE,51247559,7016,1053,358,4.9484629577,6039,2.3941618829,5445,598,244,3.9404943373,4492,2.5749748318,1571,70,2,8.4420270175,1547,1.8691381168,455,114
740,2026-2027,5,08,Abitibi-Témiscamingue,SANTÉ QUÉBEC ABITIBI-TÉMISCAMINGUE,CENTRE MULTISERVICES DE SANTÉ ET DE SERVICES SOCIAUX DE TÉMISCAMING-KIPAWA,51247476,2031,276,127,3.2184891132,1862,1.1897895035,1937,250,117,2.6861214364,1768,1.2089270676,94,19,2,14.188661348,94,0.8298404255,26,10
741,2026-2027,5,08,Abitibi-Témiscamingue,SANTÉ QUÉBEC ABITIBI-TÉMISCAMINGUE,CENTRE MULTISERVICES DE SANTÉ ET DE SERVICES SOCIAUX DE VILLE-MARIE,51247542,4763,787,320,5.8218900903,4021,3.1192437619,3980,523,234,4.5338643914,3254,3.2317788363,783,90,11,12.368942813,767,2.641813342,264,86
742,2026-2027,5,08,Abitibi-Témiscamingue,SANTÉ QUÉBEC ABITIBI-TÉMISCAMINGUE,HÔPITAL D'AMOS,51228906,9057,1081,390,5.2162076295,8190,1.9538873287,6571,501,243,3.4822395543,5736,2.2793571304,2486,204,8,9.7994353938,2454,1.1931315086,580,147
743,2026-2027,5,08,Abitibi-Témiscamingue,SANTÉ QUÉBEC ABITIBI-TÉMISCAMINGUE,HÔPITAL DE ROUYN-NORANDA,51228922,10333,1653,533,7.3362828371,7869,4.14636492,8410,969,392,6.1162469283,5972,4.672554095,1923,256,9,12.671957301,1897,2.4898537164,684,141
744,2026-2027,5,08,Abitibi-Témiscamingue,SANTÉ QUÉBEC ABITIBI-TÉMISCAMINGUE,HÔPITAL DE VAL-D'OR,51225589,11152,1586,713,6.7885825662,9066,3.4637200039,9287,989,547,5.2437393369,7208,3.8819504177,1865,321,39,14.481322014,1858,1.8412200993,597,166
745,2026-2027,5,09,Côte-Nord,SANTÉ QUÉBEC CÔTE-NORD,CENTRE MULTISERVICES DE SANTÉ ET DE SERVICES SOCIAUX DE FERMONT,51245108,2221,23,169,4.9217303267,1983,2.7379866364,2090,21,152,4.8267024189,1852,2.8427980262,131,3,1,6.4378244275,131,1.2562256149,2,17
746,2026-2027,5,09,Côte-Nord,SANTÉ QUÉBEC CÔTE-NORD,CENTRE MULTISERVICES DE SANTÉ ET DE SERVICES SOCIAUX DE FORESTVILLE,51218741,4467,719,192,3.5492468846,3549,1.8962251495,3880,551,155,2.7811428981,3024,2.0241319444,587,53,3,8.6263226387,525,1.1594820106,168,37
747,2026-2027,5,09,Côte-Nord,SANTÉ QUÉBEC CÔTE-NORD,CENTRE MULTISERVICES DE SANTÉ ET DE SERVICES SOCIAUX DE LA BASSE-CÔTE-NORD,51245140,1613,290,78,2.8749566026,1555,1.1442043587,1399,208,69,2.6848592248,1342,1.1950457443,214,0,0,4.1176960021,213,0.82387976,82,9
748,2026-2027,5,09,Côte-Nord,SANTÉ QUÉBEC CÔTE-NORD,CENTRE MULTISERVICES DE SANTÉ ET DE SERVICES SOCIAUX DE LA MINGANIE,51245116,3455,372,153,4.4202515678,2977,2.035987758,1747,154,58,2.5616471093,1305,2.014952533,1708,87,2,6.3212948868,1672,2.0524058014,218,95
749,2026-2027,5,09,Côte-Nord,SANTÉ QUÉBEC CÔTE-NORD,CENTRE MULTISERVICES DE SANTÉ ET DE SERVICES SOCIAUX DE PORT-CARTIER,51245132,5369,501,235,6.4371493243,4525,3.2761287907,4845,364,192,4.6749696709,4007,3.39539431,524,122,58,22.730585242,518,2.3535478335,137,43
750,2026-2027,5,09,Côte-Nord,SANTÉ QUÉBEC CÔTE-NORD,CENTRE MULTISERVICES DE SANTÉ ET DE SERVICES SOCIAUX DES ESCOUMINS,51218733,3868,667,153,4.2769599563,3298,1.9912633077,3357,488,118,3.3472837851,2793,2.1155729602,511,39,6,10.384441183,505,1.3037447745,179,35
751,2026-2027,5,09,Côte-Nord,SANTÉ QUÉBEC CÔTE-NORD,CLSC ET HÔPITAL LE ROYER,51228765,8858,1515,591,10.45139952,7378,3.658439806,6382,714,303,5.8348472701,4913,4.2422225049,2476,783,384,22.35076804,2465,2.4949004958,801,288
752,2026-2027,5,09,Côte-Nord,SANTÉ QUÉBEC CÔTE-NORD,HÔPITAL ET CLSC DE SEPT-ÎLES,51232023,8620,1067,733,11.105833688,6273,4.809150991,6198,497,335,6.5205926643,3914,5.5338509198,2422,755,324,22.83965857,2359,3.6067450897,570,398
753,2026-2027,5,10,Nord-du-Québec,SANTÉ QUÉBEC BAIE-JAMES,CENTRE DE SANTÉ DE CHIBOUGAMAU,51218501,4154,466,338,5.5621617718,3661,1.3506643601,2943,270,116,3.0065156492,2480,1.5225577957,1211,109,17,11.772951647,1181,0.9897027002,196,222
754,2026-2027,5,10,Nord-du-Québec,SANTÉ QUÉBEC BAIE-JAMES,CENTRE DE SANTÉ DE RADISSON,51218543,211,7,9,2.4836901001,211,0.3991692996,211,7,9,2.4836901001,211,0.3991692996,0,0,0,,0,,0,0
755,2026-2027,5,10,Nord-du-Québec,SANTÉ QUÉBEC BAIE-JAMES,CENTRE DE SANTÉ ISLE-DIEU,51218535,1517,150,99,2.0690304329,1462,0.5835812813,1507,148,98,2.0048429551,1452,0.5783604989,10,1,0,11.742083333,10,1.3416388889,2,1
756,2026-2027,5,10,Nord-du-Québec,SANTÉ QUÉBEC BAIE-JAMES,CENTRE DE SANTÉ LEBEL,51218527,2244,261,134,2.9872742127,2205,0.7360492567,2105,247,119,2.1019737398,2066,0.6927641981,139,29,9,16.39416267,139,1.3794084732,14,15
757,2026-2027,5,10,Nord-du-Québec,SANTÉ QUÉBEC BAIE-JAMES,CENTRE DE SANTÉ RENÉ-RICARD,51218519,1709,187,148,1.6112499187,1668,0.4068861577,1650,170,140,1.3842614478,1610,0.4002902001,59,1,0,7.95923258,58,0.5899808429,17,8
758,2026-2027,5,11,Gaspésie-Îles-de-la-Madeleine,SANTÉ QUÉBEC DES ÎLES,HÔPITAL DE L'ARCHIPEL,51227783,6081,1021,175,4.5421610115,5314,1.6434429494,4796,676,94,3.1656659485,4046,1.7645712501,1285,96,6,9.6796476438,1268,1.2569405012,345,81
759,2026-2027,5,11,Gaspésie-Îles-de-la-Madeleine,SANTÉ QUÉBEC GASPÉSIE,CENTRE MULTISERVICES DE SANTÉ ET DE SERVICES SOCIAUX DE GRANDE-VALLÉE,51247732,3000,603,64,1.9143649074,2292,1.0022349476,2792,523,57,1.6497096864,2096,1.0230885549,208,6,0,5.466852297,196,0.7792290249,80,7
760,2026-2027,5,11,Gaspésie-Îles-de-la-Madeleine,SANTÉ QUÉBEC GASPÉSIE,CLSC ET CENTRE DE SERVICES AMBULATOIRES DE MURDOCHVILLE,51221307,1027,146,75,3.0247884886,969,1.4647749685,1002,140,75,2.952063096,946,1.4893707423,25,1,0,5.9396222222,23,0.4531400966,6,0
761,2026-2027,5,11,Gaspésie-Îles-de-la-Madeleine,SANTÉ QUÉBEC GASPÉSIE,CLSC ET CENTRE DE SERVICES AMBULATOIRES DE PASPÉBIAC,51220978,4897,984,187,4.4350132167,4487,1.9532984177,3601,631,134,3.4302978339,3224,2.1208575441,1296,67,12,7.2266645233,1263,1.5255782089,353,53
762,2026-2027,5,11,Gaspésie-Îles-de-la-Madeleine,SANTÉ QUÉBEC GASPÉSIE,HÔPITAL DE CHANDLER,51227775,6399,1262,238,6.4752490406,5370,2.6141384233,5328,850,169,4.6974890516,4306,2.8396541002,1071,191,29,15.319231507,1064,1.7014781746,412,69
763,2026-2027,5,11,Gaspésie-Îles-de-la-Madeleine,SANTÉ QUÉBEC GASPÉSIE,HÔPITAL DE GASPÉ,51220903,5833,997,196,6.1491621902,4879,1.7572486962,4725,600,119,3.9457156379,3787,1.9711211601,1108,243,53,15.545628761,1092,1.0155499593,397,77
764,2026-2027,5,11,Gaspésie-Îles-de-la-Madeleine,SANTÉ QUÉBEC GASPÉSIE,HÔPITAL ET CLSC DE SAINTE-ANNE-DES-MONTS,51247799,5251,963,220,5.4930324912,4776,2.0805714917,4151,581,142,3.4136299151,3687,2.2895501462,1100,183,40,13.339941667,1089,1.3730377002,382,78
765,2026-2027,5,11,Gaspésie-Îles-de-la-Madeleine,SANTÉ QUÉBEC GASPÉSIE,HÔPITAL ET GROUPE DE MÉDECINE DE FAMILLE UNIVERSITAIRE DE MARIA,51227908,6495,1357,335,7.828812377,5841,2.1584956438,4759,702,167,3.9630498938,4110,2.4371954582,1736,482,134,18.42625688,1731,1.4967647153,655,168
766,2026-2027,5,12,Chaudière-Appalaches,SANTÉ QUÉBEC CHAUDIÈRE-APPALACHES,CHSLD ET HÔPITAL PAUL-GILBERT,51245199,16678,1732,261,2.8822420421,12626,2.0964281377,16600,1727,261,2.8825160977,12548,2.107394494,78,0,0,2.8239173789,78,0.3322507123,5,0
767,2026-2027,5,12,Chaudière-Appalaches,SANTÉ QUÉBEC CHAUDIÈRE-APPALACHES,HÔPITAL DE MONTMAGNY,51245223,13489,2558,402,5.8032427657,12493,1.6718208641,10467,1449,215,3.0204714553,9474,1.9682183403,3022,616,203,15.441650213,3019,0.741688473,1109,187
768,2026-2027,5,12,Chaudière-Appalaches,SANTÉ QUÉBEC CHAUDIÈRE-APPALACHES,HÔPITAL DE SAINT-GEORGES,51228971,17425,3568,881,8.244154631,13847,2.947626341,12010,1570,392,4.8635816218,8461,3.8657370747,5415,1215,188,15.741972145,5386,1.5053435863,1998,489
769,2026-2027,5,12,Chaudière-Appalaches,SANTÉ QUÉBEC CHAUDIÈRE-APPALACHES,HÔPITAL DE THETFORD,51245231,16653,3006,575,6.8292388592,14944,2.3402433716,13113,1673,294,4.9049546887,11411,2.6641992863,3540,611,43,13.957244036,3533,1.2939198667,1333,281
770,2026-2027,5,12,Chaudière-Appalaches,SANTÉ QUÉBEC CHAUDIÈRE-APPALACHES,HÔTEL-DIEU DE LÉVIS,51227569,31265,6896,2181,8.7795937061,28005,1.6483972505,20772,2716,963,3.7464661831,17520,2.1215769914,10493,2633,877,18.743200388,10485,0.8577335347,4180,1218
771,2026-2027,5,13,Laval,SANTÉ QUÉBEC LAVAL,HÔPITAL DE LA CITÉ-DE-LA-SANTÉ,51228757,36310,7673,2480,11.469120077,27823,3.9785866709,21822,2380,465,6.1723138092,13440,4.990608631,14488,4436,583,19.447233438,14383,3.0329164253,5293,2015
772,2026-2027,5,14,Lanaudière,SANTÉ QUÉBEC LANAUDIÈRE,HÔPITAL DE LANAUDIÈRE ET CENTRE D'HÉBERGEMENT PARPHILIA-FERLAND,51244945,30764,5948,2068,9.07886981,23551,2.8292954298,19860,1954,1280,5.4411947941,12712,3.8993050748,10904,2560,189,15.704349067,10839,1.5743860647,3994,788
773,2026-2027,5,14,Lanaudière,SANTÉ QUÉBEC LANAUDIÈRE,HÔPITAL PIERRE-LE GARDEUR,51228062,34332,7079,1969,10.251016237,23092,4.1550136651,24214,2875,732,6.0037708672,12996,4.8434850894,10118,3631,400,20.415356955,10096,3.2687840069,4204,1237
774,2026-2027,5,15,Laurentides,SANTÉ QUÉBEC LAURENTIDES,CENTRE MULTISERVICES DE SANTÉ ET DE SERVICES SOCIAUX D'ARGENTEUIL,51245306,8421,1345,309,7.8363851944,6056,3.6524126211,6533,708,181,5.1908593551,4185,4.4038646622,1888,470,83,16.990633239,1871,1.9715859018,637,128
775,2026-2027,5,15,Laurentides,SANTÉ QUÉBEC LAURENTIDES,CENTRE MULTISERVICES DE SANTÉ ET DE SERVICES SOCIAUX DE RIVIÈRE-ROUGE,51217628,5808,808,334,6.5105845386,4905,3.4666047117,4316,463,145,4.7261611832,3460,3.7159289499,1492,178,22,11.672495532,1445,2.869606882,345,189
776,2026-2027,5,15,Laurentides,SANTÉ QUÉBEC LAURENTIDES,CENTRE MULTISERVICES DE SANTÉ ET DE SERVICES SOCIAUX DE SAINTE-AGATHE,51246874,13944,2853,736,10.401021168,10485,4.1940423886,9019,1128,203,6.2093369553,5620,5.4473669929,4925,1296,148,18.077122673,4865,2.7462141715,1725,533
777,2026-2027,5,15,Laurentides,SANTÉ QUÉBEC LAURENTIDES,HÔPITAL DE MONT-LAURIER,51217610,7339,1334,378,10.292872742,5907,3.6123998364,5247,652,158,6.7208310569,3844,3.9588463262,2092,610,149,19.252004063,2063,2.9668640599,682,220
778,2026-2027,5,15,Laurentides,SANTÉ QUÉBEC LAURENTIDES,HÔPITAL DE SAINT-EUSTACHE,51228864,23084,5118,1452,12.443197465,16675,3.8156858571,13841,1522,350,6.6411416966,7482,5.4229886914,9243,3326,735,21.131529596,9193,2.5075340235,3596,1102
779,2026-2027,5,15,Laurentides,SANTÉ QUÉBEC LAURENTIDES,HÔPITAL DE SAINT-JÉRÔME,51228880,26767,5258,2330,13.396441202,19031,4.0458202115,16513,1949,696,6.2406863279,8850,5.2940274011,10254,3729,1545,24.920039822,10181,2.9607957906,3309,1634
780,2026-2027,5,16,Montérégie,SANTÉ QUÉBEC MONTÉRÉGIE-CENTRE,HÔPITAL CHARLES-LE MOYNE,51233799,30629,6203,2552,10.910198205,18460,5.2831660949,19984,2342,854,6.7061816676,7826,6.5437024022,10645,2881,341,18.802454334,10634,4.3554853405,3861,1698
781,2026-2027,5,16,Montérégie,SANTÉ QUÉBEC MONTÉRÉGIE-CENTRE,HÔPITAL DU HAUT-RICHELIEU,51229045,24537,4705,1577,10.245924239,17377,3.9838059888,15248,1439,359,5.7989338128,8136,5.4196451983,9289,2344,611,17.545710009,9241,2.7196584064,3266,1218
782,2026-2027,5,16,Montérégie,SANTÉ QUÉBEC MONTÉRÉGIE-EST,HÔPITAL HONORÉ-MERCIER,51229193,21316,4534,1187,9.3407789662,15030,4.818258483,11999,1722,495,5.4499306655,5906,5.9246364338,9317,1827,263,14.351650358,9124,4.1020958157,2812,692
783,2026-2027,5,16,Montérégie,SANTÉ QUÉBEC MONTÉRÉGIE-EST,HÔPITAL PIERRE-BOUCHER,51229011,24579,5746,1344,12.614750227,17862,5.4992763968,12135,1790,390,6.6110692213,5538,6.5330880583,12444,3359,817,18.469352365,12324,5.0347154603,3956,954
784,2026-2027,5,16,Montérégie,SANTÉ QUÉBEC MONTÉRÉGIE-EST,HÔTEL-DIEU DE SOREL,51229102,12671,2569,689,10.315050882,9450,4.3425346855,7968,1005,184,5.6551743432,4827,5.3177620675,4703,1337,238,18.209989487,4623,3.3242732593,1564,505
785,2026-2027,5,16,Montérégie,SANTÉ QUÉBEC MONTÉRÉGIE-OUEST,HÔPITAL ANNA-LABERGE,51229151,16689,3376,1177,13.814233261,11954,4.3910491607,10551,1013,280,6.9884008888,5879,5.8461584075,6138,2426,877,25.547592231,6075,2.9828866484,2363,897
786,2026-2027,5,16,Montérégie,SANTÉ QUÉBEC MONTÉRÉGIE-OUEST,HÔPITAL BARRIE MEMORIAL / BARRIE MEMORIAL HOSPITAL,51228005,8586,1050,133,6.0443687398,7235,2.9322803885,7169,619,93,4.2550520373,5826,3.0472465385,1417,286,32,15.097023249,1409,2.4569129012,431,40
787,2026-2027,5,16,Montérégie,SANTÉ QUÉBEC MONTÉRÉGIE-OUEST,HÔPITAL DU SUROÎT,51229136,18278,3513,1478,11.792487766,14843,2.0829909347,12459,1293,713,4.1776995211,9040,2.6188347161,5819,1818,1020,28.096431183,5803,1.2482454956,2220,765
