_id,annee,cumul_periode,rss,region,nom_etablissement,nom_installation,no_permis_installation,nb_visites_total,nb_usagers_75ans_et_plus_total,nb_usagers_sante_mentale_total,dms_total,nb_usagers_pec_total,delai_pec_total,nb_visites_ambulatoire,nb_usagers_75ans_et_plus_amb,nb_usagers_sante_mentale_amb,dms_ambulatoire,nb_usagers_pec_ambulatoire,delai_pec_ambulatoire,nb_visites_sur_civiere,nb_usagers_sur_civiere_plus_24h,nb_usagers_sur_civiere_plus_48h,dms_sur_civiere,nb_usagers_pec_sur_civiere,delai_pec_sur_civiere,nb_usagers_75ans_et_plus_civ,nb_usagers_sante_mentale_civ
1,2022-2023,4,99,Total provincial,Total provincial,Total provincial,,1085838,160682,61787,8.7517545967,857958,2.7927444898,751893,59956,25322,4.8346725764,527818,3.3116432232,333945,77385,23465,17.571250476,330140,1.9631446482,100726,36465
2,2023-2024,4,99,Total provincial,Total provincial,Total provincial,,1037164,166416,61290,8.6737049214,840233,2.713044225,697532,63745,24172,4.7758771047,504191,3.2083854344,339632,73789,18723,16.679015471,336042,1.9698437332,102671,37118
3,2024-2025,4,99,Total provincial,Total provincial,Total provincial,,1205058,198001,70344,8.6072267234,972216,2.9261385459,809888,75927,27527,4.9338554796,581582,3.4734277267,395170,82450,18650,16.135681034,390634,2.111325866,122074,42817
4,2025-2026,4,99,Total provincial,Total provincial,Total provincial,,1159795,200386,69638,8.5151003341,941873,2.7360797599,768251,77086,26747,4.7198370827,554708,3.2053678592,391544,78116,17284,15.961810763,387165,2.0637104522,123300,42891
5,2026-2027,4,99,Total provincial,Total provincial,Total provincial,,1066085,190104,63338,8.9035422684,851982,2.922385751,712838,76551,24813,4.9003258556,502716,3.3784075784,353247,77671,18255,16.981869278,349266,2.2660107562,113553,38525
6,2022-2023,4,08,Abitibi-Témiscamingue,Total régional,Total régional,,34224,3659,1856,5.9164838921,28233,2.9160538102,28405,2039,1349,4.6336856285,22447,3.2011071759,5819,731,98,12.178364744,5786,1.810178784,1620,507
7,2022-2023,4,01,Bas-Saint-Laurent,Total régional,Total régional,,42005,6475,1428,4.2091247801,36084,1.839392467,31818,3105,891,3.0417297512,26043,2.011791279,10187,256,15,7.8553577272,10041,1.3922475351,3370,537
8,2022-2023,4,03,Capitale-Nationale,Total régional,Total régional,,116697,18355,6202,7.2589252532,93829,1.9510259384,78584,7145,2214,3.6642025271,55929,2.4175362911,38113,6559,1556,14.670771361,37900,1.2625969804,11210,3988
9,2022-2023,4,12,Chaudière-Appalaches,Total régional,Total régional,,73326,11054,2960,6.0142100877,62286,1.745382202,56705,5022,1481,3.3259235713,45684,2.0447820839,16621,3479,541,15.185697177,16602,0.9215185587,6032,1479
10,2022-2023,4,09,Côte-Nord,Total régional,Total régional,,31417,3382,1490,6.5731675438,24778,2.859682458,25045,1881,964,4.4895591158,18579,2.9940423327,6372,1078,435,14.762742729,6199,2.4569929738,1501,526
11,2022-2023,4,05,Estrie,Total régional,Total régional,,71581,10829,3759,8.3426408893,57974,3.112067076,46846,3680,1249,5.0205784556,33365,4.0036486838,24735,4675,1091,14.634346439,24609,1.9032564644,7149,2510
12,2022-2023,4,11,Gaspésie-Îles-de-la-Madeleine,Total régional,Total régional,,30140,4756,1215,5.4101317186,26459,1.9112916315,24632,2923,823,3.4017676983,21069,2.0394613598,5508,921,311,14.391617294,5390,1.4102882911,1833,392
13,2022-2023,4,14,Lanaudière,Total régional,Total régional,,44284,7358,2666,10.216644455,31385,3.7201019861,30205,2384,1464,6.0167476871,17367,4.6877632067,14079,4412,792,19.227077148,14018,2.5212596107,4974,1202
14,2022-2023,4,15,Laurentides,Total régional,Total régional,,57495,9051,3732,12.040593351,42025,3.8470417146,38920,3318,1288,6.173850855,23596,4.7327393885,18575,6831,2656,24.333116525,18429,2.7130180392,5733,2444
15,2022-2023,4,13,Laval,Total régional,Total régional,,28821,4788,1795,8.7517344799,21357,3.1129045252,19510,1435,564,5.3394210804,12077,3.9861801128,9311,1851,111,15.901797247,9280,1.9764229227,3353,1231
16,2022-2023,4,04,Mauricie et Centre-du-Québec,Total régional,Total régional,,74373,11836,3863,7.5801108377,56604,3.2598258663,50056,3978,1188,4.8369944551,32656,4.0686501375,24317,3596,363,13.226754488,23948,2.1568959598,7858,2675
17,2022-2023,4,06,Montréal,Total régional,Total régional,,265538,35746,18501,10.890211983,214708,2.8959558033,169560,9936,6729,5.9443922686,120434,3.7427801927,95978,25900,8825,19.627768409,94274,1.8141469428,25810,11772
18,2022-2023,4,16,Montérégie,Total régional,Total régional,,113495,19187,6906,11.353428017,80191,3.5342053036,77540,6873,2850,5.5384055326,44426,4.1214554728,35955,12085,4942,23.894016069,35765,2.8047442099,12314,4056
19,2022-2023,4,07,Outaouais,Total régional,Total régional,,47392,5994,2744,8.1150327118,35666,2.7146616837,35414,2861,1248,4.1369131715,23897,2.7513978393,11978,3096,1420,19.876689533,11769,2.6400687777,3133,1496
20,2022-2023,4,02,Saguenay-Lac-Saint-Jean,Total régional,Total régional,,55050,8212,2670,6.2352875971,46379,2.6366863355,38653,3376,1020,3.7923243776,30249,2.9486572283,16397,1915,309,11.994137224,16130,2.0516393711,4836,1650
21,2023-2024,4,08,Abitibi-Témiscamingue,Total régional,Total régional,,32201,3747,1723,6.0284436042,27313,2.7187572361,25925,2098,1211,4.699865038,21103,3.0009386896,6276,674,95,11.516556945,6210,1.7598401324,1649,512
22,2023-2024,4,01,Bas-Saint-Laurent,Total régional,Total régional,,39435,6957,1604,4.4103761534,34320,1.8641345183,29391,3519,939,3.1909050484,24436,2.0362881495,10044,276,8,7.9788225143,9884,1.438522809,3438,665
23,2023-2024,4,03,Capitale-Nationale,Total régional,Total régional,,111075,18928,6175,7.2071149699,92018,1.8863703508,72969,7293,2195,3.6179669487,54131,2.3492820555,38106,5940,1289,14.079957618,37887,1.2249858791,11635,3980
24,2023-2024,4,12,Chaudière-Appalaches,Total régional,Total régional,,68795,11053,3004,5.5245589392,60161,1.6620005208,53197,5435,1568,3.1959446909,44579,1.9572679961,15598,2494,315,13.466300968,15582,0.817261156,5618,1436
25,2023-2024,4,09,Côte-Nord,Total régional,Total régional,,29119,3425,1562,5.9848664007,23263,2.5886556382,22929,2004,1011,3.7175962391,17213,2.7135198687,6190,1069,348,14.383289266,6050,2.2334014233,1421,551
26,2023-2024,4,05,Estrie,Total régional,Total régional,,69086,11271,3792,8.5770943381,56950,3.2368633548,45055,4208,1263,5.244929956,33056,4.1579855145,24031,4709,967,14.824469239,23894,1.9625428513,7063,2529
27,2023-2024,4,11,Gaspésie-Îles-de-la-Madeleine,Total régional,Total régional,,28864,4731,1190,5.2949778367,25888,1.7745397696,23128,2864,787,3.3243737869,20221,1.9075954041,5736,932,219,13.240607276,5667,1.2997704057,1867,403
28,2023-2024,4,14,Lanaudière,Total régional,Total régional,,42930,7708,2688,10.234663127,30736,4.0043394011,28265,2555,1433,6.1533641135,16160,5.0346851966,14665,4275,517,18.100869512,14576,2.8620240845,5153,1255
29,2023-2024,4,15,Laurentides,Total régional,Total régional,,55786,9907,3820,11.451045448,42227,3.8977121536,36278,3676,1153,6.3966766283,22896,4.8976170146,19508,6104,1718,20.8503889,19331,2.7134060289,6231,2667
30,2023-2024,4,13,Laval,Total régional,Total régional,,27068,5273,1731,9.1599121862,20941,2.7609818591,17345,1689,410,5.1288289132,11239,3.5173074166,9723,1886,196,16.351019804,9702,1.8848384926,3584,1321
31,2023-2024,4,04,Mauricie et Centre-du-Québec,Total régional,Total régional,,69625,12090,3504,7.1835740076,54968,2.8699119892,45508,4126,1083,4.3420535645,31256,3.5157189375,24117,3324,208,12.5454313,23712,2.0186408195,7964,2421
32,2023-2024,4,06,Montréal,Total régional,Total régional,,253674,36353,18558,10.832771293,210117,2.6326974363,155896,10247,6348,5.637153421,113610,3.4000459491,97778,25858,7550,19.116598369,96507,1.7293591858,26106,12210
33,2023-2024,4,16,Montérégie,Total régional,Total régional,,111055,20586,6732,10.752300849,82247,3.5573428818,71656,7457,2606,5.7705568387,43121,4.2088165666,39399,11312,3428,19.812730019,39126,2.8393498143,13129,4126
34,2023-2024,4,07,Outaouais,Total régional,Total régional,,45945,6112,2526,9.6700113481,33955,3.2422422078,34238,2998,1114,4.804789537,22501,3.2229052659,11707,3523,1759,23.898717624,11454,3.2802289836,3114,1412
35,2023-2024,4,02,Saguenay-Lac-Saint-Jean,Total régional,Total régional,,52506,8275,2681,6.0011340238,45129,2.6192885641,35752,3576,1051,3.7451236217,28669,2.9370027537,16754,1413,106,10.815320719,16460,2.0659138315,4699,1630
36,2024-2025,4,08,Abitibi-Témiscamingue,Total régional,Total régional,,39029,4697,2103,5.9922728043,32933,3.0351642645,31716,2597,1531,4.8463820487,25701,3.3451016822,7313,745,84,10.961925642,7232,1.9337121666,2100,572
37,2024-2025,4,01,Bas-Saint-Laurent,Total régional,Total régional,,48014,8202,1875,4.5843113293,41559,2.0062063171,36855,4187,1152,3.2692635554,30556,2.1975077363,11159,584,51,8.9275397288,11003,1.4749506448,4015,723
38,2024-2025,4,03,Capitale-Nationale,Total régional,Total régional,,130913,22550,7253,7.1371777779,108200,2.028154372,86715,8720,2588,3.7876565025,64341,2.5000248502,44198,7095,1037,13.708826663,43859,1.3359220266,13830,4665
39,2024-2025,4,12,Chaudière-Appalaches,Total régional,Total régional,,79855,13386,3347,6.1902017233,69001,2.0431176521,62402,6814,1687,3.5798324261,51576,2.4080528303,17453,3294,876,15.523397442,17425,0.9629514108,6572,1660
40,2024-2025,4,09,Côte-Nord,Total régional,Total régional,,34664,4238,1889,6.3492286907,27480,3.1740653,27551,2508,1141,4.5046244944,20543,3.3696485962,7113,1042,328,13.493990424,6937,2.5948714622,1730,748
41,2024-2025,4,05,Estrie,Total régional,Total régional,,79243,13127,4020,8.5865887734,64525,3.7521817857,52307,4924,1449,5.9190143501,37802,4.836820061,26936,4322,556,13.766749724,26723,2.2178669228,8203,2571
42,2024-2025,4,11,Gaspésie-Îles-de-la-Madeleine,Total régional,Total régional,,34274,5870,1295,4.8873760398,30108,2.0235790229,27536,3689,814,3.5147433763,23470,2.1815516617,6738,633,76,10.49687634,6638,1.4650346071,2181,481
43,2024-2025,4,14,Lanaudière,Total régional,Total régional,,49136,9137,3136,9.785550315,36664,3.5010597589,32130,2933,1623,5.69826602,19739,4.3821134978,17006,4704,432,17.507792135,16925,2.4735194485,6204,1513
44,2024-2025,4,15,Laurentides,Total régional,Total régional,,65392,11799,4354,11.614657387,50427,3.7072558737,42346,4279,1411,6.1505004474,27547,4.6350453467,23046,7261,2318,21.654802738,22880,2.5902184343,7520,2943
45,2024-2025,4,13,Laval,Total régional,Total régional,,30184,5850,2007,10.094328204,23626,3.6052236119,18820,1816,416,6.2638073267,12305,4.6793531085,11364,2396,160,16.438080659,11321,2.4377328024,4034,1591
46,2024-2025,4,04,Mauricie et Centre-du-Québec,Total régional,Total régional,,82086,14758,4138,7.0264326438,65039,3.1104432853,53287,5255,1215,4.7155391767,36752,3.8787747001,28799,2740,130,11.302295701,28287,2.1121855642,9503,2923
47,2024-2025,4,06,Montréal,Total régional,Total régional,,293987,42982,20828,10.359036434,240155,2.676824493,179921,11912,7103,5.4792713978,127399,3.4668777533,114066,28501,7306,18.056090816,112756,1.784171372,31070,13725
48,2024-2025,4,16,Montérégie,Total régional,Total régional,,123831,23736,8036,11.140956795,90253,3.9414325347,77154,8363,2966,5.9719834573,44084,4.8160685913,46677,13509,3997,19.684928534,46169,3.1062951933,15373,5070
49,2024-2025,4,07,Outaouais,Total régional,Total régional,,53118,7638,3139,9.2970567259,40118,3.954141304,38820,3510,1347,5.3391234258,26312,3.8225507901,14298,4009,1209,20.043103076,13806,4.2049315113,4128,1792
50,2024-2025,4,02,Saguenay-Lac-Saint-Jean,Total régional,Total régional,,61332,10031,2924,6.2101834551,52128,2.8933888804,42328,4420,1084,4.0820341277,33455,3.2810325479,19004,1615,90,10.950254215,18673,2.1988770774,5611,1840
51,2025-2026,4,08,Abitibi-Témiscamingue,Total régional,Total régional,,35614,4880,1874,5.6984895687,30099,2.7442977157,28657,2898,1359,4.4526012357,23235,3.0171773307,6957,612,26,10.830503649,6864,1.8205859071,1982,515
52,2025-2026,4,01,Bas-Saint-Laurent,Total régional,Total régional,,44630,8462,1835,4.8289405358,38529,2.1385363334,33641,4485,1091,3.4195657663,27731,2.3327623919,10989,579,30,9.1435075227,10798,1.6397325894,3977,744
53,2025-2026,4,03,Capitale-Nationale,Total régional,Total régional,,126785,23269,7024,6.9196305557,104964,1.9490329462,84096,9247,2558,3.7352027346,62579,2.3824421176,42689,5748,714,13.192854151,42385,1.3091293828,14022,4466
54,2025-2026,4,12,Chaudière-Appalaches,Total régional,Total régional,,76037,13528,3399,6.4920468069,67345,1.8099389668,58568,6927,1706,3.6612692654,49900,2.1164498386,17469,3721,767,15.982743415,17445,0.9331896118,6601,1693
55,2025-2026,4,09,Côte-Nord,Total régional,Total régional,,31467,3879,1803,7.1326828459,26073,2.9198417477,24400,2217,1100,5.1879551799,19168,3.0947631034,7067,1189,308,13.847180518,6905,2.4342671575,1662,703
56,2025-2026,4,05,Estrie,Total régional,Total régional,,77085,13730,4086,8.1273796458,63088,3.2412947699,49193,5163,1447,5.2892343536,35432,4.1957147729,27892,4003,601,13.133004247,27656,2.0185217895,8567,2639
57,2025-2026,4,11,Gaspésie-Îles-de-la-Madeleine,Total régional,Total régional,,31800,5859,1250,5.086346008,27986,1.9577748299,25285,3732,825,3.3954091029,21554,2.1084744389,6515,795,142,11.648946107,6432,1.452771818,2127,425
58,2025-2026,4,14,Lanaudière,Total régional,Total régional,,51324,9604,3232,8.533150221,39107,2.8824963704,34122,3282,1690,5.0401868459,21984,3.4795699777,17202,3531,155,15.461815277,17123,2.1159212268,6322,1542
59,2025-2026,4,15,Laurentides,Total régional,Total régional,,64614,12507,4265,11.450701963,50093,3.5210859524,41062,4432,1346,5.8233870123,26728,4.3689567017,23552,7228,2270,21.261707675,23365,2.5511784245,8075,2919
60,2025-2026,4,13,Laval,Total régional,Total régional,,28262,5631,1973,11.569603924,22239,3.5908697558,17056,1612,385,5.9671877769,11080,4.456218211,11206,3587,547,20.096715277,11159,2.7316475242,4019,1588
61,2025-2026,4,04,Mauricie et Centre-du-Québec,Total régional,Total régional,,77741,14032,4060,6.5963467547,60866,2.7819865223,49506,4853,1251,4.2100114128,33267,3.3856515716,28235,2271,74,10.780441582,27599,2.0543469268,9179,2809
62,2025-2026,4,06,Montréal,Total régional,Total régional,,282525,43151,21027,10.313441432,233380,2.497995345,171854,12116,6915,5.213393095,123685,3.2192618547,110671,27142,7019,18.232984103,109695,1.6847417942,31035,14112
63,2025-2026,4,16,Montérégie,Total régional,Total régional,,119715,23887,7939,10.462644728,89264,3.6607096615,71336,7829,2645,5.3744406634,41353,4.4012784979,48379,11959,3042,17.965324096,47911,3.0215089958,16058,5294
64,2025-2026,4,07,Outaouais,Total régional,Total régional,,53755,7970,2845,9.7077279375,39476,4.1632705807,39128,3596,1101,5.4083564129,25416,3.9817684508,14627,4302,1534,21.208774565,14060,4.4913685989,4374,1744
65,2025-2026,4,02,Saguenay-Lac-Saint-Jean,Total régional,Total régional,,58441,9997,3026,6.2949262314,49364,2.7909875843,40347,4697,1328,4.2122714411,31596,3.1163343813,18094,1449,55,10.938944847,17768,2.2124386538,5300,1698
66,2026-2027,4,08,Abitibi-Témiscamingue,Total régional,Total régional,,35702,5195,1932,5.9958233588,29854,2.9160912459,28728,3071,1421,4.6609171753,22960,3.2315083841,6974,777,61,11.494702745,6894,1.8656158334,2124,511
67,2026-2027,4,01,Bas-Saint-Laurent,Total régional,Total régional,,44644,8796,1968,5.0245034109,38397,2.1911319027,33826,4600,1182,3.4916561389,27739,2.3923440924,10818,681,55,9.8174495953,10658,1.6674478222,4196,786
68,2026-2027,4,03,Capitale-Nationale,Total régional,Total régional,,130081,24607,7052,7.2819328363,105463,2.0806938268,85839,10060,2608,3.9063920764,61617,2.5527024468,44242,6755,802,13.83120826,43846,1.4173777856,14547,4444
69,2026-2027,4,12,Chaudière-Appalaches,Total régional,Total régional,,76809,14427,3473,6.9125638416,66074,2.0566811244,58592,7337,1718,3.8303368871,47895,2.4342763684,18217,4098,1077,16.826042555,18179,1.0618560946,7090,1755
70,2026-2027,4,09,Côte-Nord,Total régional,Total régional,,31050,4120,1852,7.5363938719,25423,3.1523323806,24107,2368,1126,4.723268979,18632,3.3857963003,6943,1521,661,17.303929777,6791,2.5117934685,1752,726
71,2026-2027,4,05,Estrie,Total régional,Total régional,,79090,14274,3903,8.0807897086,63456,3.2428972919,53140,5779,1465,5.2623010549,37648,4.0849674618,25950,4070,496,13.852446243,25808,2.0145085073,8495,2438
72,2026-2027,4,11,Gaspésie-Îles-de-la-Madeleine,Total régional,Total régional,,30999,5818,1206,5.5535025682,27068,1.9268729681,24824,3741,774,3.5589682588,20974,2.0901576423,6175,1057,236,13.571691993,6094,1.3648885972,2077,432
73,2026-2027,4,14,Lanaudière,Total régional,Total régional,,52189,10534,3182,9.7950004205,37385,3.435693237,35305,3844,1595,5.6903574565,20576,4.2981785413,16884,5210,550,18.377944027,16809,2.3799196859,6690,1587
74,2026-2027,4,15,Laurentides,Total régional,Total régional,,68098,13457,4454,11.345861552,50678,3.7359326916,44066,5131,1420,5.9520317188,26875,4.7000836899,24032,7748,2189,21.236195501,23803,2.6473489803,8326,3034
75,2026-2027,4,13,Laval,Total régional,Total régional,,28958,6197,1984,11.513263069,22290,3.88072788,17338,1934,378,6.0792010164,10749,4.8376805594,11620,3619,489,19.621332592,11541,2.9894459848,4263,1606
76,2026-2027,4,06,Montréal,Total régional,Total régional,,243362,37710,17792,10.748008676,200222,2.5666856456,144738,10585,5691,5.3929034781,102620,3.2710046396,98624,23167,6916,18.607020846,97602,1.8261555831,27125,12101
77,2026-2027,4,16,Montérégie,Total régional,Total régional,,125832,25429,8174,10.839016511,90284,4.2128731897,77728,8824,2743,5.738499118,42607,4.9353141633,48104,12952,3253,19.080597583,47677,3.5672570107,16605,5431
78,2026-2027,4,10,Nord-du-Québec,Total régional,Total régional,,7760,851,596,3.604422573,7297,0.8749405768,6643,674,386,2.2157158329,6207,0.8520325618,1117,105,21,11.863311449,1090,1.0053901631,177,210
79,2026-2027,4,07,Outaouais,Total régional,Total régional,,52424,8099,2866,10.05617584,38392,4.587328205,37008,3639,1058,5.7597032624,23743,4.2373136878,15416,4405,1378,20.370385566,14649,5.1546293642,4460,1808
80,2026-2027,4,02,Saguenay-Lac-Saint-Jean,Total régional,Total régional,,59087,10590,2904,6.4002231408,49699,2.9011377716,40956,4964,1248,4.3089399532,31874,3.282629625,18131,1506,71,11.124209365,17825,2.2189682718,5626,1656
81,2022-2023,4,01,Bas-Saint-Laurent,SANTÉ QUÉBEC BAS-SAINT-LAURENT,Total établissement,,42005,6475,1428,4.2091247801,36084,1.839392467,31818,3105,891,3.0417297512,26043,2.011791279,10187,256,15,7.8553577272,10041,1.3922475351,3370,537
82,2022-2023,4,02,Saguenay-Lac-Saint-Jean,SANTÉ QUÉBEC SAGUENAY - LAC-SAINT-JEAN - UNIVERSITAIRE,Total établissement,,55050,8212,2670,6.2352875971,46379,2.6366863355,38653,3376,1020,3.7923243776,30249,2.9486572283,16397,1915,309,11.994137224,16130,2.0516393711,4836,1650
83,2022-2023,4,03,Capitale-Nationale,SANTÉ QUÉBEC - CENTRE HOSPITALIER UNIVERSITAIRE DE QUÉBEC - UNIVERSITÉ LAVAL,Total établissement,,70514,11452,5342,9.0308923484,58108,1.9623070642,42174,3580,1694,4.2090974297,29851,2.6324928162,28340,5813,1506,16.206417363,28257,1.2543155973,7872,3648
84,2022-2023,4,03,Capitale-Nationale,SANTÉ QUÉBEC - INSTITUT UNIVERSITAIRE DE CARDIOLOGIE ET DE PNEUMOLOGIE DE QUÉBEC - UNIVERSITÉ LAVAL,Total établissement,,8259,2603,180,8.2668684667,7751,2.0260652747,4220,855,82,4.0244720906,3724,2.5218149541,4039,431,0,12.699379659,4027,1.5676168502,1748,98
85,2022-2023,4,03,Capitale-Nationale,SANTÉ QUÉBEC CAPITALE-NATIONALE - UNIVERSITAIRE,Total établissement,,37924,4300,680,3.7447102245,27970,1.9067944921,32190,2710,438,2.9030737548,22354,2.1131164569,5734,315,50,8.4695581425,5616,1.0855478395,1590,242
86,2022-2023,4,04,Mauricie et Centre-du-Québec,SANTÉ QUÉBEC MAURICIE-ET-CENTRE-DU-QUÉBEC - UNIVERSITAIRE,Total établissement,,74373,11836,3863,7.5801108377,56604,3.2598258663,50056,3978,1188,4.8369944551,32656,4.0686501375,24317,3596,363,13.226754488,23948,2.1568959598,7858,2675
87,2022-2023,4,05,Estrie,SANTÉ QUÉBEC ESTRIE - CENTRE HOSPITALIER UNIVERSITAIRE DE SHERBROOKE,Total établissement,,71581,10829,3759,8.3426408893,57974,3.112067076,46846,3680,1249,5.0205784556,33365,4.0036486838,24735,4675,1091,14.634346439,24609,1.9032564644,7149,2510
88,2022-2023,4,06,Montréal,SANTÉ QUÉBEC - CENTRE HOSPITALIER DE L'UNIVERSITÉ DE MONTRÉAL,Total établissement,,19938,2764,1631,14.295835632,15362,3.2727710151,12243,785,644,7.6950053092,7738,5.0526366991,7695,3124,1016,24.797975417,7624,1.4662913898,1979,987
89,2022-2023,4,06,Montréal,SANTÉ QUÉBEC - CENTRE HOSPITALIER UNIVERSITAIRE SAINTE-JUSTINE,Total établissement,,28741,0,619,5.8812887803,22458,2.9420741557,19674,0,298,5.2603055076,14001,3.4887690959,9067,114,2,7.2287272833,8457,2.0369924652,0,321
90,2022-2023,4,06,Montréal,SANTÉ QUÉBEC - CENTRE UNIVERSITAIRE DE SANTÉ MCGILL,Total établissement,,55175,4311,2432,10.988838907,44643,3.1194194436,38270,1259,713,6.8752455361,27940,3.8625973415,16905,4240,1876,20.301303756,16703,1.8762660899,3052,1719
91,2022-2023,4,06,Montréal,SANTÉ QUÉBEC - INSTITUT DE CARDIOLOGIE DE MONTRÉAL,Total établissement,,5358,1498,166,9.9881793061,5224,1.2666774077,3259,596,139,3.574715233,3129,1.4715389191,2099,710,102,19.946006564,2095,0.9607052506,902,27
92,2022-2023,4,06,Montréal,SANTÉ QUÉBEC CENTRE-OUEST-DE-L'ÎLE-DE-MONTRÉAL - UNIVERSITAIRE,Total établissement,,26678,4958,1488,10.129324298,23326,2.4346662523,10454,703,174,4.2940555184,7592,2.9488776563,16224,2396,642,13.88930333,15734,2.1865479747,4255,1314
93,2022-2023,4,06,Montréal,SANTÉ QUÉBEC CENTRE-SUD-DE-L'ÎLE-DE-MONTRÉAL - UNIVERSITAIRE,Total établissement,,23457,3369,2293,10.630295505,20436,2.1777851178,15223,863,860,4.8010777734,12229,2.8369737009,8234,2656,652,21.407339655,8207,1.1955483463,2506,1433
94,2022-2023,4,06,Montréal,SANTÉ QUÉBEC EST-DE-L'ÎLE-DE-MONTRÉAL - UNIVERSITAIRE,Total établissement,,32543,6540,3265,13.467440856,24213,3.3428019039,19107,1665,1060,5.5997610823,10975,4.6183662111,13436,4953,2069,24.655871746,13238,2.2852918366,4875,2205
95,2022-2023,4,06,Montréal,SANTÉ QUÉBEC NORD-DE-L'ÎLE-DE-MONTRÉAL - UNIVERSITAIRE,Total établissement,,42043,6583,3214,10.767342826,32475,3.277449166,29745,2185,1496,6.1010357203,20228,4.3675816388,12298,4457,1215,22.053674333,12247,1.4769102864,4398,1718
96,2022-2023,4,06,Montréal,SANTÉ QUÉBEC OUEST-DE-L'ÎLE-DE-MONTRÉAL - UNIVERSITAIRE,Total établissement,,31605,5723,3393,11.622448628,26571,2.6678498384,21585,1880,1345,5.9771833707,16602,3.2630872619,10020,3250,1251,23.78343172,9969,1.6765636807,3843,2048
97,2022-2023,4,07,Outaouais,SANTÉ QUÉBEC OUTAOUAIS,Total établissement,,47392,5994,2744,8.1150327118,35666,2.7146616837,35414,2861,1248,4.1369131715,23897,2.7513978393,11978,3096,1420,19.876689533,11769,2.6400687777,3133,1496
98,2022-2023,4,08,Abitibi-Témiscamingue,SANTÉ QUÉBEC ABITIBI-TÉMISCAMINGUE,Total établissement,,34224,3659,1856,5.9164838921,28233,2.9160538102,28405,2039,1349,4.6336856285,22447,3.2011071759,5819,731,98,12.178364744,5786,1.810178784,1620,507
99,2022-2023,4,09,Côte-Nord,SANTÉ QUÉBEC CÔTE-NORD,Total établissement,,31417,3382,1490,6.5731675438,24778,2.859682458,25045,1881,964,4.4895591158,18579,2.9940423327,6372,1078,435,14.762742729,6199,2.4569929738,1501,526
100,2022-2023,4,11,Gaspésie-Îles-de-la-Madeleine,SANTÉ QUÉBEC DES ÎLES,Total établissement,,5448,615,148,4.4810349364,4768,2.0394405994,4656,416,87,3.4643596077,3983,2.1574517393,792,63,1,10.457853535,785,1.4406656051,199,61
101,2022-2023,4,11,Gaspésie-Îles-de-la-Madeleine,SANTÉ QUÉBEC GASPÉSIE,Total établissement,,24692,4141,1067,5.6151260192,21691,1.8831226085,19976,2507,736,3.3871787951,17086,2.0119560524,4716,858,310,15.052249376,4605,1.405109965,1634,331
102,2022-2023,4,12,Chaudière-Appalaches,SANTÉ QUÉBEC CHAUDIÈRE-APPALACHES,Total établissement,,73326,11054,2960,6.0142100877,62286,1.745382202,56705,5022,1481,3.3259235713,45684,2.0447820839,16621,3479,541,15.185697177,16602,0.9215185587,6032,1479
103,2022-2023,4,13,Laval,SANTÉ QUÉBEC LAVAL,Total établissement,,28821,4788,1795,8.7517344799,21357,3.1129045252,19510,1435,564,5.3394210804,12077,3.9861801128,9311,1851,111,15.901797247,9280,1.9764229227,3353,1231
104,2022-2023,4,14,Lanaudière,SANTÉ QUÉBEC LANAUDIÈRE,Total établissement,,44284,7358,2666,10.216644455,31385,3.7201019861,30205,2384,1464,6.0167476871,17367,4.6877632067,14079,4412,792,19.227077148,14018,2.5212596107,4974,1202
105,2022-2023,4,15,Laurentides,SANTÉ QUÉBEC LAURENTIDES,Total établissement,,57495,9051,3732,12.040593351,42025,3.8470417146,38920,3318,1288,6.173850855,23596,4.7327393885,18575,6831,2656,24.333116525,18429,2.7130180392,5733,2444
106,2022-2023,4,16,Montérégie,SANTÉ QUÉBEC MONTÉRÉGIE-CENTRE,Total établissement,,42274,6613,2976,10.145834457,26233,4.0969867682,30345,2468,1222,5.5757423244,14342,4.6986409574,11929,3779,1145,21.771238578,11891,3.3713182472,4145,1754
107,2022-2023,4,16,Montérégie,SANTÉ QUÉBEC MONTÉRÉGIE-EST,Total établissement,,41796,7505,2437,11.428600624,31279,3.8858363883,26554,2694,922,5.4970352343,16163,4.6117365966,15242,4641,1910,21.762335524,15116,3.1096571697,4811,1515
108,2022-2023,4,16,Montérégie,SANTÉ QUÉBEC MONTÉRÉGIE-OUEST,Total établissement,,29425,5069,1493,12.981563816,22679,2.398259501,20641,1711,706,5.5367371036,13921,2.9575729912,8784,3665,1887,30.475720028,8758,1.5092205539,3358,787
109,2023-2024,4,01,Bas-Saint-Laurent,SANTÉ QUÉBEC BAS-SAINT-LAURENT,Total établissement,,39435,6957,1604,4.4103761534,34320,1.8641345183,29391,3519,939,3.1909050484,24436,2.0362881495,10044,276,8,7.9788225143,9884,1.438522809,3438,665
110,2023-2024,4,02,Saguenay-Lac-Saint-Jean,SANTÉ QUÉBEC SAGUENAY - LAC-SAINT-JEAN - UNIVERSITAIRE,Total établissement,,52506,8275,2681,6.0011340238,45129,2.6192885641,35752,3576,1051,3.7451236217,28669,2.9370027537,16754,1413,106,10.815320719,16460,2.0659138315,4699,1630
111,2023-2024,4,03,Capitale-Nationale,SANTÉ QUÉBEC - CENTRE HOSPITALIER UNIVERSITAIRE DE QUÉBEC - UNIVERSITÉ LAVAL,Total établissement,,68042,11804,5294,8.8264123221,57472,1.9253207359,39645,3584,1655,4.1696657838,29209,2.5925160529,28397,5116,1181,15.327687686,28263,1.235793509,8220,3639
112,2023-2024,4,03,Capitale-Nationale,SANTÉ QUÉBEC - INSTITUT UNIVERSITAIRE DE CARDIOLOGIE ET DE PNEUMOLOGIE DE QUÉBEC - UNIVERSITÉ LAVAL,Total établissement,,8404,2841,191,7.8984896412,7958,1.9375705091,4384,1012,119,3.9587844688,3948,2.4930555556,4020,422,2,12.194924337,4010,1.3906740094,1829,72
113,2023-2024,4,03,Capitale-Nationale,SANTÉ QUÉBEC CAPITALE-NATIONALE - UNIVERSITAIRE,Total établissement,,34629,4283,690,3.8575945338,26588,1.7868514932,28940,2697,421,2.8105638966,20974,1.9834844199,5689,402,106,9.183849876,5614,1.0522275165,1586,269
114,2023-2024,4,04,Mauricie et Centre-du-Québec,SANTÉ QUÉBEC MAURICIE-ET-CENTRE-DU-QUÉBEC - UNIVERSITAIRE,Total établissement,,69625,12090,3504,7.1835740076,54968,2.8699119892,45508,4126,1083,4.3420535645,31256,3.5157189375,24117,3324,208,12.5454313,23712,2.0186408195,7964,2421
115,2023-2024,4,05,Estrie,SANTÉ QUÉBEC ESTRIE - CENTRE HOSPITALIER UNIVERSITAIRE DE SHERBROOKE,Total établissement,,69086,11271,3792,8.5770943381,56950,3.2368633548,45055,4208,1263,5.244929956,33056,4.1579855145,24031,4709,967,14.824469239,23894,1.9625428513,7063,2529
116,2023-2024,4,06,Montréal,SANTÉ QUÉBEC - CENTRE HOSPITALIER DE L'UNIVERSITÉ DE MONTRÉAL,Total établissement,,21286,3057,1663,12.496204991,16245,2.9962580794,12386,809,514,7.2831363143,7413,4.915733059,8900,2835,450,19.751156523,8832,1.3851770079,2248,1149
117,2023-2024,4,06,Montréal,SANTÉ QUÉBEC - CENTRE HOSPITALIER UNIVERSITAIRE SAINTE-JUSTINE,Total établissement,,23557,0,547,5.2167313325,20335,2.0987922438,15028,0,214,4.4746336283,12111,2.6614739585,8529,116,0,6.5242989604,8224,1.2701640524,0,333
118,2023-2024,4,06,Montréal,SANTÉ QUÉBEC - CENTRE UNIVERSITAIRE DE SANTÉ MCGILL,Total établissement,,49755,4178,2375,11.166569089,42576,2.5760929345,33355,1277,691,5.9257364463,26395,2.9611008082,16400,4387,1935,21.825591819,16181,1.9480549375,2901,1684
119,2023-2024,4,06,Montréal,SANTÉ QUÉBEC - INSTITUT DE CARDIOLOGIE DE MONTRÉAL,Total établissement,,5842,1652,143,8.601290749,5666,1.5022845825,3656,723,118,3.9714989819,3483,1.7547582703,2186,454,31,16.344437456,2183,1.0994600957,929,25
120,2023-2024,4,06,Montréal,SANTÉ QUÉBEC CENTRE-OUEST-DE-L'ÎLE-DE-MONTRÉAL - UNIVERSITAIRE,Total établissement,,26330,5114,1455,10.940234639,22617,2.5148945606,9111,616,157,4.0594895669,5914,3.0678103277,17219,2640,697,14.581007527,16703,2.3191247081,4498,1298
121,2023-2024,4,06,Montréal,SANTÉ QUÉBEC CENTRE-SUD-DE-L'ÎLE-DE-MONTRÉAL - UNIVERSITAIRE,Total établissement,,23816,3792,2563,10.837571614,20449,2.1706280802,14687,1014,917,4.7393517888,11348,2.8535596091,9129,3070,496,20.648564556,9101,1.3190835256,2778,1646
122,2023-2024,4,06,Montréal,SANTÉ QUÉBEC EST-DE-L'ÎLE-DE-MONTRÉAL - UNIVERSITAIRE,Total établissement,,30974,6063,3162,12.406954847,24391,2.9947581417,18140,1606,1151,5.7626838019,11619,4.1897455078,12834,4198,1348,21.798187259,12772,1.9076489804,4457,2011
123,2023-2024,4,06,Montréal,SANTÉ QUÉBEC NORD-DE-L'ÎLE-DE-MONTRÉAL - UNIVERSITAIRE,Total établissement,,41890,6727,3265,10.50131214,32080,3.1860422814,29563,2292,1352,5.9574147677,19788,4.2417854536,12327,4232,1137,21.398630062,12292,1.4864778582,4435,1913
124,2023-2024,4,06,Montréal,SANTÉ QUÉBEC OUEST-DE-L'ÎLE-DE-MONTRÉAL - UNIVERSITAIRE,Total établissement,,30224,5770,3385,12.669048153,25758,2.6053937072,19970,1910,1234,6.1059691343,15539,3.2301546289,10254,3926,1456,25.45085896,10219,1.6553829468,3860,2151
125,2023-2024,4,07,Outaouais,SANTÉ QUÉBEC OUTAOUAIS,Total établissement,,45945,6112,2526,9.6700113481,33955,3.2422422078,34238,2998,1114,4.804789537,22501,3.2229052659,11707,3523,1759,23.898717624,11454,3.2802289836,3114,1412
126,2023-2024,4,08,Abitibi-Témiscamingue,SANTÉ QUÉBEC ABITIBI-TÉMISCAMINGUE,Total établissement,,32201,3747,1723,6.0284436042,27313,2.7187572361,25925,2098,1211,4.699865038,21103,3.0009386896,6276,674,95,11.516556945,6210,1.7598401324,1649,512
127,2023-2024,4,09,Côte-Nord,SANTÉ QUÉBEC CÔTE-NORD,Total établissement,,29119,3425,1562,5.9848664007,23263,2.5886556382,22929,2004,1011,3.7175962391,17213,2.7135198687,6190,1069,348,14.383289266,6050,2.2334014233,1421,551
128,2023-2024,4,11,Gaspésie-Îles-de-la-Madeleine,SANTÉ QUÉBEC DES ÎLES,Total établissement,,4809,655,139,3.8906990943,4395,1.2422762609,3924,426,87,2.7502320478,3516,1.3258899791,885,46,0,8.9474139987,879,0.9078213879,229,52
129,2023-2024,4,11,Gaspésie-Îles-de-la-Madeleine,SANTÉ QUÉBEC GASPÉSIE,Total établissement,,24055,4076,1051,5.5757168295,21493,1.8833797696,19204,2438,700,3.4416895641,16705,2.0300303801,4851,886,219,14.023842908,4788,1.3717259584,1638,351
130,2023-2024,4,12,Chaudière-Appalaches,SANTÉ QUÉBEC CHAUDIÈRE-APPALACHES,Total établissement,,68795,11053,3004,5.5245589392,60161,1.6620005208,53197,5435,1568,3.1959446909,44579,1.9572679961,15598,2494,315,13.466300968,15582,0.817261156,5618,1436
131,2023-2024,4,13,Laval,SANTÉ QUÉBEC LAVAL,Total établissement,,27068,5273,1731,9.1599121862,20941,2.7609818591,17345,1689,410,5.1288289132,11239,3.5173074166,9723,1886,196,16.351019804,9702,1.8848384926,3584,1321
132,2023-2024,4,14,Lanaudière,SANTÉ QUÉBEC LANAUDIÈRE,Total établissement,,42930,7708,2688,10.234663127,30736,4.0043394011,28265,2555,1433,6.1533641135,16160,5.0346851966,14665,4275,517,18.100869512,14576,2.8620240845,5153,1255
133,2023-2024,4,15,Laurentides,SANTÉ QUÉBEC LAURENTIDES,Total établissement,,55786,9907,3820,11.451045448,42227,3.8977121536,36278,3676,1153,6.3966766283,22896,4.8976170146,19508,6104,1718,20.8503889,19331,2.7134060289,6231,2667
134,2023-2024,4,16,Montérégie,SANTÉ QUÉBEC MONTÉRÉGIE-CENTRE,Total établissement,,40291,7046,2783,9.6674133733,26853,4.0349014387,27666,2584,1005,5.6014924556,14294,4.7180479961,12625,3507,784,18.5773356,12559,3.2573795906,4462,1778
135,2023-2024,4,16,Montérégie,SANTÉ QUÉBEC MONTÉRÉGIE-EST,Total établissement,,41618,8066,2277,10.161917453,32119,3.8615080292,24144,2909,872,5.5127975204,14827,4.5200811395,17474,4107,1005,16.585652811,17292,3.2968154831,5157,1405
136,2023-2024,4,16,Montérégie,SANTÉ QUÉBEC MONTÉRÉGIE-OUEST,Total établissement,,29146,5474,1672,13.095050369,23275,2.5866292278,19846,1964,729,6.3198199749,14000,3.3592398611,9300,3698,1639,27.553246326,9275,1.4204244984,3510,943
137,2024-2025,4,01,Bas-Saint-Laurent,SANTÉ QUÉBEC BAS-SAINT-LAURENT,Total établissement,,48014,8202,1875,4.5843113293,41559,2.0062063171,36855,4187,1152,3.2692635554,30556,2.1975077363,11159,584,51,8.9275397288,11003,1.4749506448,4015,723
138,2024-2025,4,02,Saguenay-Lac-Saint-Jean,SANTÉ QUÉBEC SAGUENAY - LAC-SAINT-JEAN - UNIVERSITAIRE,Total établissement,,61332,10031,2924,6.2101834551,52128,2.8933888804,42328,4420,1084,4.0820341277,33455,3.2810325479,19004,1615,90,10.950254215,18673,2.1988770774,5611,1840
139,2024-2025,4,03,Capitale-Nationale,SANTÉ QUÉBEC - CENTRE HOSPITALIER UNIVERSITAIRE DE QUÉBEC - UNIVERSITÉ LAVAL,Total établissement,,79308,14087,6224,8.7968384862,67139,2.090385018,46350,4233,1962,4.3868009709,34389,2.7896984582,32958,6274,989,14.998830077,32750,1.3560738762,9854,4262
140,2024-2025,4,03,Capitale-Nationale,SANTÉ QUÉBEC - INSTITUT UNIVERSITAIRE DE CARDIOLOGIE ET DE PNEUMOLOGIE DE QUÉBEC - UNIVERSITÉ LAVAL,Total établissement,,9916,3324,181,7.9620460479,9316,2.0650619007,5138,1159,93,4.1593764867,4555,2.6368627272,4778,489,0,12.051229013,4761,1.5180018787,2165,88
141,2024-2025,4,03,Capitale-Nationale,SANTÉ QUÉBEC CAPITALE-NATIONALE - UNIVERSITAIRE,Total établissement,,41689,5139,848,3.7836848849,31745,1.8857088255,35227,3328,533,2.9451140382,25397,2.0832479777,6462,332,48,8.3550769026,6348,1.0953966254,1811,315
142,2024-2025,4,04,Mauricie et Centre-du-Québec,SANTÉ QUÉBEC MAURICIE-ET-CENTRE-DU-QUÉBEC - UNIVERSITAIRE,Total établissement,,82086,14758,4138,7.0264326438,65039,3.1104432853,53287,5255,1215,4.7155391767,36752,3.8787747001,28799,2740,130,11.302295701,28287,2.1121855642,9503,2923
143,2024-2025,4,05,Estrie,SANTÉ QUÉBEC ESTRIE - CENTRE HOSPITALIER UNIVERSITAIRE DE SHERBROOKE,Total établissement,,79243,13127,4020,8.5865887734,64525,3.7521817857,52307,4924,1449,5.9190143501,37802,4.836820061,26936,4322,556,13.766749724,26723,2.2178669228,8203,2571
144,2024-2025,4,06,Montréal,SANTÉ QUÉBEC - CENTRE HOSPITALIER DE L'UNIVERSITÉ DE MONTRÉAL,Total établissement,,25646,3740,2069,12.020514852,18758,3.0085919045,15289,1049,682,7.2535889274,8478,4.8915197832,10357,3216,363,19.057449336,10280,1.4557258971,2691,1387
145,2024-2025,4,06,Montréal,SANTÉ QUÉBEC - CENTRE HOSPITALIER UNIVERSITAIRE SAINTE-JUSTINE,Total établissement,,25213,1,645,4.4316536994,22490,1.4555345092,16409,0,238,3.5722465991,13861,1.8111545183,8804,69,3,6.033426883,8629,0.8842923089,1,407
146,2024-2025,4,06,Montréal,SANTÉ QUÉBEC - CENTRE UNIVERSITAIRE DE SANTÉ MCGILL,Total établissement,,56914,5181,2704,11.092580492,49059,2.4360716858,37272,1434,716,5.7231168244,29630,2.8624404601,19642,5156,2349,21.281494544,19429,1.7858422976,3747,1988
147,2024-2025,4,06,Montréal,SANTÉ QUÉBEC - INSTITUT DE CARDIOLOGIE DE MONTRÉAL,Total établissement,,6534,1795,144,7.5104861324,6339,1.6143510631,4278,895,127,3.6946900161,4083,1.8880973277,2256,387,24,14.746291002,2256,1.1189140071,900,17
148,2024-2025,4,06,Montréal,SANTÉ QUÉBEC CENTRE-OUEST-DE-L'ÎLE-DE-MONTRÉAL - UNIVERSITAIRE,Total établissement,,31516,5861,1654,10.911958952,26914,2.6751271333,10740,636,158,3.8283004862,6743,3.1225014006,20776,3283,975,14.573803962,20171,2.525573582,5225,1496
149,2024-2025,4,06,Montréal,SANTÉ QUÉBEC CENTRE-SUD-DE-L'ÎLE-DE-MONTRÉAL - UNIVERSITAIRE,Total établissement,,27135,4317,2712,10.018486733,22773,2.3474475744,17310,1205,1044,5.280170181,12987,3.1723046765,9825,2657,315,18.36660475,9786,1.2527797647,3112,1668
150,2024-2025,4,06,Montréal,SANTÉ QUÉBEC EST-DE-L'ÎLE-DE-MONTRÉAL - UNIVERSITAIRE,Total établissement,,36727,7174,3447,11.943779493,27135,3.2757797433,21626,1862,1277,5.2545302465,12142,4.6850911208,15101,5121,1477,21.523390394,14993,2.1344565427,5312,2170
151,2024-2025,4,06,Montréal,SANTÉ QUÉBEC NORD-DE-L'ÎLE-DE-MONTRÉAL - UNIVERSITAIRE,Total établissement,,48151,7952,3501,10.131535153,36099,3.3338403188,33688,2629,1360,5.8558268028,21684,4.5048568837,14463,4794,956,20.090745754,14415,1.5723194589,5323,2141
152,2024-2025,4,06,Montréal,SANTÉ QUÉBEC OUEST-DE-L'ÎLE-DE-MONTRÉAL - UNIVERSITAIRE,Total établissement,,36151,6961,3952,11.14094544,30588,2.9176361827,23309,2202,1501,6.1684208651,17791,3.6959916999,12842,3818,844,20.166375694,12797,1.8355292039,4759,2451
153,2024-2025,4,07,Outaouais,SANTÉ QUÉBEC OUTAOUAIS,Total établissement,,53118,7638,3139,9.2970567259,40118,3.954141304,38820,3510,1347,5.3391234258,26312,3.8225507901,14298,4009,1209,20.043103076,13806,4.2049315113,4128,1792
154,2024-2025,4,08,Abitibi-Témiscamingue,SANTÉ QUÉBEC ABITIBI-TÉMISCAMINGUE,Total établissement,,39029,4697,2103,5.9922728043,32933,3.0351642645,31716,2597,1531,4.8463820487,25701,3.3451016822,7313,745,84,10.961925642,7232,1.9337121666,2100,572
155,2024-2025,4,09,Côte-Nord,SANTÉ QUÉBEC CÔTE-NORD,Total établissement,,34664,4238,1889,6.3492286907,27480,3.1740653,27551,2508,1141,4.5046244944,20543,3.3696485962,7113,1042,328,13.493990424,6937,2.5948714622,1730,748
156,2024-2025,4,11,Gaspésie-Îles-de-la-Madeleine,SANTÉ QUÉBEC DES ÎLES,Total établissement,,5578,840,164,4.7554392753,4864,1.9865636422,4540,563,88,3.4555234337,3838,2.0937957414,1038,97,13,10.441005673,1026,1.5854361598,277,76
157,2024-2025,4,11,Gaspésie-Îles-de-la-Madeleine,SANTÉ QUÉBEC GASPÉSIE,Total établissement,,28696,5030,1131,4.9130222369,25244,2.0307111261,22996,3126,726,3.5264349114,19632,2.1987076938,5700,536,63,10.507050682,5612,1.4430224915,1904,405
158,2024-2025,4,12,Chaudière-Appalaches,SANTÉ QUÉBEC CHAUDIÈRE-APPALACHES,Total établissement,,79855,13386,3347,6.1902017233,69001,2.0431176521,62402,6814,1687,3.5798324261,51576,2.4080528303,17453,3294,876,15.523397442,17425,0.9629514108,6572,1660
159,2024-2025,4,13,Laval,SANTÉ QUÉBEC LAVAL,Total établissement,,30184,5850,2007,10.094328204,23626,3.6052236119,18820,1816,416,6.2638073267,12305,4.6793531085,11364,2396,160,16.438080659,11321,2.4377328024,4034,1591
160,2024-2025,4,14,Lanaudière,SANTÉ QUÉBEC LANAUDIÈRE,Total établissement,,49136,9137,3136,9.785550315,36664,3.5010597589,32130,2933,1623,5.69826602,19739,4.3821134978,17006,4704,432,17.507792135,16925,2.4735194485,6204,1513
161,2024-2025,4,15,Laurentides,SANTÉ QUÉBEC LAURENTIDES,Total établissement,,65392,11799,4354,11.614657387,50427,3.7072558737,42346,4279,1411,6.1505004474,27547,4.6350453467,23046,7261,2318,21.654802738,22880,2.5902184343,7520,2943
162,2024-2025,4,16,Montérégie,SANTÉ QUÉBEC MONTÉRÉGIE-CENTRE,Total établissement,,44640,8240,3272,10.830283328,28447,4.7884157478,30863,3289,1181,6.1800045272,14712,5.8406401426,13777,4783,1142,21.247758442,13735,3.6613443757,4951,2091
163,2024-2025,4,16,Montérégie,SANTÉ QUÉBEC MONTÉRÉGIE-EST,Total établissement,,46071,9477,2656,10.590114533,35294,4.3440621793,25302,3275,891,5.794524807,14753,5.1515476137,20769,4706,1125,16.432379989,20541,3.764108301,6202,1765
164,2024-2025,4,16,Montérégie,SANTÉ QUÉBEC MONTÉRÉGIE-OUEST,Total établissement,,33120,6019,2108,12.325930145,26512,2.4966323635,20989,1799,894,5.8800259792,14619,3.4464250671,12131,4020,1730,23.478603669,11893,1.3291372376,4220,1214
165,2025-2026,4,01,Bas-Saint-Laurent,SANTÉ QUÉBEC BAS-SAINT-LAURENT,Total établissement,,44630,8462,1835,4.8289405358,38529,2.1385363334,33641,4485,1091,3.4195657663,27731,2.3327623919,10989,579,30,9.1435075227,10798,1.6397325894,3977,744
166,2025-2026,4,02,Saguenay-Lac-Saint-Jean,SANTÉ QUÉBEC SAGUENAY - LAC-SAINT-JEAN - UNIVERSITAIRE,Total établissement,,58441,9997,3026,6.2949262314,49364,2.7909875843,40347,4697,1328,4.2122714411,31596,3.1163343813,18094,1449,55,10.938944847,17768,2.2124386538,5300,1698
167,2025-2026,4,03,Capitale-Nationale,SANTÉ QUÉBEC - CENTRE HOSPITALIER UNIVERSITAIRE DE QUÉBEC - UNIVERSITÉ LAVAL,Total établissement,,76903,14377,5963,8.5679481873,65036,2.0296229951,44586,4249,1891,4.395064127,32921,2.7008082058,32317,5158,691,14.325048435,32115,1.3415928434,10128,4072
168,2025-2026,4,03,Capitale-Nationale,SANTÉ QUÉBEC - INSTITUT UNIVERSITAIRE DE CARDIOLOGIE ET DE PNEUMOLOGIE DE QUÉBEC - UNIVERSITÉ LAVAL,Total établissement,,9900,3431,199,7.438331229,9313,1.8764506305,5244,1257,109,3.807080314,4665,2.3655439443,4656,382,0,11.528167955,4648,1.3855684643,2174,90
169,2025-2026,4,03,Capitale-Nationale,SANTÉ QUÉBEC CAPITALE-NATIONALE - UNIVERSITAIRE,Total établissement,,39982,5461,862,3.6207533737,30615,1.7999133867,34266,3741,558,2.865608791,24993,1.966241581,5716,208,23,8.14765755,5622,1.0604895945,1720,304
170,2025-2026,4,04,Mauricie et Centre-du-Québec,SANTÉ QUÉBEC MAURICIE-ET-CENTRE-DU-QUÉBEC - UNIVERSITAIRE,Total établissement,,77741,14032,4060,6.5963467547,60866,2.7819865223,49506,4853,1251,4.2100114128,33267,3.3856515716,28235,2271,74,10.780441582,27599,2.0543469268,9179,2809
171,2025-2026,4,05,Estrie,SANTÉ QUÉBEC ESTRIE - CENTRE HOSPITALIER UNIVERSITAIRE DE SHERBROOKE,Total établissement,,77085,13730,4086,8.1273796458,63088,3.2412947699,49193,5163,1447,5.2892343536,35432,4.1957147729,27892,4003,601,13.133004247,27656,2.0185217895,8567,2639
172,2025-2026,4,06,Montréal,SANTÉ QUÉBEC - CENTRE HOSPITALIER DE L'UNIVERSITÉ DE MONTRÉAL,Total établissement,,24526,3912,2265,11.528073031,18697,2.8368482912,14405,1053,746,6.8741750164,8640,4.510700553,10121,2811,271,18.151865236,10057,1.3988366036,2859,1519
173,2025-2026,4,06,Montréal,SANTÉ QUÉBEC - CENTRE HOSPITALIER UNIVERSITAIRE SAINTE-JUSTINE,Total établissement,,22438,0,631,4.6500129493,19866,1.5001056803,14217,0,231,3.7834942909,11777,1.9279684743,8221,75,1,6.1485284299,8089,0.8771683425,0,400
174,2025-2026,4,06,Montréal,SANTÉ QUÉBEC - CENTRE UNIVERSITAIRE DE SANTÉ MCGILL,Total établissement,,55022,5275,2835,10.913526297,48121,2.1959469532,35950,1596,779,5.4411537707,29248,2.6143205328,19072,5060,2293,21.228741917,18873,1.547582069,3679,2056
175,2025-2026,4,06,Montréal,SANTÉ QUÉBEC - INSTITUT DE CARDIOLOGIE DE MONTRÉAL,Total établissement,,6980,1987,179,8.2247978749,6658,1.5773882297,4634,991,156,3.6202026087,4313,1.8048541876,2346,612,46,17.320149309,2345,1.1590254679,996,23
176,2025-2026,4,06,Montréal,SANTÉ QUÉBEC CENTRE-OUEST-DE-L'ÎLE-DE-MONTRÉAL - UNIVERSITAIRE,Total établissement,,30408,5976,1624,9.9410723421,26567,2.3205429878,11266,820,194,3.6785421721,7763,2.6885883178,19142,2692,729,13.626876589,18804,2.1686000024,5156,1430
177,2025-2026,4,06,Montréal,SANTÉ QUÉBEC CENTRE-SUD-DE-L'ÎLE-DE-MONTRÉAL - UNIVERSITAIRE,Total établissement,,26737,4222,2537,9.3076083185,23014,1.9727172108,17418,1264,882,4.7036370421,13729,2.5624105705,9319,2124,298,17.912820433,9285,1.1007839706,2958,1655
178,2025-2026,4,06,Montréal,SANTÉ QUÉBEC EST-DE-L'ÎLE-DE-MONTRÉAL - UNIVERSITAIRE,Total établissement,,35630,6997,3830,11.440755364,26016,3.1343743167,19994,1693,1282,4.932654727,10480,4.5189548611,15636,4952,884,19.762766372,15536,2.2003884705,5304,2548
179,2025-2026,4,06,Montréal,SANTÉ QUÉBEC NORD-DE-L'ÎLE-DE-MONTRÉAL - UNIVERSITAIRE,Total établissement,,46567,8018,3444,10.171412451,35319,3.0605472818,31978,2570,1306,5.430882169,20779,4.0850835111,14589,4925,988,20.562301296,14540,1.5963905892,5448,2138
180,2025-2026,4,06,Montréal,SANTÉ QUÉBEC OUEST-DE-L'ÎLE-DE-MONTRÉAL - UNIVERSITAIRE,Total établissement,,34217,6764,3682,12.754054101,29122,2.9969698643,21992,2129,1339,6.1423188356,16956,3.7718116825,12225,3891,1509,24.648146694,12166,1.9170571675,4635,2343
181,2025-2026,4,07,Outaouais,SANTÉ QUÉBEC OUTAOUAIS,Total établissement,,53755,7970,2845,9.7077279375,39476,4.1632705807,39128,3596,1101,5.4083564129,25416,3.9817684508,14627,4302,1534,21.208774565,14060,4.4913685989,4374,1744
182,2025-2026,4,08,Abitibi-Témiscamingue,SANTÉ QUÉBEC ABITIBI-TÉMISCAMINGUE,Total établissement,,35614,4880,1874,5.6984895687,30099,2.7442977157,28657,2898,1359,4.4526012357,23235,3.0171773307,6957,612,26,10.830503649,6864,1.8205859071,1982,515
183,2025-2026,4,09,Côte-Nord,SANTÉ QUÉBEC CÔTE-NORD,Total établissement,,31467,3879,1803,7.1326828459,26073,2.9198417477,24400,2217,1100,5.1879551799,19168,3.0947631034,7067,1189,308,13.847180518,6905,2.4342671575,1662,703
184,2025-2026,4,11,Gaspésie-Îles-de-la-Madeleine,SANTÉ QUÉBEC DES ÎLES,Total établissement,,4895,830,165,5.2165679832,4192,1.6257712442,3875,536,83,3.1974631541,3180,1.7328554333,1020,159,36,12.887186819,1012,1.289281401,294,82
185,2025-2026,4,11,Gaspésie-Îles-de-la-Madeleine,SANTÉ QUÉBEC GASPÉSIE,Total établissement,,26905,5029,1085,5.0626538851,23794,2.016266846,21410,3196,742,3.4312353781,18374,2.1734830618,5495,636,106,11.419099788,5420,1.483298073,1833,343
186,2025-2026,4,12,Chaudière-Appalaches,SANTÉ QUÉBEC CHAUDIÈRE-APPALACHES,Total établissement,,76037,13528,3399,6.4920468069,67345,1.8099389668,58568,6927,1706,3.6612692654,49900,2.1164498386,17469,3721,767,15.982743415,17445,0.9331896118,6601,1693
187,2025-2026,4,13,Laval,SANTÉ QUÉBEC LAVAL,Total établissement,,28262,5631,1973,11.569603924,22239,3.5908697558,17056,1612,385,5.9671877769,11080,4.456218211,11206,3587,547,20.096715277,11159,2.7316475242,4019,1588
188,2025-2026,4,14,Lanaudière,SANTÉ QUÉBEC LANAUDIÈRE,Total établissement,,51324,9604,3232,8.533150221,39107,2.8824963704,34122,3282,1690,5.0401868459,21984,3.4795699777,17202,3531,155,15.461815277,17123,2.1159212268,6322,1542
189,2025-2026,4,15,Laurentides,SANTÉ QUÉBEC LAURENTIDES,Total établissement,,64614,12507,4265,11.450701963,50093,3.5210859524,41062,4432,1346,5.8233870123,26728,4.3689567017,23552,7228,2270,21.261707675,23365,2.5511784245,8075,2919
190,2025-2026,4,16,Montérégie,SANTÉ QUÉBEC MONTÉRÉGIE-CENTRE,Total établissement,,42891,8262,3256,9.5839577262,29633,3.8526777673,27478,2705,1029,5.257156786,14257,4.6918859352,15413,3833,604,17.297695236,15376,3.0745436069,5557,2227
191,2025-2026,4,16,Montérégie,SANTÉ QUÉBEC MONTÉRÉGIE-EST,Total établissement,,45220,9798,2649,9.9675269669,34448,4.3276189232,23600,3303,823,5.5504536252,13073,5.2246339997,21620,4237,615,14.789124139,21375,3.7790024042,6495,1826
192,2025-2026,4,16,Montérégie,SANTÉ QUÉBEC MONTÉRÉGIE-OUEST,Total établissement,,31604,5827,2034,12.363574653,25183,2.522549747,20258,1821,793,5.3284746492,14023,3.3382451449,11346,3889,1823,24.924570235,11160,1.4975948576,4006,1241
193,2026-2027,4,01,Bas-Saint-Laurent,SANTÉ QUÉBEC BAS-SAINT-LAURENT,Total établissement,,44644,8796,1968,5.0245034109,38397,2.1911319027,33826,4600,1182,3.4916561389,27739,2.3923440924,10818,681,55,9.8174495953,10658,1.6674478222,4196,786
194,2026-2027,4,02,Saguenay-Lac-Saint-Jean,SANTÉ QUÉBEC SAGUENAY - LAC-SAINT-JEAN - UNIVERSITAIRE,Total établissement,,59087,10590,2904,6.4002231408,49699,2.9011377716,40956,4964,1248,4.3089399532,31874,3.282629625,18131,1506,71,11.124209365,17825,2.2189682718,5626,1656
195,2026-2027,4,03,Capitale-Nationale,SANTÉ QUÉBEC - CENTRE HOSPITALIER UNIVERSITAIRE DE QUÉBEC - UNIVERSITÉ LAVAL,Total établissement,,79203,15183,6026,8.9403568994,66135,2.1267950866,45576,4779,1944,4.5026393643,32775,2.8204593186,33627,5996,761,14.954970584,33360,1.4452949307,10404,4082
196,2026-2027,4,03,Capitale-Nationale,SANTÉ QUÉBEC - INSTITUT UNIVERSITAIRE DE CARDIOLOGIE ET DE PNEUMOLOGIE DE QUÉBEC - UNIVERSITÉ LAVAL,Total établissement,,10427,3784,258,7.579695875,9693,2.0197062313,5599,1426,144,3.9005467246,4882,2.4965001821,4828,439,0,11.846381064,4811,1.5358758285,2358,114
197,2026-2027,4,03,Capitale-Nationale,SANTÉ QUÉBEC CAPITALE-NATIONALE - UNIVERSITAIRE,Total établissement,,40451,5640,768,3.9579869197,29635,1.9977596592,34664,3855,520,3.1233942034,23960,2.1978880889,5787,320,41,8.9571785419,5675,1.152812139,1785,248
198,2026-2027,4,05,Estrie,SANTÉ QUÉBEC ESTRIE - CENTRE HOSPITALIER UNIVERSITAIRE DE SHERBROOKE,Total établissement,,79090,14274,3903,8.0807897086,63456,3.2428972919,53140,5779,1465,5.2623010549,37648,4.0849674618,25950,4070,496,13.852446243,25808,2.0145085073,8495,2438
199,2026-2027,4,06,Montréal,SANTÉ QUÉBEC - CENTRE HOSPITALIER DE L'UNIVERSITÉ DE MONTRÉAL,Total établissement,,26258,4084,2538,11.647248415,19648,2.8059869679,15138,1096,706,7.2341251596,8609,4.6213613983,11120,2829,237,17.654969624,11039,1.3902284325,2988,1832
200,2026-2027,4,06,Montréal,SANTÉ QUÉBEC - CENTRE HOSPITALIER UNIVERSITAIRE SAINTE-JUSTINE,Total établissement,,22178,1,654,4.9633254426,19679,1.5590756362,13660,1,225,4.0648953758,11292,2.0172888377,8518,69,1,6.4041043477,8387,0.9421514116,0,429
201,2026-2027,4,06,Montréal,SANTÉ QUÉBEC - CENTRE UNIVERSITAIRE DE SANTÉ MCGILL,Total établissement,,56910,5846,2954,11.257374031,48764,2.2717157637,37297,1785,824,5.6436337299,29346,2.7550458514,19613,4937,2330,21.932725686,19418,1.5412695409,4061,2130
202,2026-2027,4,06,Montréal,SANTÉ QUÉBEC - INSTITUT DE CARDIOLOGIE DE MONTRÉAL,Total établissement,,7289,2096,191,8.1390063795,6902,1.6965361892,5053,1089,162,3.8163981243,4667,1.880734888,2236,651,60,17.907405088,2235,1.3119029331,1007,29
203,2026-2027,4,06,Montréal,SANTÉ QUÉBEC CENTRE-OUEST-DE-L'ÎLE-DE-MONTRÉAL - UNIVERSITAIRE,Total établissement,,31340,6469,1781,11.374141176,26778,2.6681230342,12214,948,210,4.061312724,8084,3.0570233726,19126,3511,1229,16.044165577,18694,2.4999476659,5521,1571
204,2026-2027,4,06,Montréal,SANTÉ QUÉBEC CENTRE-SUD-DE-L'ÎLE-DE-MONTRÉAL - UNIVERSITAIRE,Total établissement,,26955,4190,2467,9.9867070117,22941,2.1774615681,17586,1381,856,4.9804761837,13604,2.8420484988,9369,2103,346,19.383609065,9337,1.2091590506,2809,1611
205,2026-2027,4,06,Montréal,SANTÉ QUÉBEC EST-DE-L'ÎLE-DE-MONTRÉAL - UNIVERSITAIRE,Total établissement,,37492,7700,3701,12.002564051,26923,3.5600130516,21923,2027,1306,5.2189140654,11427,5.1015988692,15569,5386,1371,21.554748432,15496,2.4232228389,5673,2395
206,2026-2027,4,06,Montréal,SANTÉ QUÉBEC OUEST-DE-L'ÎLE-DE-MONTRÉAL - UNIVERSITAIRE,Total établissement,,34940,7324,3506,12.138151975,28587,3.0909167046,21867,2258,1402,6.1343923873,15591,3.9642633571,13073,3681,1342,22.180545526,12996,2.0431829666,5066,2104
207,2026-2027,4,07,Outaouais,SANTÉ QUÉBEC OUTAOUAIS,Total établissement,,52424,8099,2866,10.05617584,38392,4.587328205,37008,3639,1058,5.7597032624,23743,4.2373136878,15416,4405,1378,20.370385566,14649,5.1546293642,4460,1808
208,2026-2027,4,08,Abitibi-Témiscamingue,SANTÉ QUÉBEC ABITIBI-TÉMISCAMINGUE,Total établissement,,35702,5195,1932,5.9958233588,29854,2.9160912459,28728,3071,1421,4.6609171753,22960,3.2315083841,6974,777,61,11.494702745,6894,1.8656158334,2124,511
209,2026-2027,4,09,Côte-Nord,SANTÉ QUÉBEC CÔTE-NORD,Total établissement,,31050,4120,1852,7.5363938719,25423,3.1523323806,24107,2368,1126,4.723268979,18632,3.3857963003,6943,1521,661,17.303929777,6791,2.5117934685,1752,726
210,2026-2027,4,10,Nord-du-Québec,SANTÉ QUÉBEC BAIE-JAMES,Total établissement,,7760,851,596,3.604422573,7297,0.8749405768,6643,674,386,2.2157158329,6207,0.8520325618,1117,105,21,11.863311449,1090,1.0053901631,177,210
211,2026-2027,4,11,Gaspésie-Îles-de-la-Madeleine,SANTÉ QUÉBEC DES ÎLES,Total établissement,,4645,787,134,4.3731203205,4108,1.5433129801,3673,522,78,3.0699950842,3149,1.6440386719,972,59,3,9.2973785437,959,1.2125671996,265,56
212,2026-2027,4,11,Gaspésie-Îles-de-la-Madeleine,SANTÉ QUÉBEC GASPÉSIE,Total établissement,,26354,5031,1072,5.7615497542,22960,1.9954994677,21151,3219,696,3.6438814293,17825,2.1689699081,5203,998,233,14.370199137,5135,1.3933357676,1812,376
213,2026-2027,4,12,Chaudière-Appalaches,SANTÉ QUÉBEC CHAUDIÈRE-APPALACHES,Total établissement,,76809,14427,3473,6.9125638416,66074,2.0566811244,58592,7337,1718,3.8303368871,47895,2.4342763684,18217,4098,1077,16.826042555,18179,1.0618560946,7090,1755
214,2026-2027,4,13,Laval,SANTÉ QUÉBEC LAVAL,Total établissement,,28958,6197,1984,11.513263069,22290,3.88072788,17338,1934,378,6.0792010164,10749,4.8376805594,11620,3619,489,19.621332592,11541,2.9894459848,4263,1606
215,2026-2027,4,14,Lanaudière,SANTÉ QUÉBEC LANAUDIÈRE,Total établissement,,52189,10534,3182,9.7950004205,37385,3.435693237,35305,3844,1595,5.6903574565,20576,4.2981785413,16884,5210,550,18.377944027,16809,2.3799196859,6690,1587
216,2026-2027,4,15,Laurentides,SANTÉ QUÉBEC LAURENTIDES,Total établissement,,68098,13457,4454,11.345861552,50678,3.7359326916,44066,5131,1420,5.9520317188,26875,4.7000836899,24032,7748,2189,21.236195501,23803,2.6473489803,8326,3034
217,2026-2027,4,16,Montérégie,SANTÉ QUÉBEC MONTÉRÉGIE-CENTRE,Total établissement,,44146,8761,3311,10.379990272,28871,4.5123645507,28073,2978,986,6.1164288541,12847,5.748230391,16073,4049,704,17.826699641,16024,3.5215277778,5783,2325
218,2026-2027,4,16,Montérégie,SANTÉ QUÉBEC MONTÉRÉGIE-EST,Total établissement,,46930,10313,2577,10.793619634,34084,4.9056787805,25723,3573,851,5.8654263154,13180,5.8224498398,21207,5196,992,16.771264598,20904,4.3276533997,6740,1726
219,2026-2027,4,16,Montérégie,SANTÉ QUÉBEC MONTÉRÉGIE-OUEST,Total établissement,,34756,6355,2286,11.483355552,27329,3.0324347966,23932,2273,906,5.1587494197,16580,3.6002126558,10824,3707,1557,25.467139176,10749,2.1566550118,4082,1380
220,2022-2023,4,01,Bas-Saint-Laurent,SANTÉ QUÉBEC BAS-SAINT-LAURENT,CENTRE HOSPITALIER RÉGIONAL DU GRAND-PORTAGE,51218352,6429,1040,266,4.83328088,5346,2.1592763021,4812,432,167,3.1671844117,3744,2.4090461776,1617,34,2,9.7913861403,1602,1.5755444583,608,99
221,2022-2023,4,01,Bas-Saint-Laurent,SANTÉ QUÉBEC BAS-SAINT-LAURENT,CENTRE MULTISERVICES DE SANTÉ ET DE SERVICES SOCIAUX DE TROIS-PISTOLES,51236156,3181,461,87,2.9614566523,2891,1.2586120719,2780,308,68,2.2796684652,2493,1.3347882961,401,17,1,7.6880680244,398,0.7814579844,153,19
222,2022-2023,4,01,Bas-Saint-Laurent,SANTÉ QUÉBEC BAS-SAINT-LAURENT,CLSC DE POHÉNÉGAMOOK,51219418,2903,344,58,1.5592077162,2648,0.6752706445,2717,289,49,1.2419637672,2465,0.6823408835,186,3,0,6.1933572282,183,0.580034912,55,9
223,2022-2023,4,01,Bas-Saint-Laurent,SANTÉ QUÉBEC BAS-SAINT-LAURENT,HÔPITAL D'AMQUI,51226892,4765,704,117,3.9735579457,4185,1.641559538,2659,248,72,3.1063979775,2146,1.8558627162,2106,11,1,5.0684194629,2039,1.4160104354,456,45
224,2022-2023,4,01,Bas-Saint-Laurent,SANTÉ QUÉBEC BAS-SAINT-LAURENT,HÔPITAL DE MATANE,51218980,5840,882,224,4.4969877283,5185,2.5163576556,4451,435,130,3.9946040216,3830,2.8316765303,1389,13,0,6.1068580514,1355,1.6250873309,447,94
225,2022-2023,4,01,Bas-Saint-Laurent,SANTÉ QUÉBEC BAS-SAINT-LAURENT,HÔPITAL DE NOTRE-DAME-DU-LAC,51221877,4011,652,108,4.0400120502,3579,1.3832148955,3181,331,52,2.3290316637,2752,1.5341736313,830,54,7,10.597395917,827,0.8808709526,321,56
226,2022-2023,4,01,Bas-Saint-Laurent,SANTÉ QUÉBEC BAS-SAINT-LAURENT,HÔPITAL NOTRE-DAME-DE-FATIMA,51221141,4959,750,133,3.3045889628,4590,1.3611279956,4032,398,70,2.4915139991,3669,1.4792999152,927,1,0,6.8410703584,921,0.8903649415,352,63
227,2022-2023,4,01,Bas-Saint-Laurent,SANTÉ QUÉBEC BAS-SAINT-LAURENT,HÔPITAL RÉGIONAL DE RIMOUSKI,51227882,9917,1642,435,5.4447910714,7660,2.3873417464,7186,664,283,3.9430897656,4944,2.8087407295,2731,123,4,9.3961735628,2716,1.6202590615,978,152
228,2022-2023,4,02,Saguenay-Lac-Saint-Jean,SANTÉ QUÉBEC SAGUENAY - LAC-SAINT-JEAN - UNIVERSITAIRE,HÔPITAL D'ALMA,51219400,10594,1538,353,4.9174166719,8272,2.6741935982,8239,795,152,3.5830656701,5964,2.826742166,2355,107,4,9.5856620665,2308,2.2799996389,743,201
229,2022-2023,4,02,Saguenay-Lac-Saint-Jean,SANTÉ QUÉBEC SAGUENAY - LAC-SAINT-JEAN - UNIVERSITAIRE,HÔPITAL DE CHICOUTIMI,51218394,16713,2531,1041,7.4689929496,14219,2.4653291566,9960,740,325,3.8783655455,7531,3.2843349341,6753,967,174,12.764809467,6688,1.5430904439,1791,716
230,2022-2023,4,02,Saguenay-Lac-Saint-Jean,SANTÉ QUÉBEC SAGUENAY - LAC-SAINT-JEAN - UNIVERSITAIRE,HÔPITAL DE DOLBEAU-MISTASSINI,51219384,6334,1000,257,4.3427153721,5720,1.8255529332,5280,622,142,2.9667296402,4677,1.9530243152,1054,120,21,11.235698925,1043,1.2539482795,378,115
231,2022-2023,4,02,Saguenay-Lac-Saint-Jean,SANTÉ QUÉBEC SAGUENAY - LAC-SAINT-JEAN - UNIVERSITAIRE,HÔPITAL DE LA BAIE,51221364,5901,697,189,5.2053238622,5379,2.445626149,4774,332,117,3.8533859912,4259,2.6963234066,1127,89,15,10.932166272,1120,1.4923050595,365,72
232,2022-2023,4,02,Saguenay-Lac-Saint-Jean,SANTÉ QUÉBEC SAGUENAY - LAC-SAINT-JEAN - UNIVERSITAIRE,HÔPITAL ET CENTRE D'HÉBERGEMENT DE ROBERVAL,51228203,7426,1046,459,5.6442472768,6544,2.3609543517,5182,427,141,3.3955918457,4343,2.5585871262,2244,214,47,10.83699792,2201,1.9709865465,619,318
233,2022-2023,4,02,Saguenay-Lac-Saint-Jean,SANTÉ QUÉBEC SAGUENAY - LAC-SAINT-JEAN - UNIVERSITAIRE,HÔPITAL ET CENTRE DE RÉADAPTATION DE JONQUIÈRE,51224541,8082,1400,371,8.1898831079,6245,4.1736044391,5218,460,143,5.1320354755,3475,4.5672045564,2864,418,48,13.761059416,2770,3.6798281187,940,228
234,2022-2023,4,03,Capitale-Nationale,SANTÉ QUÉBEC - CENTRE HOSPITALIER UNIVERSITAIRE DE QUÉBEC - UNIVERSITÉ LAVAL,CENTRE HOSPITALIER DE L'UNIVERSITÉ LAVAL,51217594,23369,1692,2148,7.8983989354,18331,2.1191484219,13564,350,726,4.7242214891,8556,3.2336060464,9805,1066,329,12.289479291,9775,1.1436702188,1342,1422
235,2022-2023,4,03,Capitale-Nationale,SANTÉ QUÉBEC - CENTRE HOSPITALIER UNIVERSITAIRE DE QUÉBEC - UNIVERSITÉ LAVAL,HÔPITAL DE L'ENFANT-JÉSUS,51233914,17968,2920,2202,10.656756147,15915,1.7331220547,10270,943,566,4.1324637564,8219,2.1677676049,7698,2071,574,19.360897852,7696,1.2689391314,1977,1636
236,2022-2023,4,03,Capitale-Nationale,SANTÉ QUÉBEC - CENTRE HOSPITALIER UNIVERSITAIRE DE QUÉBEC - UNIVERSITÉ LAVAL,HÔPITAL DU SAINT-SACREMENT,51217529,10572,2348,276,7.8603819839,8373,2.122333194,7575,970,107,3.7406622662,5384,2.5545185323,2997,789,214,18.273086976,2989,1.3438501357,1378,169
237,2022-2023,4,03,Capitale-Nationale,SANTÉ QUÉBEC - CENTRE HOSPITALIER UNIVERSITAIRE DE QUÉBEC - UNIVERSITÉ LAVAL,HÔPITAL SAINT-FRANÇOIS D'ASSISE,51217602,12612,2940,394,10.206007176,10153,2.1023409884,7704,894,187,4.1921442324,5261,2.8160217217,4908,1470,372,19.6458605,4892,1.3348278368,2046,207
238,2022-2023,4,03,Capitale-Nationale,SANTÉ QUÉBEC - CENTRE HOSPITALIER UNIVERSITAIRE DE QUÉBEC - UNIVERSITÉ LAVAL,L'HÔTEL-DIEU DE QUÉBEC,51217586,5993,1552,322,8.164182055,5336,1.5895104531,3061,423,108,3.3854740644,2431,1.8635580922,2932,417,17,13.153140158,2905,1.3601783324,1129,214
239,2022-2023,4,03,Capitale-Nationale,SANTÉ QUÉBEC - INSTITUT UNIVERSITAIRE DE CARDIOLOGIE ET DE PNEUMOLOGIE DE QUÉBEC - UNIVERSITÉ LAVAL,INSTITUT UNIVERSITAIRE DE CARDIOLOGIE ET DE PNEUMOLOGIE DE QUÉBEC,51232130,8259,2603,180,8.2668684667,7751,2.0260652747,4220,855,82,4.0244720906,3724,2.5218149541,4039,431,0,12.699379659,4027,1.5676168502,1748,98
240,2022-2023,4,03,Capitale-Nationale,SANTÉ QUÉBEC CAPITALE-NATIONALE - UNIVERSITAIRE,CENTRE MULTISERVICES DE SANTÉ ET DE SERVICES SOCIAUX CHAUVEAU,51225001,13156,885,163,3.0677302076,8670,1.8602222222,12010,747,133,2.9012959571,7556,1.9491049791,1146,0,0,4.8119495346,1114,1.2573513864,138,30
241,2022-2023,4,03,Capitale-Nationale,SANTÉ QUÉBEC CAPITALE-NATIONALE - UNIVERSITAIRE,CENTRE MULTISERVICES DE SANTÉ ET DE SERVICES SOCIAUX DE BAIE-SAINT-PAUL,51244804,3845,673,87,4.2988078312,2987,1.7719654614,3063,415,40,2.6084358109,2208,1.9964870169,782,77,8,10.919791844,779,1.1355808729,258,47
242,2022-2023,4,03,Capitale-Nationale,SANTÉ QUÉBEC CAPITALE-NATIONALE - UNIVERSITAIRE,CENTRE MULTISERVICES DE SANTÉ ET DE SERVICES SOCIAUX DE SAINT-MARC-DES-CARRIÈRES,51247344,5061,673,127,3.1632669762,4046,1.6384550585,4065,357,74,2.4164106874,3071,1.8967232896,996,19,1,6.211430444,975,0.8249763533,316,53
243,2022-2023,4,03,Capitale-Nationale,SANTÉ QUÉBEC CAPITALE-NATIONALE - UNIVERSITAIRE,CENTRE MULTISERVICES DE SANTÉ ET DE SERVICES SOCIAUX DE SAINT-RAYMOND,51247302,6196,767,87,4.0874002493,4808,2.2458871788,5005,397,48,3.1321281496,3636,2.600540429,1191,38,2,8.1017888796,1172,1.1456148085,370,39
244,2022-2023,4,03,Capitale-Nationale,SANTÉ QUÉBEC CAPITALE-NATIONALE - UNIVERSITAIRE,CENTRE MULTISERVICES DE SANTÉ ET DE SERVICES SOCIAUX DE SAINTE-ANNE-DE-BEAUPRÉ,51225357,5457,607,87,3.6821390976,3967,2.0508447469,4686,371,65,3.0480915374,3235,2.2416430534,771,21,3,7.5357666811,732,1.2076309199,236,22
245,2022-2023,4,03,Capitale-Nationale,SANTÉ QUÉBEC CAPITALE-NATIONALE - UNIVERSITAIRE,HÔPITAL ET CLSC DE LA MALBAIE,51228690,4209,695,129,5.6303532114,3492,1.8181382048,3361,423,78,3.2232588681,2648,2.1030238755,848,160,36,15.17073539,844,0.9243262902,272,51
246,2022-2023,4,04,Mauricie et Centre-du-Québec,SANTÉ QUÉBEC MAURICIE-ET-CENTRE-DU-QUÉBEC - UNIVERSITAIRE,CENTRE MULTISERVICES DE SANTÉ ET DE SERVICES SOCIAUX AVELLIN-DALCOURT,51233583,6614,858,162,5.9396226019,5296,3.9225841306,5567,467,107,5.2109157635,4256,4.4500848475,1047,44,5,9.814227157,1040,1.7638888889,391,55
247,2022-2023,4,04,Mauricie et Centre-du-Québec,SANTÉ QUÉBEC MAURICIE-ET-CENTRE-DU-QUÉBEC - UNIVERSITAIRE,CENTRE MULTISERVICES DE SANTÉ ET DE SERVICES SOCIAUX CHRIST-ROI,51246338,7000,724,177,5.7587771825,5046,4.2307652926,5960,362,110,4.8620695843,4026,4.5333892201,1040,88,10,10.897601496,1020,3.0362908497,362,67
248,2022-2023,4,04,Mauricie et Centre-du-Québec,SANTÉ QUÉBEC MAURICIE-ET-CENTRE-DU-QUÉBEC - UNIVERSITAIRE,CENTRE MULTISERVICES DE SANTÉ ET DE SERVICES SOCIAUX DE FORTIERVILLE,51219160,4818,377,86,2.254303307,3690,1.802563234,4465,319,73,2.1360476546,3340,1.8753858949,353,0,0,3.7500865596,350,1.1076269841,58,13
249,2022-2023,4,04,Mauricie et Centre-du-Québec,SANTÉ QUÉBEC MAURICIE-ET-CENTRE-DU-QUÉBEC - UNIVERSITAIRE,CENTRE MULTISERVICES DE SANTÉ ET DE SERVICES SOCIAUX DU HAUT-SAINT-MAURICE,51219731,3718,584,206,5.3501105732,3125,2.8283808889,2794,310,105,3.9001337191,2228,3.0722970277,924,40,1,9.7345643939,897,2.2225334448,274,101
250,2022-2023,4,04,Mauricie et Centre-du-Québec,SANTÉ QUÉBEC MAURICIE-ET-CENTRE-DU-QUÉBEC - UNIVERSITAIRE,HÔPITAL DU CENTRE-DE-LA-MAURICIE,51220051,10195,1918,741,7.5928002561,7926,2.8096416155,6184,512,143,4.5654489184,3949,3.9290245772,4011,445,40,12.260249938,3977,1.6981396502,1406,598
251,2022-2023,4,04,Mauricie et Centre-du-Québec,SANTÉ QUÉBEC MAURICIE-ET-CENTRE-DU-QUÉBEC - UNIVERSITAIRE,HÔPITAL SAINTE-CROIX,51228781,12880,1647,735,8.5433076691,9517,3.6934014279,8279,546,188,6.306652038,5023,4.7829371004,4601,582,17,12.567926658,4494,2.4756137813,1101,547
252,2022-2023,4,04,Mauricie et Centre-du-Québec,SANTÉ QUÉBEC MAURICIE-ET-CENTRE-DU-QUÉBEC - UNIVERSITAIRE,HÔTEL-DIEU D'ARTHABASKA,51228039,10975,1811,674,6.4472914452,8833,2.2000661975,6678,584,160,3.659848258,4596,2.7636060342,4297,426,37,10.779277855,4237,1.5887777647,1227,514
253,2022-2023,4,04,Mauricie et Centre-du-Québec,SANTÉ QUÉBEC MAURICIE-ET-CENTRE-DU-QUÉBEC - UNIVERSITAIRE,PAVILLON SAINTE-MARIE,51220168,18173,3917,1082,10.741270551,13171,3.800325104,10129,878,302,5.8064063854,5238,5.7892404862,8044,1971,253,16.955248563,7933,2.4870843663,3039,780
254,2022-2023,4,05,Estrie,SANTÉ QUÉBEC ESTRIE - CENTRE HOSPITALIER UNIVERSITAIRE DE SHERBROOKE,CENTRE MULTISERVICES DE SANTÉ ET DE SERVICES SOCIAUX DE LA MRC DE COATICOOK,51247617,4977,317,129,2.4197441565,4386,1.5332592339,3886,166,86,2.202511866,3309,1.6041238541,1091,0,0,3.1934973012,1077,1.3155331167,151,43
255,2022-2023,4,05,Estrie,SANTÉ QUÉBEC ESTRIE - CENTRE HOSPITALIER UNIVERSITAIRE DE SHERBROOKE,CENTRE MULTISERVICES DE SANTÉ ET DE SERVICES SOCIAUX DE MEMPHRÉMAGOG,51219046,7028,1353,246,6.7559247138,5880,2.6587613379,5179,611,138,3.8565534423,4055,2.9558319633,1849,333,128,14.87698681,1825,1.998694825,742,108
256,2022-2023,4,05,Estrie,SANTÉ QUÉBEC ESTRIE - CENTRE HOSPITALIER UNIVERSITAIRE DE SHERBROOKE,CENTRE MULTISERVICES DE SANTÉ ET DE SERVICES SOCIAUX DES SOURCES,51247583,5386,577,166,5.9654410096,4101,4.0109759815,4742,371,127,5.237752472,3467,4.3076911675,644,54,7,11.323669341,634,2.3884025587,206,39
257,2022-2023,4,05,Estrie,SANTÉ QUÉBEC ESTRIE - CENTRE HOSPITALIER UNIVERSITAIRE DE SHERBROOKE,CENTRE MULTISERVICES DE SANTÉ ET DE SERVICES SOCIAUX DU GRANIT,51223832,4629,730,146,6.2269613667,3798,3.4448635247,3763,441,81,4.8126612927,2942,3.8012699222,866,105,14,12.372470811,856,2.2199247144,289,65
258,2022-2023,4,05,Estrie,SANTÉ QUÉBEC ESTRIE - CENTRE HOSPITALIER UNIVERSITAIRE DE SHERBROOKE,CHUS - HÔPITAL FLEURIMONT,51216687,14594,1874,321,8.1679091864,12193,2.7982612975,8007,349,137,5.5603825819,5607,4.5140181915,6587,741,47,11.337556298,6586,1.3375493471,1525,184
259,2022-2023,4,05,Estrie,SANTÉ QUÉBEC ESTRIE - CENTRE HOSPITALIER UNIVERSITAIRE DE SHERBROOKE,CHUS - HÔTEL-DIEU DE SHERBROOKE,51216695,14744,2708,1806,10.397131036,12220,2.8101813966,7153,557,298,5.3157230067,4641,4.4229081376,7591,1532,368,15.185342291,7579,1.8226283151,2151,1508
260,2022-2023,4,05,Estrie,SANTÉ QUÉBEC ESTRIE - CENTRE HOSPITALIER UNIVERSITAIRE DE SHERBROOKE,HÔPITAL BROME-MISSISQUOI-PERKINS,51229185,8517,1369,267,9.5957609291,6625,3.5516027254,6099,491,122,5.1082322239,4238,4.0748826753,2418,711,282,20.914800455,2387,2.622545152,878,145
261,2022-2023,4,05,Estrie,SANTÉ QUÉBEC ESTRIE - CENTRE HOSPITALIER UNIVERSITAIRE DE SHERBROOKE,HÔPITAL DE GRANBY,51228120,11706,1901,678,10.462287716,8771,4.1658871407,8017,694,260,6.2384984339,5106,5.300337457,3689,1199,245,19.641501235,3665,2.5853951038,1207,418
262,2022-2023,4,06,Montréal,SANTÉ QUÉBEC - CENTRE HOSPITALIER DE L'UNIVERSITÉ DE MONTRÉAL,CENTRE HOSPITALIER DE L'UNIVERSITÉ DE MONTRÉAL,51236297,19938,2764,1631,14.295835632,15362,3.2727710151,12243,785,644,7.6950053092,7738,5.0526366991,7695,3124,1016,24.797975417,7624,1.4662913898,1979,987
263,2022-2023,4,06,Montréal,SANTÉ QUÉBEC - CENTRE HOSPITALIER UNIVERSITAIRE SAINTE-JUSTINE,CHU SAINTE-JUSTINE,51222800,28741,0,619,5.8812887803,22458,2.9420741557,19674,0,298,5.2603055076,14001,3.4887690959,9067,114,2,7.2287272833,8457,2.0369924652,0,321
264,2022-2023,4,06,Montréal,SANTÉ QUÉBEC - CENTRE UNIVERSITAIRE DE SANTÉ MCGILL,HÔPITAL DE LACHINE,51228310,5877,543,123,6.3160803414,5267,2.843955815,4933,267,70,4.1018250107,4329,2.9200421575,944,229,61,17.88697181,938,2.4928067993,276,53
265,2022-2023,4,06,Montréal,SANTÉ QUÉBEC - CENTRE UNIVERSITAIRE DE SANTÉ MCGILL,HÔPITAL GÉNÉRAL DE MONTRÉAL,51248219,9577,1587,1115,15.743286056,8080,1.9757509282,4046,325,224,5.9747660927,2604,3.038776775,5531,1607,774,22.88908822,5476,1.4702506899,1262,891
266,2022-2023,4,06,Montréal,SANTÉ QUÉBEC - CENTRE UNIVERSITAIRE DE SANTÉ MCGILL,HÔPITAL ROYAL VICTORIA,51223295,14534,2179,363,15.826794738,10894,4.4159222202,9457,667,185,8.5543336506,5903,5.7372135167,5077,2154,1018,29.373311284,4991,2.8531928026,1512,178
267,2022-2023,4,06,Montréal,SANTÉ QUÉBEC - CENTRE UNIVERSITAIRE DE SANTÉ MCGILL,L'HÔPITAL DE MONTRÉAL POUR ENFANTS,51223279,25187,2,831,7.4796322397,20402,2.9511813929,19834,0,234,6.9481247829,15104,3.5421319592,5353,250,23,9.4489800631,5298,1.2664480307,2,597
268,2022-2023,4,06,Montréal,SANTÉ QUÉBEC - INSTITUT DE CARDIOLOGIE DE MONTRÉAL,INSTITUT DE CARDIOLOGIE DE MONTRÉAL,51248201,5358,1498,166,9.9881793061,5224,1.2666774077,3259,596,139,3.574715233,3129,1.4715389191,2099,710,102,19.946006564,2095,0.9607052506,902,27
269,2022-2023,4,06,Montréal,SANTÉ QUÉBEC CENTRE-OUEST-DE-L'ÎLE-DE-MONTRÉAL - UNIVERSITAIRE,HÔPITAL GÉNÉRAL JUIF,51248250,26678,4958,1488,10.129324298,23326,2.4346662523,10454,703,174,4.2940555184,7592,2.9488776563,16224,2396,642,13.88930333,15734,2.1865479747,4255,1314
270,2022-2023,4,06,Montréal,SANTÉ QUÉBEC CENTRE-SUD-DE-L'ÎLE-DE-MONTRÉAL - UNIVERSITAIRE,HÔPITAL DE VERDUN,51218097,12427,1967,807,8.4579717774,11020,2.0454663239,8349,566,296,4.1376442288,6955,2.5665865884,4078,1080,99,17.30309554,4065,1.1538571136,1401,511
271,2022-2023,4,06,Montréal,SANTÉ QUÉBEC CENTRE-SUD-DE-L'ÎLE-DE-MONTRÉAL - UNIVERSITAIRE,HÔPITAL NOTRE-DAME,51236313,11030,1402,1486,13.077753979,9416,2.332644199,6874,297,564,5.6068686758,5274,3.1935422197,4156,1576,553,25.434555128,4142,1.2364645367,1105,922
272,2022-2023,4,06,Montréal,SANTÉ QUÉBEC EST-DE-L'ÎLE-DE-MONTRÉAL - UNIVERSITAIRE,HÔPITAL MAISONNEUVE-ROSEMONT,12934659,20407,3751,1592,13.38943071,14517,3.6635726887,11913,908,373,5.9025806542,6204,5.0815027043,8494,3001,1234,23.889883349,8313,2.6053701365,2843,1219
273,2022-2023,4,06,Montréal,SANTÉ QUÉBEC EST-DE-L'ÎLE-DE-MONTRÉAL - UNIVERSITAIRE,HÔPITAL SANTA CABRINI,51235919,10780,2730,321,13.026145125,8393,3.0879841998,6636,739,133,5.2361582027,4266,4.2970483669,4144,1545,693,25.500651209,4127,1.8381979781,1991,188
274,2022-2023,4,06,Montréal,SANTÉ QUÉBEC EST-DE-L'ÎLE-DE-MONTRÉAL - UNIVERSITAIRE,INSTITUT UNIVERSITAIRE EN SANTÉ MENTALE DE MONTRÉAL,51235307,1356,59,1352,18.149683505,1303,1.4103809585,558,18,554,3.4588635006,505,1.6430060506,798,407,142,28.422211779,798,1.2631683375,41,798
275,2022-2023,4,06,Montréal,SANTÉ QUÉBEC NORD-DE-L'ÎLE-DE-MONTRÉAL - UNIVERSITAIRE,HÔPITAL DU SACRÉ-COEUR-DE-MONTRÉAL,12475976,19221,3495,972,12.263751886,15431,3.0441227975,12973,1114,480,6.6387330738,9204,4.1793223055,6248,2442,894,23.943228366,6227,1.3662078672,2381,492
276,2022-2023,4,06,Montréal,SANTÉ QUÉBEC NORD-DE-L'ÎLE-DE-MONTRÉAL - UNIVERSITAIRE,HÔPITAL EN SANTÉ MENTALE ALBERT-PRÉVOST,51848752,1043,46,1039,20.199106477,1034,0.3283150655,487,13,483,3.972569587,478,0.4498152022,556,336,137,34.411918465,556,0.2238599121,33,556
277,2022-2023,4,06,Montréal,SANTÉ QUÉBEC NORD-DE-L'ÎLE-DE-MONTRÉAL - UNIVERSITAIRE,HÔPITAL FLEURY,51228492,9403,1530,314,10.068546681,6844,3.5695110072,7031,616,167,5.7725609997,4486,4.4164505622,2372,989,150,22.802558202,2358,1.9582426256,914,147
278,2022-2023,4,06,Montréal,SANTÉ QUÉBEC NORD-DE-L'ÎLE-DE-MONTRÉAL - UNIVERSITAIRE,HÔPITAL JEAN-TALON,51228500,12376,1512,889,8.1793476846,9166,3.7848670812,9254,442,366,5.708829215,6060,4.9263613861,3122,690,34,15.502274628,3106,1.5577403949,1070,523
279,2022-2023,4,06,Montréal,SANTÉ QUÉBEC OUEST-DE-L'ÎLE-DE-MONTRÉAL - UNIVERSITAIRE,CENTRE HOSPITALIER DE ST. MARY,51248243,10469,1960,733,9.7464027393,9675,2.3181520815,7132,620,281,5.4890799682,6346,2.7597353101,3337,917,145,18.845361685,3329,1.4763716164,1340,452
280,2022-2023,4,06,Montréal,SANTÉ QUÉBEC OUEST-DE-L'ÎLE-DE-MONTRÉAL - UNIVERSITAIRE,HÔPITAL DE LASALLE,51224392,7854,1252,242,10.474656226,6018,3.3609324803,5930,503,82,5.7705778059,4123,3.9848556202,1924,660,295,24.973193145,1895,2.0034469364,749,160
281,2022-2023,4,06,Montréal,SANTÉ QUÉBEC OUEST-DE-L'ÎLE-DE-MONTRÉAL - UNIVERSITAIRE,HÔPITAL DOUGLAS,51235190,1572,36,1497,7.4658237913,1406,1.8305377746,892,15,818,3.2886428749,726,1.8299012856,680,83,9,12.945302288,680,1.8312173203,21,679
282,2022-2023,4,06,Montréal,SANTÉ QUÉBEC OUEST-DE-L'ÎLE-DE-MONTRÉAL - UNIVERSITAIRE,HÔPITAL GÉNÉRAL DU LAKESHORE,51228278,11710,2475,921,14.627512691,9472,2.708983202,7631,742,164,6.9081888205,5407,3.4959175863,4079,1590,802,29.068836657,4065,1.6622539975,1733,757
283,2022-2023,4,07,Outaouais,SANTÉ QUÉBEC OUTAOUAIS,CENTRE MULTISERVICES DE SANTÉ ET DE SERVICES SOCIAUX DE MANSFIELD-ET-PONTEFRACT,51245058,3343,357,78,4.0037683219,3112,1.500922058,3254,336,75,3.8883529673,3023,1.5040257103,89,0,0,8.2235611735,89,1.3955024969,21,3
284,2022-2023,4,07,Outaouais,SANTÉ QUÉBEC OUTAOUAIS,CLSC ET CENTRE D'HÉBERGEMENT DE LA PETITE-NATION,51219491,3302,428,102,2.9720342049,2728,1.3549763767,3038,350,94,2.785902092,2464,1.4170318137,264,0,0,5.1139635943,264,0.775792298,78,8
285,2022-2023,4,07,Outaouais,SANTÉ QUÉBEC OUTAOUAIS,HÔPITAL DE GATINEAU,51221703,11607,1492,1457,10.828602113,7522,3.5215604966,7563,556,420,4.9046686353,3553,3.9534852394,4044,1238,501,21.907412422,3969,3.1349067775,936,1037
286,2022-2023,4,07,Outaouais,SANTÉ QUÉBEC OUTAOUAIS,HÔPITAL DE HULL,51221711,10139,1681,382,11.492919913,6936,3.1259206395,6835,560,250,4.8796565472,3674,3.6214830944,3304,1103,593,25.173808263,3262,2.5677672185,1121,132
287,2022-2023,4,07,Outaouais,SANTÉ QUÉBEC OUTAOUAIS,HÔPITAL DE MANIWAKI,51221893,4211,569,194,5.6956476424,3717,2.4088764087,2780,267,112,3.6347579936,2340,2.5170411918,1431,134,47,9.6993326345,1377,2.2250669733,302,82
288,2022-2023,4,07,Outaouais,SANTÉ QUÉBEC OUTAOUAIS,HÔPITAL ET CHSLD DE PAPINEAU,51228823,6794,793,305,8.2620802669,4781,3.03910142,5212,326,127,3.4559770188,3215,3.2696791947,1582,518,262,24.096094255,1566,2.5657249539,467,178
289,2022-2023,4,07,Outaouais,SANTÉ QUÉBEC OUTAOUAIS,HÔPITAL ET CHSLD DU PONTIAC,51219459,3253,324,97,4.5351828227,2940,2.086186319,2645,221,71,3.8994239656,2336,2.0878116676,608,16,0,7.3009429825,604,2.0799002024,103,26
290,2022-2023,4,07,Outaouais,SANTÉ QUÉBEC OUTAOUAIS,HÔPITAL ET CHSLD MÉMORIAL DE WAKEFIELD / WAKEFIELD MEMORIAL HOSPITAL,51228799,4743,350,129,5.1244319699,3930,2.7140431863,4087,245,99,4.0398225403,3292,2.7584547556,656,87,17,11.881747121,638,2.4848850575,105,30
291,2022-2023,4,08,Abitibi-Témiscamingue,SANTÉ QUÉBEC ABITIBI-TÉMISCAMINGUE,CENTRE MULTISERVICES DE SANTÉ ET DE SERVICES SOCIAUX DE LA SARRE,51247559,5629,637,256,5.6638712718,5024,2.4679416025,4781,398,206,4.5116325037,4184,2.6297568781,848,86,39,12.160160836,840,1.6619474206,239,50
292,2022-2023,4,08,Abitibi-Témiscamingue,SANTÉ QUÉBEC ABITIBI-TÉMISCAMINGUE,CENTRE MULTISERVICES DE SANTÉ ET DE SERVICES SOCIAUX DE TÉMISCAMING-KIPAWA,51247476,1373,93,96,2.5770292142,1340,0.7709767828,1365,90,93,2.4963597884,1332,0.7687812813,8,1,0,16.34125,8,1.1365277778,3,3
293,2022-2023,4,08,Abitibi-Témiscamingue,SANTÉ QUÉBEC ABITIBI-TÉMISCAMINGUE,CENTRE MULTISERVICES DE SANTÉ ET DE SERVICES SOCIAUX DE VILLE-MARIE,51247542,3676,465,186,5.619664566,3140,3.2273932236,3227,311,141,5.0202705471,2696,3.3562423755,449,23,2,9.9275587726,444,2.4450118869,154,45
294,2022-2023,4,08,Abitibi-Témiscamingue,SANTÉ QUÉBEC ABITIBI-TÉMISCAMINGUE,HÔPITAL D'AMOS,51228906,6734,606,258,4.1823341748,5971,1.521280262,5252,257,195,2.6733274097,4499,1.6850882912,1482,122,17,9.5300423602,1472,1.0206197162,349,63
295,2022-2023,4,08,Abitibi-Témiscamingue,SANTÉ QUÉBEC ABITIBI-TÉMISCAMINGUE,HÔPITAL DE ROUYN-NORANDA,51228922,8436,957,491,6.7167657131,6193,3.6676634013,6947,505,309,5.4843203701,4713,4.1404550062,1489,169,14,12.466797814,1480,2.1620777027,452,182
296,2022-2023,4,08,Abitibi-Témiscamingue,SANTÉ QUÉBEC ABITIBI-TÉMISCAMINGUE,HÔPITAL DE VAL-D'OR,51225589,8376,901,569,7.3521002136,6565,4.1074609461,6833,478,405,5.6054283542,5023,4.7152552702,1543,330,26,15.087037877,1542,2.1275965557,423,164
297,2022-2023,4,09,Côte-Nord,SANTÉ QUÉBEC CÔTE-NORD,CENTRE MULTISERVICES DE SANTÉ ET DE SERVICES SOCIAUX DE FERMONT,51245108,2020,11,89,9.2366485149,1666,1.6691678338,1936,10,86,9.4471979741,1582,1.7055306223,84,0,0,4.3839847884,84,0.9843353175,1,3
298,2022-2023,4,09,Côte-Nord,SANTÉ QUÉBEC CÔTE-NORD,CENTRE MULTISERVICES DE SANTÉ ET DE SERVICES SOCIAUX DE FORESTVILLE,51218741,3460,482,123,3.3571502087,2828,2.0398962753,3100,378,103,2.9901159498,2506,2.1542013612,360,10,0,6.5177229938,322,1.1503045204,104,20
299,2022-2023,4,09,Côte-Nord,SANTÉ QUÉBEC CÔTE-NORD,CENTRE MULTISERVICES DE SANTÉ ET DE SERVICES SOCIAUX DE LA BASSE-CÔTE-NORD,51245140,1002,134,49,3.0312613662,966,1.0580247872,822,96,46,2.8460421736,786,1.0965882103,180,0,0,3.877095679,180,0.8896311728,38,3
300,2022-2023,4,09,Côte-Nord,SANTÉ QUÉBEC CÔTE-NORD,CENTRE MULTISERVICES DE SANTÉ ET DE SERVICES SOCIAUX DE LA MINGANIE,51245116,3770,337,110,2.9822259063,2239,2.281218674,2584,214,52,1.8251245915,1100,2.4062780303,1186,29,3,5.5032628349,1139,2.1604414203,123,58
301,2022-2023,4,09,Côte-Nord,SANTÉ QUÉBEC CÔTE-NORD,CENTRE MULTISERVICES DE SANTÉ ET DE SERVICES SOCIAUX DE PORT-CARTIER,51245132,4636,302,192,5.3451226512,3710,3.1061457772,4244,216,161,4.4297777254,3328,3.2726029147,392,70,19,15.255132511,382,1.6559642234,86,31
302,2022-2023,4,09,Côte-Nord,SANTÉ QUÉBEC CÔTE-NORD,CENTRE MULTISERVICES DE SANTÉ ET DE SERVICES SOCIAUX DES ESCOUMINS,51218733,3056,442,77,3.4898711097,2665,1.4545160517,2687,304,68,2.890526713,2301,1.5158614612,369,9,0,7.8542028004,364,1.0667254274,138,9
303,2022-2023,4,09,Côte-Nord,SANTÉ QUÉBEC CÔTE-NORD,CLSC ET HÔPITAL LE ROYER,51228765,6742,1003,452,9.0783949702,5706,3.481450666,5017,435,267,5.2121099927,3983,3.995713658,1725,468,203,20.323120612,1723,2.2926465467,568,185
304,2022-2023,4,09,Côte-Nord,SANTÉ QUÉBEC CÔTE-NORD,HÔPITAL ET CLSC DE SEPT-ÎLES,51232023,6731,671,398,9.7019084584,4998,4.1841951781,4655,228,181,5.3942700203,2993,4.5862890262,2076,492,210,19.360895419,2005,3.5839623164,443,217
305,2022-2023,4,11,Gaspésie-Îles-de-la-Madeleine,SANTÉ QUÉBEC DES ÎLES,HÔPITAL DE L'ARCHIPEL,51227783,5448,615,148,4.4810349364,4768,2.0394405994,4656,416,87,3.4643596077,3983,2.1574517393,792,63,1,10.457853535,785,1.4406656051,199,61
306,2022-2023,4,11,Gaspésie-Îles-de-la-Madeleine,SANTÉ QUÉBEC GASPÉSIE,CENTRE MULTISERVICES DE SANTÉ ET DE SERVICES SOCIAUX DE GRANDE-VALLÉE,51247732,1783,358,32,1.7671650464,1404,0.806662314,1623,296,28,1.3373129322,1261,0.8246400564,160,7,2,6.1274774306,143,0.6481313131,62,4
307,2022-2023,4,11,Gaspésie-Îles-de-la-Madeleine,SANTÉ QUÉBEC GASPÉSIE,CLSC ET CENTRE DE SERVICES AMBULATOIRES DE MURDOCHVILLE,51221307,560,54,27,3.0064246032,544,1.4676256127,546,51,27,2.8576561864,530,1.4815870021,14,2,0,8.8083928571,14,0.9390873016,3,0
308,2022-2023,4,11,Gaspésie-Îles-de-la-Madeleine,SANTÉ QUÉBEC GASPÉSIE,CLSC ET CENTRE DE SERVICES AMBULATOIRES DE PASPÉBIAC,51220978,4154,674,154,3.9465309875,3686,1.9365021553,3233,416,118,3.2133511187,2820,2.0535849094,921,29,3,6.5202231874,866,1.5552396074,258,36
309,2022-2023,4,11,Gaspésie-Îles-de-la-Madeleine,SANTÉ QUÉBEC GASPÉSIE,HÔPITAL DE CHANDLER,51227775,4760,747,190,5.7783793184,4175,2.0684546906,4045,477,159,3.926367944,3463,2.2331153143,715,141,34,16.255842269,712,1.2675842697,270,31
310,2022-2023,4,11,Gaspésie-Îles-de-la-Madeleine,SANTÉ QUÉBEC GASPÉSIE,HÔPITAL DE GASPÉ,51220903,4296,700,194,5.0540700652,3723,1.6618946041,3469,415,124,3.5430782166,2911,1.8714525364,827,94,3,11.392196695,812,0.9106345785,285,70
311,2022-2023,4,11,Gaspésie-Îles-de-la-Madeleine,SANTÉ QUÉBEC GASPÉSIE,HÔPITAL ET CLSC DE SAINTE-ANNE-DES-MONTS,51247799,4211,750,201,5.6490497111,3619,2.0506292407,3365,428,136,3.1186802873,2787,2.146951521,846,165,64,15.713698779,832,1.7279727564,322,65
312,2022-2023,4,11,Gaspésie-Îles-de-la-Madeleine,SANTÉ QUÉBEC GASPÉSIE,HÔPITAL ET GROUPE DE MÉDECINE DE FAMILLE UNIVERSITAIRE DE MARIA,51227908,4928,858,269,9.0127495942,4540,2.0999260279,3695,424,144,4.0257982258,3314,2.2919218132,1233,420,204,23.95742543,1226,1.5809423147,434,125
313,2022-2023,4,12,Chaudière-Appalaches,SANTÉ QUÉBEC CHAUDIÈRE-APPALACHES,CHSLD ET HÔPITAL PAUL-GILBERT,51245199,14167,1015,204,2.544569069,10440,1.924695961,13387,941,193,2.484912083,9660,2.0201241086,780,0,0,3.5684512108,780,0.742855057,74,11
314,2022-2023,4,12,Chaudière-Appalaches,SANTÉ QUÉBEC CHAUDIÈRE-APPALACHES,HÔPITAL DE MONTMAGNY,51245223,10340,1551,335,4.5279678702,9421,1.4800602967,8056,729,159,2.4441059804,7138,1.6928747159,2284,269,10,11.878051664,2283,0.8146773252,822,176
315,2022-2023,4,12,Chaudière-Appalaches,SANTÉ QUÉBEC CHAUDIÈRE-APPALACHES,HÔPITAL DE SAINT-GEORGES,51228971,13249,2280,625,7.0590090657,10717,2.5644242533,9250,803,290,4.212612012,6730,3.237639508,3999,643,42,13.642948237,3987,1.428046359,1477,335
316,2022-2023,4,12,Chaudière-Appalaches,SANTÉ QUÉBEC CHAUDIÈRE-APPALACHES,HÔPITAL DE THETFORD,51245231,12041,1845,340,6.705875135,10834,1.7965886971,9600,941,186,4.6854956887,8397,2.015539313,2441,504,43,14.651652556,2437,1.0421659144,904,154
317,2022-2023,4,12,Chaudière-Appalaches,SANTÉ QUÉBEC CHAUDIÈRE-APPALACHES,HÔTEL-DIEU DE LÉVIS,51227569,23529,4363,1456,7.8141704917,20874,1.328361851,16412,1608,653,3.149758747,13759,1.6790383466,7117,2063,446,18.570433742,7115,0.650223003,2755,803
318,2022-2023,4,13,Laval,SANTÉ QUÉBEC LAVAL,HÔPITAL DE LA CITÉ-DE-LA-SANTÉ,51228757,28821,4788,1795,8.7517344799,21357,3.1129045252,19510,1435,564,5.3394210804,12077,3.9861801128,9311,1851,111,15.901797247,9280,1.9764229227,3353,1231
319,2022-2023,4,14,Lanaudière,SANTÉ QUÉBEC LANAUDIÈRE,HÔPITAL DE LANAUDIÈRE ET CENTRE D'HÉBERGEMENT PARPHILIA-FERLAND,51244945,20826,3391,1363,9.915551274,16912,2.4818530563,13859,1013,983,5.4484407846,9984,3.2505692441,6967,2000,583,18.801683651,6928,1.3740495894,2378,380
320,2022-2023,4,14,Lanaudière,SANTÉ QUÉBEC LANAUDIÈRE,HÔPITAL PIERRE-LE GARDEUR,51228062,23458,3967,1303,10.483954822,14473,5.1670214844,16346,1371,481,6.4985882207,7383,6.6312745873,7112,2412,209,19.643797689,7090,3.6422569346,2596,822
321,2022-2023,4,15,Laurentides,SANTÉ QUÉBEC LAURENTIDES,CENTRE MULTISERVICES DE SANTÉ ET DE SERVICES SOCIAUX D'ARGENTEUIL,51245306,6320,753,207,9.1146501846,4916,3.7079214696,5219,440,136,5.8309977965,3821,4.2259851988,1101,432,169,24.679937935,1095,1.9001392694,313,71
322,2022-2023,4,15,Laurentides,SANTÉ QUÉBEC LAURENTIDES,CENTRE MULTISERVICES DE SANTÉ ET DE SERVICES SOCIAUX DE RIVIÈRE-ROUGE,51217628,4509,486,203,6.0448463567,3871,2.7084087517,3610,249,97,3.7232717759,2986,2.8453472687,899,169,51,15.367298233,885,2.2463766478,237,106
323,2022-2023,4,15,Laurentides,SANTÉ QUÉBEC LAURENTIDES,CENTRE MULTISERVICES DE SANTÉ ET DE SERVICES SOCIAUX DE SAINTE-AGATHE,51246874,9194,1643,508,12.156317103,7182,3.9624335917,6162,629,160,6.6339607451,4181,4.9567348322,3032,1082,374,23.379522867,3001,2.5771708505,1014,348
324,2022-2023,4,15,Laurentides,SANTÉ QUÉBEC LAURENTIDES,HÔPITAL DE MONT-LAURIER,51217610,5203,700,271,9.0447287356,4186,2.8729625206,4077,365,146,5.4099058404,3077,3.0812580797,1126,349,154,22.20562833,1109,2.29503156,335,125
325,2022-2023,4,15,Laurentides,SANTÉ QUÉBEC LAURENTIDES,HÔPITAL DE SAINT-EUSTACHE,51228864,14876,2614,828,12.860954539,10124,3.5332938233,9438,767,257,6.3626796814,4712,5.2070835691,5438,2123,826,24.139129991,5412,2.0759957297,1847,571
326,2022-2023,4,15,Laurentides,SANTÉ QUÉBEC LAURENTIDES,HÔPITAL DE SAINT-JÉRÔME,51228880,17393,2855,1715,14.791505235,11746,4.8275200068,10414,868,492,7.050860727,4819,6.700374559,6979,2676,1082,26.342024208,6927,3.52460589,1987,1223
327,2022-2023,4,16,Montérégie,SANTÉ QUÉBEC MONTÉRÉGIE-CENTRE,HÔPITAL CHARLES-LE MOYNE,51233799,23669,3867,1912,9.9732899691,12716,5.363325928,16821,1429,823,6.1348448864,5873,6.4792632007,6848,2187,200,19.401807016,6843,4.4055735382,2438,1089
328,2022-2023,4,16,Montérégie,SANTÉ QUÉBEC MONTÉRÉGIE-CENTRE,HÔPITAL DU HAUT-RICHELIEU,51229045,18605,2746,1064,10.365342948,13517,2.905689235,13524,1039,399,4.8803368086,8469,3.46383231,5081,1592,945,24.964678322,5048,1.9692958708,1707,665
329,2022-2023,4,16,Montérégie,SANTÉ QUÉBEC MONTÉRÉGIE-EST,HÔPITAL HONORÉ-MERCIER,51229193,14343,2614,841,10.119196065,10310,4.0690949995,10606,1095,436,5.5517367004,6579,5.0763901555,3737,1328,508,23.082127301,3731,2.2928969743,1519,405
330,2022-2023,4,16,Montérégie,SANTÉ QUÉBEC MONTÉRÉGIE-EST,HÔPITAL PIERRE-BOUCHER,51229011,17094,3247,1039,13.963367263,12180,4.8228530378,8798,923,314,5.9570358478,3981,6.2855720924,8296,2441,1130,22.454170517,8199,4.1126341627,2324,725
331,2022-2023,4,16,Montérégie,SANTÉ QUÉBEC MONTÉRÉGIE-EST,HÔTEL-DIEU DE SOREL,51229102,10359,1644,557,9.0588244522,8789,2.3723241489,7150,676,172,4.8498675214,5603,2.8768633371,3209,872,272,18.436836934,3186,1.485025633,968,385
332,2022-2023,4,16,Montérégie,SANTÉ QUÉBEC MONTÉRÉGIE-OUEST,HÔPITAL ANNA-LABERGE,51229151,11504,2252,583,17.019937799,8463,2.1945711397,7576,673,148,7.8325652646,4536,3.1370750049,3928,1966,1016,34.739778513,3927,1.1059035736,1579,435
333,2022-2023,4,16,Montérégie,SANTÉ QUÉBEC MONTÉRÉGIE-OUEST,HÔPITAL BARRIE MEMORIAL / BARRIE MEMORIAL HOSPITAL,51228005,6608,633,105,5.5911220827,5186,3.0276197669,5631,373,85,3.9315530101,4215,2.7846312772,977,201,17,15.1561512,971,4.0824050235,260,20
334,2022-2023,4,16,Montérégie,SANTÉ QUÉBEC MONTÉRÉGIE-OUEST,HÔPITAL DU SUROÎT,51229136,11313,2184,805,13.191816151,9030,2.2277115787,7434,665,473,4.4129272412,5170,2.9410794111,3879,1498,854,30.016322506,3860,1.272242228,1519,332
335,2023-2024,4,01,Bas-Saint-Laurent,SANTÉ QUÉBEC BAS-SAINT-LAURENT,CENTRE HOSPITALIER RÉGIONAL DU GRAND-PORTAGE,51218352,6020,1108,305,4.843017488,5194,2.0858339216,4385,488,175,3.3407929811,3568,2.3321686597,1635,15,0,8.8719193,1626,1.5452912737,620,130
336,2023-2024,4,01,Bas-Saint-Laurent,SANTÉ QUÉBEC BAS-SAINT-LAURENT,CENTRE MULTISERVICES DE SANTÉ ET DE SERVICES SOCIAUX DE TROIS-PISTOLES,51236156,3215,526,83,3.4617427856,2902,1.3589754193,2696,339,60,2.5321045582,2391,1.4534186068,519,16,0,8.2908461785,511,0.9170700152,187,23
337,2023-2024,4,01,Bas-Saint-Laurent,SANTÉ QUÉBEC BAS-SAINT-LAURENT,CLSC DE POHÉNÉGAMOOK,51219418,3135,443,102,1.8305629098,2902,0.9305069301,2946,395,93,1.5415386211,2713,0.9421648851,189,1,0,6.3356716637,189,0.7631628454,48,9
338,2023-2024,4,01,Bas-Saint-Laurent,SANTÉ QUÉBEC BAS-SAINT-LAURENT,HÔPITAL D'AMQUI,51226892,4373,708,129,4.1375556445,3850,1.615326912,2466,263,70,3.1588751464,2017,1.8296727814,1907,21,0,5.4031173163,1833,1.3794645996,445,59
339,2023-2024,4,01,Bas-Saint-Laurent,SANTÉ QUÉBEC BAS-SAINT-LAURENT,HÔPITAL DE MATANE,51218980,5039,912,216,5.2420313775,4400,2.6625559343,3731,462,120,4.4913853152,3120,3.0375219907,1308,42,6,7.3832090979,1280,1.7485761719,450,96
340,2023-2024,4,01,Bas-Saint-Laurent,SANTÉ QUÉBEC BAS-SAINT-LAURENT,HÔPITAL DE NOTRE-DAME-DU-LAC,51221877,3788,674,117,3.5354097736,3368,1.3822592538,3007,389,65,2.276923752,2595,1.5356642047,781,25,0,8.3808226633,773,0.8672710939,285,52
341,2023-2024,4,01,Bas-Saint-Laurent,SANTÉ QUÉBEC BAS-SAINT-LAURENT,HÔPITAL NOTRE-DAME-DE-FATIMA,51221141,4724,876,155,3.5472998401,4375,1.3801336508,3667,463,69,2.5677910341,3324,1.4918277845,1057,1,0,6.9454633134,1051,1.0268783698,413,86
342,2023-2024,4,01,Bas-Saint-Laurent,SANTÉ QUÉBEC BAS-SAINT-LAURENT,HÔPITAL RÉGIONAL DE RIMOUSKI,51227882,9141,1710,497,5.8245484022,7329,2.438451206,6493,720,287,4.1516467307,4708,2.8239038752,2648,155,2,9.9265690039,2621,1.7460776209,990,210
343,2023-2024,4,02,Saguenay-Lac-Saint-Jean,SANTÉ QUÉBEC SAGUENAY - LAC-SAINT-JEAN - UNIVERSITAIRE,HÔPITAL D'ALMA,51219400,10241,1545,435,4.7661697263,8172,2.7691438584,7762,821,202,3.6521675757,5744,2.9912267874,2479,40,0,8.2542232531,2428,2.2437549195,724,233
344,2023-2024,4,02,Saguenay-Lac-Saint-Jean,SANTÉ QUÉBEC SAGUENAY - LAC-SAINT-JEAN - UNIVERSITAIRE,HÔPITAL DE CHICOUTIMI,51218394,15980,2550,1030,7.2027290189,14033,2.4097489449,9227,790,349,3.7465216815,7332,3.1680214584,6753,886,69,11.925137593,6701,1.5800736623,1760,681
345,2023-2024,4,02,Saguenay-Lac-Saint-Jean,SANTÉ QUÉBEC SAGUENAY - LAC-SAINT-JEAN - UNIVERSITAIRE,HÔPITAL DE DOLBEAU-MISTASSINI,51219384,6023,1029,206,4.3035648532,5459,1.8214203354,5008,649,103,2.9726600772,4457,1.9698345923,1015,66,14,10.870235906,1002,1.1612583167,380,103
346,2023-2024,4,02,Saguenay-Lac-Saint-Jean,SANTÉ QUÉBEC SAGUENAY - LAC-SAINT-JEAN - UNIVERSITAIRE,HÔPITAL DE LA BAIE,51221364,5445,733,170,5.1504890827,4942,2.6054062121,4244,353,102,3.9087992853,3751,2.8679350692,1201,33,0,9.5382755111,1191,1.7785835899,380,68
347,2023-2024,4,02,Saguenay-Lac-Saint-Jean,SANTÉ QUÉBEC SAGUENAY - LAC-SAINT-JEAN - UNIVERSITAIRE,HÔPITAL ET CENTRE D'HÉBERGEMENT DE ROBERVAL,51228203,7120,1045,459,5.5661692806,6419,2.1175776341,4892,456,164,3.3284763105,4232,2.3270519586,2228,205,22,10.47945205,2187,1.71222997,589,295
348,2023-2024,4,02,Saguenay-Lac-Saint-Jean,SANTÉ QUÉBEC SAGUENAY - LAC-SAINT-JEAN - UNIVERSITAIRE,HÔPITAL ET CENTRE DE RÉADAPTATION DE JONQUIÈRE,51224541,7697,1373,381,7.4820942864,6104,4.1527917941,4619,507,131,5.02694252,3153,4.5690234169,3078,183,1,11.166417226,2951,3.7080685455,866,250
349,2023-2024,4,03,Capitale-Nationale,SANTÉ QUÉBEC - CENTRE HOSPITALIER UNIVERSITAIRE DE QUÉBEC - UNIVERSITÉ LAVAL,CENTRE HOSPITALIER DE L'UNIVERSITÉ LAVAL,51217594,20850,1727,2007,8.3785753397,16757,2.2633401133,11688,346,637,4.9501875143,7624,3.5474036668,9162,981,383,12.752183384,9133,1.1914359709,1381,1370
350,2023-2024,4,03,Capitale-Nationale,SANTÉ QUÉBEC - CENTRE HOSPITALIER UNIVERSITAIRE DE QUÉBEC - UNIVERSITÉ LAVAL,HÔPITAL DE L'ENFANT-JÉSUS,51233914,18341,3167,2288,9.9014335672,16581,1.5982775633,10204,1054,613,4.0046928764,8492,2.0279884336,8137,1715,493,17.296092779,8089,1.1471581778,2113,1675
351,2023-2024,4,03,Capitale-Nationale,SANTÉ QUÉBEC - CENTRE HOSPITALIER UNIVERSITAIRE DE QUÉBEC - UNIVERSITÉ LAVAL,HÔPITAL DU SAINT-SACREMENT,51217529,10356,2478,284,7.4357751545,8603,1.8700936043,7200,980,112,3.4045150463,5461,2.2223038617,3156,780,103,16.632566276,3142,1.257929309,1498,172
352,2023-2024,4,03,Capitale-Nationale,SANTÉ QUÉBEC - CENTRE HOSPITALIER UNIVERSITAIRE DE QUÉBEC - UNIVERSITÉ LAVAL,HÔPITAL SAINT-FRANÇOIS D'ASSISE,51217602,12297,3013,400,9.9367589656,9940,2.2029230941,7386,870,190,4.3842664049,5040,2.9698280423,4911,1381,199,18.287544967,4900,1.414106576,2143,210
353,2023-2024,4,03,Capitale-Nationale,SANTÉ QUÉBEC - CENTRE HOSPITALIER UNIVERSITAIRE DE QUÉBEC - UNIVERSITÉ LAVAL,L'HÔTEL-DIEU DE QUÉBEC,51217586,6198,1419,315,7.2723533129,5591,1.473570371,3167,334,103,3.0596849454,2592,1.6797003601,3031,259,3,11.674042762,2999,1.2954146753,1085,212
354,2023-2024,4,03,Capitale-Nationale,SANTÉ QUÉBEC - INSTITUT UNIVERSITAIRE DE CARDIOLOGIE ET DE PNEUMOLOGIE DE QUÉBEC - UNIVERSITÉ LAVAL,INSTITUT UNIVERSITAIRE DE CARDIOLOGIE ET DE PNEUMOLOGIE DE QUÉBEC,51232130,8404,2841,191,7.8984896412,7958,1.9375705091,4384,1012,119,3.9587844688,3948,2.4930555556,4020,422,2,12.194924337,4010,1.3906740094,1829,72
355,2023-2024,4,03,Capitale-Nationale,SANTÉ QUÉBEC CAPITALE-NATIONALE - UNIVERSITAIRE,CENTRE MULTISERVICES DE SANTÉ ET DE SERVICES SOCIAUX CHAUVEAU,51225001,11585,803,141,2.870194936,7892,1.8915400617,10132,628,99,2.665984203,6459,2.0642307461,1453,0,0,4.294188843,1433,1.1131666279,175,42
356,2023-2024,4,03,Capitale-Nationale,SANTÉ QUÉBEC CAPITALE-NATIONALE - UNIVERSITAIRE,CENTRE MULTISERVICES DE SANTÉ ET DE SERVICES SOCIAUX DE BAIE-SAINT-PAUL,51244804,3620,704,120,5.7431375077,2822,1.9849962595,2902,451,52,3.079633586,2111,2.1925668456,718,142,45,16.508441659,711,1.3687072199,253,68
357,2023-2024,4,03,Capitale-Nationale,SANTÉ QUÉBEC CAPITALE-NATIONALE - UNIVERSITAIRE,CENTRE MULTISERVICES DE SANTÉ ET DE SERVICES SOCIAUX DE SAINT-MARC-DES-CARRIÈRES,51247344,4811,679,125,2.8662594402,4080,1.4182148693,3874,373,78,2.2203892044,3168,1.6079571759,937,8,0,5.5365916637,912,0.7591100146,306,47
358,2023-2024,4,03,Capitale-Nationale,SANTÉ QUÉBEC CAPITALE-NATIONALE - UNIVERSITAIRE,CENTRE MULTISERVICES DE SANTÉ ET DE SERVICES SOCIAUX DE SAINT-RAYMOND,51247302,5869,831,110,4.0058833608,4819,1.8817032118,4743,455,68,3.0308277696,3705,2.1176446244,1126,32,3,8.1130669035,1114,1.0969968083,376,42
359,2023-2024,4,03,Capitale-Nationale,SANTÉ QUÉBEC CAPITALE-NATIONALE - UNIVERSITAIRE,CENTRE MULTISERVICES DE SANTÉ ET DE SERVICES SOCIAUX DE SAINTE-ANNE-DE-BEAUPRÉ,51225357,4585,511,69,3.8145705804,3541,1.8146296558,3942,302,48,2.9671638762,2908,1.9632738232,643,35,4,9.0097140142,633,1.1317588204,209,21
360,2023-2024,4,03,Capitale-Nationale,SANTÉ QUÉBEC CAPITALE-NATIONALE - UNIVERSITAIRE,HÔPITAL ET CLSC DE LA MALBAIE,51228690,4159,755,125,5.951758903,3434,1.6596580761,3347,488,76,3.2014659894,2623,1.9028384589,812,185,54,17.288249521,811,0.8731449514,267,49
361,2023-2024,4,04,Mauricie et Centre-du-Québec,SANTÉ QUÉBEC MAURICIE-ET-CENTRE-DU-QUÉBEC - UNIVERSITAIRE,CENTRE MULTISERVICES DE SANTÉ ET DE SERVICES SOCIAUX AVELLIN-DALCOURT,51233583,6131,910,134,4.60177264,4966,2.8367627646,5221,537,88,3.7859267595,4069,3.1084831791,910,37,2,9.2825763126,897,1.6041759569,373,46
362,2023-2024,4,04,Mauricie et Centre-du-Québec,SANTÉ QUÉBEC MAURICIE-ET-CENTRE-DU-QUÉBEC - UNIVERSITAIRE,CENTRE MULTISERVICES DE SANTÉ ET DE SERVICES SOCIAUX CHRIST-ROI,51246338,6215,653,168,4.9116239832,4948,3.2294439953,5138,303,127,3.9575583344,3901,3.4618477456,1077,58,9,9.4631460848,1047,2.3635347023,350,41
363,2023-2024,4,04,Mauricie et Centre-du-Québec,SANTÉ QUÉBEC MAURICIE-ET-CENTRE-DU-QUÉBEC - UNIVERSITAIRE,CENTRE MULTISERVICES DE SANTÉ ET DE SERVICES SOCIAUX DE FORTIERVILLE,51219160,3371,306,72,2.3113644978,2714,1.869424998,3183,274,65,2.248049534,2528,1.926230661,188,1,0,3.383340721,186,1.0973566308,32,7
364,2023-2024,4,04,Mauricie et Centre-du-Québec,SANTÉ QUÉBEC MAURICIE-ET-CENTRE-DU-QUÉBEC - UNIVERSITAIRE,CENTRE MULTISERVICES DE SANTÉ ET DE SERVICES SOCIAUX DU HAUT-SAINT-MAURICE,51219731,3360,522,166,6.0265277778,2883,2.7910755579,2506,298,72,4.045407134,2048,3.0079399957,854,83,3,11.839980159,835,2.25917332,224,94
365,2023-2024,4,04,Mauricie et Centre-du-Québec,SANTÉ QUÉBEC MAURICIE-ET-CENTRE-DU-QUÉBEC - UNIVERSITAIRE,HÔPITAL DU CENTRE-DE-LA-MAURICIE,51220051,10246,1989,665,7.9325963249,8192,3.0035122342,6469,661,141,4.8767053555,4433,4.1324024989,3777,511,50,13.166527667,3759,1.6722085513,1328,524
366,2023-2024,4,04,Mauricie et Centre-du-Québec,SANTÉ QUÉBEC MAURICIE-ET-CENTRE-DU-QUÉBEC - UNIVERSITAIRE,HÔPITAL SAINTE-CROIX,51228781,11849,1830,720,8.1112310228,8836,3.1165314873,6918,524,162,5.1505504963,4071,4.0366095554,4931,657,22,12.26494992,4765,2.3304584936,1306,558
367,2023-2024,4,04,Mauricie et Centre-du-Québec,SANTÉ QUÉBEC MAURICIE-ET-CENTRE-DU-QUÉBEC - UNIVERSITAIRE,HÔTEL-DIEU D'ARTHABASKA,51228039,11205,2003,585,5.7063141455,9300,2.1517706093,6822,643,156,3.6972289407,4982,2.6843910299,4383,210,3,8.8333913225,4318,1.537246539,1360,429
368,2023-2024,4,04,Mauricie et Centre-du-Québec,SANTÉ QUÉBEC MAURICIE-ET-CENTRE-DU-QUÉBEC - UNIVERSITAIRE,PAVILLON SAINTE-MARIE,51220168,17248,3877,994,9.9750566893,13129,3.230441622,9251,886,272,5.1673518779,5224,4.7049844734,7997,1767,119,15.536651939,7905,2.2559935695,2991,722
369,2023-2024,4,05,Estrie,SANTÉ QUÉBEC ESTRIE - CENTRE HOSPITALIER UNIVERSITAIRE DE SHERBROOKE,CENTRE MULTISERVICES DE SANTÉ ET DE SERVICES SOCIAUX DE LA MRC DE COATICOOK,51247617,5661,503,151,2.8410623859,4583,1.9870533008,4539,321,110,2.6417924286,3478,2.1772514536,1122,0,0,3.6471999406,1105,1.3884024635,182,41
370,2023-2024,4,05,Estrie,SANTÉ QUÉBEC ESTRIE - CENTRE HOSPITALIER UNIVERSITAIRE DE SHERBROOKE,CENTRE MULTISERVICES DE SANTÉ ET DE SERVICES SOCIAUX DE MEMPHRÉMAGOG,51219046,7166,1424,238,6.2475435699,6069,2.8897697314,5348,695,121,4.2096105502,4279,3.1781085274,1818,251,56,12.242519252,1790,2.2004950341,729,117
371,2023-2024,4,05,Estrie,SANTÉ QUÉBEC ESTRIE - CENTRE HOSPITALIER UNIVERSITAIRE DE SHERBROOKE,CENTRE MULTISERVICES DE SANTÉ ET DE SERVICES SOCIAUX DES SOURCES,51247583,5109,667,165,5.1684364194,4221,3.4973179736,4458,437,112,4.57313444,3577,3.7611316901,651,34,0,9.2450204813,644,2.0320048309,230,53
372,2023-2024,4,05,Estrie,SANTÉ QUÉBEC ESTRIE - CENTRE HOSPITALIER UNIVERSITAIRE DE SHERBROOKE,CENTRE MULTISERVICES DE SANTÉ ET DE SERVICES SOCIAUX DU GRANIT,51223832,4501,712,129,5.7505603693,3751,3.1865661749,3674,425,81,4.5098692766,2931,3.450274366,827,74,3,11.262409311,820,2.2439701897,287,48
373,2023-2024,4,05,Estrie,SANTÉ QUÉBEC ESTRIE - CENTRE HOSPITALIER UNIVERSITAIRE DE SHERBROOKE,CHUS - HÔPITAL FLEURIMONT,51216687,13395,1986,299,8.8931019037,11381,2.7937351727,6956,401,116,6.1828493387,4947,4.8917357321,6439,814,46,11.820965989,6434,1.1806159983,1585,183
374,2023-2024,4,05,Estrie,SANTÉ QUÉBEC ESTRIE - CENTRE HOSPITALIER UNIVERSITAIRE DE SHERBROOKE,CHUS - HÔTEL-DIEU DE SHERBROOKE,51216695,13914,2747,1747,11.048027167,11759,2.7560336763,6888,713,358,5.4191807007,4741,4.2351648738,7026,1580,398,16.56631559,7018,1.7568086824,2034,1389
375,2023-2024,4,05,Estrie,SANTÉ QUÉBEC ESTRIE - CENTRE HOSPITALIER UNIVERSITAIRE DE SHERBROOKE,HÔPITAL BROME-MISSISQUOI-PERKINS,51229185,8186,1336,269,10.327011734,6512,4.079270748,5686,495,96,5.6830538946,4046,4.7013353381,2500,788,281,20.889229444,2466,3.0586408489,841,173
376,2023-2024,4,05,Estrie,SANTÉ QUÉBEC ESTRIE - CENTRE HOSPITALIER UNIVERSITAIRE DE SHERBROOKE,HÔPITAL DE GRANBY,51228120,11154,1896,794,10.940730331,8674,4.6358992711,7506,721,269,6.9545526172,5057,5.815405159,3648,1168,183,19.142553226,3617,2.9868085123,1175,525
377,2023-2024,4,06,Montréal,SANTÉ QUÉBEC - CENTRE HOSPITALIER DE L'UNIVERSITÉ DE MONTRÉAL,CENTRE HOSPITALIER DE L'UNIVERSITÉ DE MONTRÉAL,51236297,21286,3057,1663,12.496204991,16245,2.9962580794,12386,809,514,7.2831363143,7413,4.915733059,8900,2835,450,19.751156523,8832,1.3851770079,2248,1149
378,2023-2024,4,06,Montréal,SANTÉ QUÉBEC - CENTRE HOSPITALIER UNIVERSITAIRE SAINTE-JUSTINE,CHU SAINTE-JUSTINE,51222800,23557,0,547,5.2167313325,20335,2.0987922438,15028,0,214,4.4746336283,12111,2.6614739585,8529,116,0,6.5242989604,8224,1.2701640524,0,333
379,2023-2024,4,06,Montréal,SANTÉ QUÉBEC - CENTRE UNIVERSITAIRE DE SANTÉ MCGILL,HÔPITAL DE LACHINE,51228310,5778,459,78,5.9238772066,5023,3.4593588935,5110,315,54,4.801681072,4358,3.5666749528,668,113,25,14.50834165,665,2.7560756057,144,24
380,2023-2024,4,06,Montréal,SANTÉ QUÉBEC - CENTRE UNIVERSITAIRE DE SANTÉ MCGILL,HÔPITAL GÉNÉRAL DE MONTRÉAL,51248219,9539,1405,1254,16.832097908,8097,1.9793814582,4045,313,269,6.2201632331,2660,3.0021717836,5494,1696,815,24.645216903,5437,1.4789911205,1092,985
381,2023-2024,4,06,Montréal,SANTÉ QUÉBEC - CENTRE UNIVERSITAIRE DE SANTÉ MCGILL,HÔPITAL ROYAL VICTORIA,51223295,13802,2311,355,17.167108571,10310,4.4453520584,8276,649,146,8.6574030664,4929,5.7886202971,5526,2249,1076,29.911647615,5381,3.2149173532,1662,209
382,2023-2024,4,06,Montréal,SANTÉ QUÉBEC - CENTRE UNIVERSITAIRE DE SANTÉ MCGILL,L'HÔPITAL DE MONTRÉAL POUR ENFANTS,51223279,20636,3,688,6.0022614875,19146,1.5901358857,15924,0,222,4.7919568471,14448,1.8062569214,4712,329,19,10.092433621,4698,0.9254877962,3,466
383,2023-2024,4,06,Montréal,SANTÉ QUÉBEC - INSTITUT DE CARDIOLOGIE DE MONTRÉAL,INSTITUT DE CARDIOLOGIE DE MONTRÉAL,51248201,5842,1652,143,8.601290749,5666,1.5022845825,3656,723,118,3.9714989819,3483,1.7547582703,2186,454,31,16.344437456,2183,1.0994600957,929,25
384,2023-2024,4,06,Montréal,SANTÉ QUÉBEC CENTRE-OUEST-DE-L'ÎLE-DE-MONTRÉAL - UNIVERSITAIRE,HÔPITAL GÉNÉRAL JUIF,51248250,26330,5114,1455,10.940234639,22617,2.5148945606,9111,616,157,4.0594895669,5914,3.0678103277,17219,2640,697,14.581007527,16703,2.3191247081,4498,1298
385,2023-2024,4,06,Montréal,SANTÉ QUÉBEC CENTRE-SUD-DE-L'ÎLE-DE-MONTRÉAL - UNIVERSITAIRE,HÔPITAL DE VERDUN,51218097,12655,2269,817,9.0922137715,11075,2.0931104841,8313,697,300,4.1746797185,6743,2.617781197,4342,1376,93,18.50710566,4332,1.2764312096,1572,517
386,2023-2024,4,06,Montréal,SANTÉ QUÉBEC CENTRE-SUD-DE-L'ÎLE-DE-MONTRÉAL - UNIVERSITAIRE,HÔPITAL NOTRE-DAME,51236313,11161,1523,1746,12.816561265,9374,2.2622119693,6374,317,617,5.4757996897,4605,3.1988047412,4787,1694,403,22.590953218,4769,1.3578274621,1206,1129
387,2023-2024,4,06,Montréal,SANTÉ QUÉBEC EST-DE-L'ÎLE-DE-MONTRÉAL - UNIVERSITAIRE,HÔPITAL MAISONNEUVE-ROSEMONT,12934659,19273,3454,1280,10.903676992,14932,3.0784361327,11419,908,322,5.3233133131,7123,4.3150159499,7854,2321,476,19.017017054,7809,1.9504865824,2546,958
388,2023-2024,4,06,Montréal,SANTÉ QUÉBEC EST-DE-L'ÎLE-DE-MONTRÉAL - UNIVERSITAIRE,HÔPITAL SANTA CABRINI,51235919,10172,2545,357,14.988355016,7965,3.0789783427,6027,670,139,6.8613897185,3837,4.4041167144,4145,1561,791,26.805295872,4128,1.847254522,1875,218
389,2023-2024,4,06,Montréal,SANTÉ QUÉBEC EST-DE-L'ÎLE-DE-MONTRÉAL - UNIVERSITAIRE,INSTITUT UNIVERSITAIRE EN SANTÉ MENTALE DE MONTRÉAL,51235307,1529,64,1525,14.182410435,1494,1.7094210174,694,28,690,3.4503942523,659,1.5875547968,835,316,81,23.102193945,835,1.8056004657,36,835
390,2023-2024,4,06,Montréal,SANTÉ QUÉBEC NORD-DE-L'ÎLE-DE-MONTRÉAL - UNIVERSITAIRE,HÔPITAL DU SACRÉ-COEUR-DE-MONTRÉAL,12475976,19208,3722,933,12.443436386,15033,3.1265273435,13086,1171,388,6.7373760125,8921,4.3682341292,6122,2617,942,24.640350149,6112,1.3141473967,2551,545
391,2023-2024,4,06,Montréal,SANTÉ QUÉBEC NORD-DE-L'ÎLE-DE-MONTRÉAL - UNIVERSITAIRE,HÔPITAL EN SANTÉ MENTALE ALBERT-PRÉVOST,51848752,1018,33,1014,22.482878193,1005,0.3770351023,453,13,449,3.8753256071,440,0.5028832071,565,323,155,37.401853982,565,0.2790294985,20,565
392,2023-2024,4,06,Montréal,SANTÉ QUÉBEC NORD-DE-L'ÎLE-DE-MONTRÉAL - UNIVERSITAIRE,HÔPITAL FLEURY,51228492,9100,1457,275,9.301957265,6656,4.0040231036,6603,576,132,6.0949726135,4172,5.0957481091,2497,684,30,17.782421684,2484,2.1704173376,881,143
393,2023-2024,4,06,Montréal,SANTÉ QUÉBEC NORD-DE-L'ÎLE-DE-MONTRÉAL - UNIVERSITAIRE,HÔPITAL JEAN-TALON,51228500,12564,1515,1043,7.4300428473,9386,3.0020725312,9421,532,383,4.8777331081,6255,3.7548687716,3143,608,10,15.080475572,3131,1.4981630824,983,660
394,2023-2024,4,06,Montréal,SANTÉ QUÉBEC OUEST-DE-L'ÎLE-DE-MONTRÉAL - UNIVERSITAIRE,CENTRE HOSPITALIER DE ST. MARY,51248243,9575,1914,726,11.253660313,8762,2.2621215349,6251,658,254,5.252382641,5448,2.6954798397,3324,1178,309,22.539456562,3314,1.5497087273,1256,472
395,2023-2024,4,06,Montréal,SANTÉ QUÉBEC OUEST-DE-L'ÎLE-DE-MONTRÉAL - UNIVERSITAIRE,HÔPITAL DE LASALLE,51224392,7787,1257,259,10.793932373,6100,3.586356102,5902,512,87,6.4533969182,4227,4.2990349736,1885,616,256,24.384298556,1873,1.9779772498,745,172
396,2023-2024,4,06,Montréal,SANTÉ QUÉBEC OUEST-DE-L'ÎLE-DE-MONTRÉAL - UNIVERSITAIRE,HÔPITAL DOUGLAS,51235190,1521,34,1461,16.096589415,1397,1.9217062356,849,19,795,3.5419022379,725,1.9545383142,672,354,140,31.958091518,672,1.8862847222,15,666
397,2023-2024,4,06,Montréal,SANTÉ QUÉBEC OUEST-DE-L'ÎLE-DE-MONTRÉAL - UNIVERSITAIRE,HÔPITAL GÉNÉRAL DU LAKESHORE,51228278,11341,2565,939,14.691848162,9499,2.3926335813,6968,721,98,6.889858799,5139,3.0977500486,4373,1778,751,27.123648271,4360,1.5615341488,1844,841
398,2023-2024,4,07,Outaouais,SANTÉ QUÉBEC OUTAOUAIS,CENTRE MULTISERVICES DE SANTÉ ET DE SERVICES SOCIAUX DE MANSFIELD-ET-PONTEFRACT,51245058,2682,285,69,4.1969024981,2501,1.6683135635,2611,275,67,4.0808114175,2430,1.6715723594,71,1,0,8.4661111111,71,1.5567801252,10,2
399,2023-2024,4,07,Outaouais,SANTÉ QUÉBEC OUTAOUAIS,CLSC ET CENTRE D'HÉBERGEMENT DE LA PETITE-NATION,51219491,3068,423,99,2.8683115131,2544,1.3435160072,2794,343,87,2.6829569315,2270,1.4282760646,274,1,0,4.7583870641,274,0.6413067721,80,12
400,2023-2024,4,07,Outaouais,SANTÉ QUÉBEC OUTAOUAIS,HÔPITAL DE GATINEAU,51221703,11578,1506,1300,12.318239885,7177,4.7664737278,7563,584,392,5.9371618405,3283,5.3564212103,4015,1358,599,24.338188391,3894,4.2690937625,922,908
401,2023-2024,4,07,Outaouais,SANTÉ QUÉBEC OUTAOUAIS,HÔPITAL DE HULL,51221711,10039,1829,313,14.3514118,6530,4.0057770972,6697,665,194,6.4953612729,3264,4.7172387323,3342,1211,697,30.094071996,3266,3.2947511397,1164,119
402,2023-2024,4,07,Outaouais,SANTÉ QUÉBEC OUTAOUAIS,HÔPITAL DE MANIWAKI,51221893,3887,461,205,7.0055351885,3393,2.3341302355,2757,216,103,3.3957574658,2289,2.428270351,1130,200,92,15.812753933,1104,2.1389429851,245,102
403,2023-2024,4,07,Outaouais,SANTÉ QUÉBEC OUTAOUAIS,HÔPITAL ET CHSLD DE PAPINEAU,51228823,6564,803,338,10.04710864,4834,3.5649111617,4877,360,132,4.2175358827,3171,3.7964859491,1687,562,319,26.899999177,1663,3.1233455268,443,206
404,2023-2024,4,07,Outaouais,SANTÉ QUÉBEC OUTAOUAIS,HÔPITAL ET CHSLD DU PONTIAC,51219459,3271,404,95,5.7346260063,2989,2.0657575927,2661,284,58,4.2552509499,2381,2.1042972141,610,85,22,12.188096539,608,1.9148318713,120,37
405,2023-2024,4,07,Outaouais,SANTÉ QUÉBEC OUTAOUAIS,HÔPITAL ET CHSLD MÉMORIAL DE WAKEFIELD / WAKEFIELD MEMORIAL HOSPITAL,51228799,4856,401,107,5.2719309445,3987,2.7103679319,4278,271,81,3.9034048231,3413,2.8200956311,578,105,30,15.400918397,574,2.0579277971,130,26
406,2023-2024,4,08,Abitibi-Témiscamingue,SANTÉ QUÉBEC ABITIBI-TÉMISCAMINGUE,CENTRE MULTISERVICES DE SANTÉ ET DE SERVICES SOCIAUX DE LA SARRE,51247559,5089,630,250,5.6491209253,4640,2.0789776102,4176,387,184,4.1996247738,3741,2.1759614185,913,101,37,12.27901789,899,1.675399827,243,66
407,2023-2024,4,08,Abitibi-Témiscamingue,SANTÉ QUÉBEC ABITIBI-TÉMISCAMINGUE,CENTRE MULTISERVICES DE SANTÉ ET DE SERVICES SOCIAUX DE TÉMISCAMING-KIPAWA,51247476,1622,139,81,2.8591375531,1541,0.9058454106,1484,110,61,2.1987436358,1404,0.9353395062,138,10,0,9.9607648953,137,0.6035847526,29,20
408,2023-2024,4,08,Abitibi-Témiscamingue,SANTÉ QUÉBEC ABITIBI-TÉMISCAMINGUE,CENTRE MULTISERVICES DE SANTÉ ET DE SERVICES SOCIAUX DE VILLE-MARIE,51247542,3218,463,167,4.8188146537,2811,2.6446591763,2779,333,128,4.0737673424,2378,2.6951873657,439,12,1,9.5351847634,433,2.3671625609,130,39
409,2023-2024,4,08,Abitibi-Témiscamingue,SANTÉ QUÉBEC ABITIBI-TÉMISCAMINGUE,HÔPITAL D'AMOS,51228906,6794,696,274,4.4279962303,5977,1.6509444073,5136,293,200,2.8842026328,4339,1.8551228522,1658,103,11,9.2102181343,1638,1.1100834351,403,74
410,2023-2024,4,08,Abitibi-Témiscamingue,SANTÉ QUÉBEC ABITIBI-TÉMISCAMINGUE,HÔPITAL DE ROUYN-NORANDA,51228922,7583,984,409,6.5617290504,5987,3.5716169293,5989,503,251,5.5952510158,4414,4.0809303731,1594,116,2,10.192994389,1573,2.1424309529,481,158
411,2023-2024,4,08,Abitibi-Témiscamingue,SANTÉ QUÉBEC ABITIBI-TÉMISCAMINGUE,HÔPITAL DE VAL-D'OR,51225589,7895,835,542,8.282162339,6357,3.858730577,6361,472,387,6.508286433,4827,4.434133117,1534,332,44,15.637849848,1530,2.0433919753,363,155
412,2023-2024,4,09,Côte-Nord,SANTÉ QUÉBEC CÔTE-NORD,CENTRE MULTISERVICES DE SANTÉ ET DE SERVICES SOCIAUX DE FERMONT,51245108,1575,6,105,4.656727866,1236,1.8590073265,1506,6,103,4.6309860558,1167,1.90636342,69,0,0,5.2185708535,69,1.0580716586,0,2
413,2023-2024,4,09,Côte-Nord,SANTÉ QUÉBEC CÔTE-NORD,CENTRE MULTISERVICES DE SANTÉ ET DE SERVICES SOCIAUX DE FORESTVILLE,51218741,3244,384,162,3.0445573024,2755,1.6300204678,2920,306,136,2.5623944064,2461,1.6992434196,324,16,1,7.3899759945,294,1.0505725624,78,26
414,2023-2024,4,09,Côte-Nord,SANTÉ QUÉBEC CÔTE-NORD,CENTRE MULTISERVICES DE SANTÉ ET DE SERVICES SOCIAUX DE LA BASSE-CÔTE-NORD,51245140,887,152,38,3.159615746,854,1.1170647931,711,109,33,2.9076246288,680,1.1470265523,176,0,0,4.1776025884,174,0.9999728608,43,5
415,2023-2024,4,09,Côte-Nord,SANTÉ QUÉBEC CÔTE-NORD,CENTRE MULTISERVICES DE SANTÉ ET DE SERVICES SOCIAUX DE LA MINGANIE,51245116,4216,466,95,2.7272197844,2096,2.1458268395,3018,311,39,1.3974767138,938,2.1807285004,1198,35,0,6.077106752,1158,2.1175558914,155,56
416,2023-2024,4,09,Côte-Nord,SANTÉ QUÉBEC CÔTE-NORD,CENTRE MULTISERVICES DE SANTÉ ET DE SERVICES SOCIAUX DE PORT-CARTIER,51245132,3866,350,229,4.9068586538,3359,2.4282829711,3510,263,211,3.7634969136,3005,2.5596681457,356,75,19,16.179891542,354,1.3129935656,87,18
417,2023-2024,4,09,Côte-Nord,SANTÉ QUÉBEC CÔTE-NORD,CENTRE MULTISERVICES DE SANTÉ ET DE SERVICES SOCIAUX DES ESCOUMINS,51218733,2543,376,92,3.6280174335,2301,1.3762168622,2251,265,72,2.7894472827,2012,1.4229260548,292,21,5,10.092474315,289,1.0510303729,111,20
418,2023-2024,4,09,Côte-Nord,SANTÉ QUÉBEC CÔTE-NORD,CLSC ET HÔPITAL LE ROYER,51228765,6538,999,406,8.4960230788,5730,3.2230796975,4854,472,221,4.9956052282,4050,3.6762145405,1684,453,151,18.585707311,1680,2.1307010582,527,185
419,2023-2024,4,09,Côte-Nord,SANTÉ QUÉBEC CÔTE-NORD,HÔPITAL ET CLSC DE SEPT-ÎLES,51232023,6250,692,435,9.4430294222,4932,3.6878155132,4159,272,196,4.9920206513,2900,4.1490872605,2091,469,172,18.296087996,2032,3.0295044565,420,239
420,2023-2024,4,11,Gaspésie-Îles-de-la-Madeleine,SANTÉ QUÉBEC DES ÎLES,HÔPITAL DE L'ARCHIPEL,51227783,4809,655,139,3.8906990943,4395,1.2422762609,3924,426,87,2.7502320478,3516,1.3258899791,885,46,0,8.9474139987,879,0.9078213879,229,52
421,2023-2024,4,11,Gaspésie-Îles-de-la-Madeleine,SANTÉ QUÉBEC GASPÉSIE,CENTRE MULTISERVICES DE SANTÉ ET DE SERVICES SOCIAUX DE GRANDE-VALLÉE,51247732,1843,302,49,2.0362218906,1437,1.0206089074,1684,245,40,1.5979638427,1288,1.0398546411,159,11,1,6.6778983229,149,0.8542431022,57,9
422,2023-2024,4,11,Gaspésie-Îles-de-la-Madeleine,SANTÉ QUÉBEC GASPÉSIE,CLSC ET CENTRE DE SERVICES AMBULATOIRES DE MURDOCHVILLE,51221307,602,74,36,2.302441399,588,1.0521442744,596,73,35,2.3021858688,583,1.0592886411,6,0,0,2.3278240741,5,0.2191111111,1,1
423,2023-2024,4,11,Gaspésie-Îles-de-la-Madeleine,SANTÉ QUÉBEC GASPÉSIE,CLSC ET CENTRE DE SERVICES AMBULATOIRES DE PASPÉBIAC,51220978,3887,670,151,4.7934608953,3602,2.1077512493,2943,396,121,3.9152859894,2687,2.2266797957,944,48,10,7.5312455862,915,1.7585042502,274,30
424,2023-2024,4,11,Gaspésie-Îles-de-la-Madeleine,SANTÉ QUÉBEC GASPÉSIE,HÔPITAL DE CHANDLER,51227775,4703,800,184,6.00308556,4177,2.0368043253,3951,528,131,3.7507817993,3428,2.2061479807,752,205,42,17.836665559,749,1.2617575286,272,53
425,2023-2024,4,11,Gaspésie-Îles-de-la-Madeleine,SANTÉ QUÉBEC GASPÉSIE,HÔPITAL DE GASPÉ,51220903,4008,690,159,5.3451585717,3480,1.5660275383,3174,401,90,3.4725294931,2652,1.7839076378,834,106,11,12.471926792,828,0.8681796833,289,69
426,2023-2024,4,11,Gaspésie-Îles-de-la-Madeleine,SANTÉ QUÉBEC GASPÉSIE,HÔPITAL ET CLSC DE SAINTE-ANNE-DES-MONTS,51247799,3997,654,200,5.2817960693,3588,2.0034209711,3129,366,147,3.1414419765,2730,2.1301257631,868,133,31,12.997427355,858,1.6002693603,288,53
427,2023-2024,4,11,Gaspésie-Îles-de-la-Madeleine,SANTÉ QUÉBEC GASPÉSIE,HÔPITAL ET GROUPE DE MÉDECINE DE FAMILLE UNIVERSITAIRE DE MARIA,51227908,5015,886,272,7.8934423396,4621,2.0896567001,3727,429,136,3.9811447247,3337,2.3562568674,1288,383,124,19.214197938,1284,1.3967869505,457,136
428,2023-2024,4,12,Chaudière-Appalaches,SANTÉ QUÉBEC CHAUDIÈRE-APPALACHES,CHSLD ET HÔPITAL PAUL-GILBERT,51245199,12827,976,180,2.4515841801,10150,1.8654330323,12201,912,172,2.393432756,9524,1.9383464289,626,0,0,3.5849795882,626,0.7561244231,64,8
429,2023-2024,4,12,Chaudière-Appalaches,SANTÉ QUÉBEC CHAUDIÈRE-APPALACHES,HÔPITAL DE MONTMAGNY,51245223,9493,1533,282,4.1444520524,8727,1.3741536165,7430,810,154,2.509886384,6664,1.5919457783,2063,110,5,10.031423897,2063,0.6706310928,723,128
430,2023-2024,4,12,Chaudière-Appalaches,SANTÉ QUÉBEC CHAUDIÈRE-APPALACHES,HÔPITAL DE SAINT-GEORGES,51228971,13051,2494,693,6.3869593858,10779,2.2902901475,9398,1051,331,3.7557593519,7140,2.8233356676,3653,554,23,13.15619506,3639,1.2444135294,1443,362
431,2023-2024,4,12,Chaudière-Appalaches,SANTÉ QUÉBEC CHAUDIÈRE-APPALACHES,HÔPITAL DE THETFORD,51245231,11156,1789,341,5.4011443518,10370,1.4721111647,8867,1003,185,3.815359385,8083,1.6615004055,2289,231,5,11.544069341,2287,0.8027481417,786,156
432,2023-2024,4,12,Chaudière-Appalaches,SANTÉ QUÉBEC CHAUDIÈRE-APPALACHES,HÔTEL-DIEU DE LÉVIS,51227569,22268,4261,1508,7.4394155415,20135,1.4456617416,15301,1659,726,3.4662128474,13168,1.8677845914,6967,1599,282,16.165405842,6967,0.6478271375,2602,782
433,2023-2024,4,13,Laval,SANTÉ QUÉBEC LAVAL,HÔPITAL DE LA CITÉ-DE-LA-SANTÉ,51228757,27068,5273,1731,9.1599121862,20941,2.7609818591,17345,1689,410,5.1288289132,11239,3.5173074166,9723,1886,196,16.351019804,9702,1.8848384926,3584,1321
434,2023-2024,4,14,Lanaudière,SANTÉ QUÉBEC LANAUDIÈRE,HÔPITAL DE LANAUDIÈRE ET CENTRE D'HÉBERGEMENT PARPHILIA-FERLAND,51244945,20953,3679,1437,9.6234006533,16995,2.5542788892,13527,1123,999,5.592965345,9614,3.4342540392,7426,1920,354,16.965132193,7381,1.4080817489,2556,438
435,2023-2024,4,14,Lanaudière,SANTÉ QUÉBEC LANAUDIÈRE,HÔPITAL PIERRE-LE GARDEUR,51228062,21977,4029,1251,10.817444336,13741,5.7977880876,14738,1432,434,6.6677157311,6546,7.3852114947,7239,2355,163,19.265945534,7195,4.3535526986,2597,817
436,2023-2024,4,15,Laurentides,SANTÉ QUÉBEC LAURENTIDES,CENTRE MULTISERVICES DE SANTÉ ET DE SERVICES SOCIAUX D'ARGENTEUIL,51245306,5665,782,169,8.9030228008,4560,3.4756601486,4690,457,107,5.5891159086,3590,3.9389580625,975,373,151,24.843764672,970,1.7609802405,325,62
437,2023-2024,4,15,Laurentides,SANTÉ QUÉBEC LAURENTIDES,CENTRE MULTISERVICES DE SANTÉ ET DE SERVICES SOCIAUX DE RIVIÈRE-ROUGE,51217628,4143,502,257,6.4449175316,3606,2.8773314537,3238,287,141,4.1719097008,2727,3.0335808581,905,160,43,14.577513505,879,2.3925850082,215,116
438,2023-2024,4,15,Laurentides,SANTÉ QUÉBEC LAURENTIDES,CENTRE MULTISERVICES DE SANTÉ ET DE SERVICES SOCIAUX DE SAINTE-AGATHE,51246874,8995,1737,558,10.818772065,7359,3.6895310353,5785,669,151,6.1649414674,4183,4.6264918851,3210,941,148,19.20581568,3176,2.4554922334,1068,407
439,2023-2024,4,15,Laurentides,SANTÉ QUÉBEC LAURENTIDES,HÔPITAL DE MONT-LAURIER,51217610,5335,804,286,10.444919296,4216,3.9371788689,3967,408,135,6.8090196202,2867,4.3481184358,1368,407,128,20.988496792,1349,3.0638180545,396,151
440,2023-2024,4,15,Laurentides,SANTÉ QUÉBEC LAURENTIDES,HÔPITAL DE SAINT-EUSTACHE,51228864,14812,3056,899,12.255490931,10462,3.9519833153,8920,862,216,7.4125277466,4609,5.9652060582,5892,1844,364,19.587336077,5853,2.3666520967,2194,683
441,2023-2024,4,15,Laurentides,SANTÉ QUÉBEC LAURENTIDES,HÔPITAL DE SAINT-JÉRÔME,51228880,16836,3026,1651,13.48920605,12024,4.4301371562,9678,993,403,6.5655840853,4920,6.1809144083,7158,2379,884,22.850314372,7104,3.2176056134,2033,1248
442,2023-2024,4,16,Montérégie,SANTÉ QUÉBEC MONTÉRÉGIE-CENTRE,HÔPITAL CHARLES-LE MOYNE,51233799,22227,4107,1733,9.6168734097,12453,5.2432584295,15348,1610,677,5.9123856167,5582,6.2832109658,6879,1865,105,17.88209781,6871,4.3984010495,2497,1056
443,2023-2024,4,16,Montérégie,SANTÉ QUÉBEC MONTÉRÉGIE-CENTRE,HÔPITAL DU HAUT-RICHELIEU,51229045,18064,2939,1050,9.7296006944,14400,2.9899243827,12318,974,328,5.2141253315,8712,3.7152082696,5746,1642,679,19.409660827,5688,1.8790465307,1965,722
444,2023-2024,4,16,Montérégie,SANTÉ QUÉBEC MONTÉRÉGIE-EST,HÔPITAL HONORÉ-MERCIER,51229193,13317,2626,703,9.6663346975,10278,4.0175901602,8072,979,334,6.1793707328,5081,5.4075786153,5245,1153,215,15.032735674,5197,2.6586270391,1647,369
445,2023-2024,4,16,Montérégie,SANTÉ QUÉBEC MONTÉRÉGIE-EST,HÔPITAL PIERRE-BOUCHER,51229011,17476,3697,1035,12.278799179,12441,4.9382026498,8654,1212,339,6.2887698046,3732,6.4636254019,8822,2215,719,18.154758621,8709,4.2845251081,2485,696
446,2023-2024,4,16,Montérégie,SANTÉ QUÉBEC MONTÉRÉGIE-EST,HÔTEL-DIEU DE SOREL,51229102,10825,1743,539,7.3540699256,9400,2.2658303783,7418,718,199,3.8821904676,6014,2.5641978901,3407,739,71,14.913330806,3386,1.7358887904,1025,340
447,2023-2024,4,16,Montérégie,SANTÉ QUÉBEC MONTÉRÉGIE-OUEST,HÔPITAL ANNA-LABERGE,51229151,11207,2340,704,16.9937544,8637,2.5413524501,6935,703,166,9.8511591765,4365,4.0050750923,4272,1954,802,28.588767946,4272,1.0457650593,1637,538
448,2023-2024,4,16,Montérégie,SANTÉ QUÉBEC MONTÉRÉGIE-OUEST,HÔPITAL BARRIE MEMORIAL / BARRIE MEMORIAL HOSPITAL,51228005,6451,731,109,5.9693656453,5341,3.1410069379,5413,458,86,4.1690203112,4318,3.0484206937,1038,229,35,15.357871708,1023,3.5318059629,273,23
449,2023-2024,4,16,Montérégie,SANTÉ QUÉBEC MONTÉRÉGIE-OUEST,HÔPITAL DU SUROÎT,51229136,11488,2403,859,13.293084499,9297,2.3102093268,7498,803,477,4.6063552132,5317,3.0814603578,3990,1515,802,29.617168755,3980,1.2798722083,1600,382
450,2024-2025,4,01,Bas-Saint-Laurent,SANTÉ QUÉBEC BAS-SAINT-LAURENT,CENTRE HOSPITALIER RÉGIONAL DU GRAND-PORTAGE,51218352,7389,1465,359,5.0009797221,6051,2.3384962541,5377,624,214,3.4131521088,4050,2.652977572,2012,35,0,9.2443937762,2001,1.7019898384,841,145
451,2024-2025,4,01,Bas-Saint-Laurent,SANTÉ QUÉBEC BAS-SAINT-LAURENT,CENTRE MULTISERVICES DE SANTÉ ET DE SERVICES SOCIAUX DE TROIS-PISTOLES,51236156,4092,567,98,2.9426691648,3730,1.4311352398,3584,388,74,2.3995494637,3231,1.5080646687,508,4,1,6.774442804,499,0.9330210421,179,24
452,2024-2025,4,01,Bas-Saint-Laurent,SANTÉ QUÉBEC BAS-SAINT-LAURENT,CLSC DE POHÉNÉGAMOOK,51219418,4375,504,130,1.7710665397,4051,1.0227853891,4150,440,123,1.4945680054,3827,1.0276817496,225,5,0,6.8709283951,224,0.9391319444,64,7
453,2024-2025,4,01,Bas-Saint-Laurent,SANTÉ QUÉBEC BAS-SAINT-LAURENT,HÔPITAL D'AMQUI,51226892,5144,772,165,4.5080671116,4546,1.7476195801,3555,343,105,3.500037584,3004,2.0508154868,1589,63,4,6.7632873575,1542,1.1569577749,429,60
454,2024-2025,4,01,Bas-Saint-Laurent,SANTÉ QUÉBEC BAS-SAINT-LAURENT,HÔPITAL DE MATANE,51218980,5911,1099,234,5.7433888795,5242,2.7537857688,4256,502,137,4.5287037907,3622,3.1182160715,1655,127,9,8.8670745217,1620,1.9389915981,597,97
455,2024-2025,4,01,Bas-Saint-Laurent,SANTÉ QUÉBEC BAS-SAINT-LAURENT,HÔPITAL DE NOTRE-DAME-DU-LAC,51221877,4700,858,116,3.5102217494,4215,1.547198102,3774,481,64,2.4818432403,3292,1.7308869144,926,22,0,7.701474982,923,0.8920479716,377,52
456,2024-2025,4,01,Bas-Saint-Laurent,SANTÉ QUÉBEC BAS-SAINT-LAURENT,HÔPITAL NOTRE-DAME-DE-FATIMA,51221141,5969,994,151,3.9740855997,5432,1.8547746891,4771,547,76,3.0446301148,4255,2.0186163337,1198,10,0,7.6756149137,1177,1.2624669593,447,75
457,2024-2025,4,01,Bas-Saint-Laurent,SANTÉ QUÉBEC BAS-SAINT-LAURENT,HÔPITAL RÉGIONAL DE RIMOUSKI,51227882,10434,1943,622,6.3265323568,8292,2.5045404875,7388,862,359,4.2940637971,5275,3.0056628752,3046,318,37,11.256236138,3017,1.6283652819,1081,263
458,2024-2025,4,02,Saguenay-Lac-Saint-Jean,SANTÉ QUÉBEC SAGUENAY - LAC-SAINT-JEAN - UNIVERSITAIRE,HÔPITAL D'ALMA,51219400,12336,1975,440,4.9982356067,9725,3.1184363325,9592,1101,212,4.0667701383,7044,3.4116292826,2744,38,0,8.254291282,2681,2.3481076713,874,228
459,2024-2025,4,02,Saguenay-Lac-Saint-Jean,SANTÉ QUÉBEC SAGUENAY - LAC-SAINT-JEAN - UNIVERSITAIRE,HÔPITAL DE CHICOUTIMI,51218394,17763,2987,1096,7.8341318096,15407,2.9143440391,10115,961,265,4.4402777778,7829,3.8631507146,7648,978,64,12.32273452,7578,1.9341108032,2026,831
460,2024-2025,4,02,Saguenay-Lac-Saint-Jean,SANTÉ QUÉBEC SAGUENAY - LAC-SAINT-JEAN - UNIVERSITAIRE,HÔPITAL DE DOLBEAU-MISTASSINI,51219384,7443,1261,251,4.4698789691,6647,2.1638141267,6276,837,152,3.3443584909,5487,2.3457031772,1167,103,15,10.522806579,1160,1.3034475575,424,99
461,2024-2025,4,02,Saguenay-Lac-Saint-Jean,SANTÉ QUÉBEC SAGUENAY - LAC-SAINT-JEAN - UNIVERSITAIRE,HÔPITAL DE LA BAIE,51221364,6297,872,205,5.5725962098,5713,2.8307481961,4761,376,119,4.2391799108,4188,3.1329052584,1536,46,1,9.7056658709,1525,2.0009555556,496,86
462,2024-2025,4,02,Saguenay-Lac-Saint-Jean,SANTÉ QUÉBEC SAGUENAY - LAC-SAINT-JEAN - UNIVERSITAIRE,HÔPITAL ET CENTRE D'HÉBERGEMENT DE ROBERVAL,51228203,8421,1245,457,5.5349129491,7527,2.4784305759,5863,554,142,3.6463426952,5030,2.7240685332,2558,188,6,9.8635632221,2497,1.9836132248,691,315
463,2024-2025,4,02,Saguenay-Lac-Saint-Jean,SANTÉ QUÉBEC SAGUENAY - LAC-SAINT-JEAN - UNIVERSITAIRE,HÔPITAL ET CENTRE DE RÉADAPTATION DE JONQUIÈRE,51224541,9072,1691,475,7.1756618656,7109,3.7119707022,5721,591,194,4.5992020626,3877,4.0746131029,3351,262,4,11.574326901,3232,3.2769569066,1100,281
464,2024-2025,4,03,Capitale-Nationale,SANTÉ QUÉBEC - CENTRE HOSPITALIER UNIVERSITAIRE DE QUÉBEC - UNIVERSITÉ LAVAL,CENTRE HOSPITALIER DE L'UNIVERSITÉ LAVAL,51217594,24477,2247,2401,8.1352916343,19967,2.3420993946,13870,443,779,4.9639550789,9418,3.4268967816,10607,1210,253,12.282217063,10549,1.3736074246,1804,1622
465,2024-2025,4,03,Capitale-Nationale,SANTÉ QUÉBEC - CENTRE HOSPITALIER UNIVERSITAIRE DE QUÉBEC - UNIVERSITÉ LAVAL,HÔPITAL DE L'ENFANT-JÉSUS,51233914,21540,3693,2637,9.6943726787,19351,1.7247551806,12000,1197,695,4.0723975694,9880,2.2022452767,9540,2185,416,16.766039483,9471,1.2266449337,2496,1942
466,2024-2025,4,03,Capitale-Nationale,SANTÉ QUÉBEC - CENTRE HOSPITALIER UNIVERSITAIRE DE QUÉBEC - UNIVERSITÉ LAVAL,HÔPITAL DU SAINT-SACREMENT,51217529,12161,2870,379,7.4059450063,9977,2.1058073848,8546,1164,128,3.7615148087,6373,2.5400336925,3615,870,95,16.021519133,3604,1.3379593661,1706,251
467,2024-2025,4,03,Capitale-Nationale,SANTÉ QUÉBEC - CENTRE HOSPITALIER UNIVERSITAIRE DE QUÉBEC - UNIVERSITÉ LAVAL,HÔPITAL SAINT-FRANÇOIS D'ASSISE,51217602,13508,3595,433,10.825322443,11086,2.4265272015,7812,1041,213,5.0137886158,5417,3.4444416241,5696,1765,217,18.795775788,5669,1.4538614002,2554,220
468,2024-2025,4,03,Capitale-Nationale,SANTÉ QUÉBEC - CENTRE HOSPITALIER UNIVERSITAIRE DE QUÉBEC - UNIVERSITÉ LAVAL,L'HÔTEL-DIEU DE QUÉBEC,51217586,7622,1682,374,7.0090780708,6758,1.8194440334,4122,388,147,3.4681647259,3301,2.1375546972,3500,244,8,11.179262302,3457,1.5156883778,1294,227
469,2024-2025,4,03,Capitale-Nationale,SANTÉ QUÉBEC - INSTITUT UNIVERSITAIRE DE CARDIOLOGIE ET DE PNEUMOLOGIE DE QUÉBEC - UNIVERSITÉ LAVAL,INSTITUT UNIVERSITAIRE DE CARDIOLOGIE ET DE PNEUMOLOGIE DE QUÉBEC,51232130,9916,3324,181,7.9620460479,9316,2.0650619007,5138,1159,93,4.1593764867,4555,2.6368627272,4778,489,0,12.051229013,4761,1.5180018787,2165,88
470,2024-2025,4,03,Capitale-Nationale,SANTÉ QUÉBEC CAPITALE-NATIONALE - UNIVERSITAIRE,CENTRE MULTISERVICES DE SANTÉ ET DE SERVICES SOCIAUX CHAUVEAU,51225001,13927,1013,227,2.8315267107,9768,1.6802409227,12466,844,191,2.6548429952,8342,1.7835372546,1461,0,0,4.3390826299,1426,1.0759646252,169,36
471,2024-2025,4,03,Capitale-Nationale,SANTÉ QUÉBEC CAPITALE-NATIONALE - UNIVERSITAIRE,CENTRE MULTISERVICES DE SANTÉ ET DE SERVICES SOCIAUX DE BAIE-SAINT-PAUL,51244804,4281,763,132,5.4293005918,3287,2.328118345,3432,462,64,3.4109384713,2443,2.6290417065,849,112,15,13.588333333,844,1.4570807004,301,68
472,2024-2025,4,03,Capitale-Nationale,SANTÉ QUÉBEC CAPITALE-NATIONALE - UNIVERSITAIRE,CENTRE MULTISERVICES DE SANTÉ ET DE SERVICES SOCIAUX DE SAINT-MARC-DES-CARRIÈRES,51247344,6224,821,127,2.7968826317,5117,1.4910591058,5083,478,73,2.1980330951,4005,1.6987490637,1141,14,1,5.4646759665,1112,0.7430390687,343,54
473,2024-2025,4,03,Capitale-Nationale,SANTÉ QUÉBEC CAPITALE-NATIONALE - UNIVERSITAIRE,CENTRE MULTISERVICES DE SANTÉ ET DE SERVICES SOCIAUX DE SAINT-RAYMOND,51247302,6880,937,151,4.289606468,5559,2.0533670125,5570,529,82,3.293414223,4273,2.3307932236,1310,58,11,8.5253246395,1286,1.131561258,408,69
474,2024-2025,4,03,Capitale-Nationale,SANTÉ QUÉBEC CAPITALE-NATIONALE - UNIVERSITAIRE,CENTRE MULTISERVICES DE SANTÉ ET DE SERVICES SOCIAUX DE SAINTE-ANNE-DE-BEAUPRÉ,51225357,5412,676,74,4.2132987908,3997,2.1655791149,4568,408,45,3.3211268,3172,2.3904171045,844,42,7,9.0420211295,825,1.3011111111,268,29
475,2024-2025,4,03,Capitale-Nationale,SANTÉ QUÉBEC CAPITALE-NATIONALE - UNIVERSITAIRE,HÔPITAL ET CLSC DE LA MALBAIE,51228690,4965,929,137,5.103296632,4017,2.0155518906,4108,607,78,3.4708110868,3162,2.2966033277,857,106,14,12.928559899,855,0.9761546459,322,59
476,2024-2025,4,04,Mauricie et Centre-du-Québec,SANTÉ QUÉBEC MAURICIE-ET-CENTRE-DU-QUÉBEC - UNIVERSITAIRE,CENTRE MULTISERVICES DE SANTÉ ET DE SERVICES SOCIAUX AVELLIN-DALCOURT,51233583,7239,1083,182,4.9235495234,5793,2.9416530007,6122,624,100,4.1542356347,4686,3.3077447005,1117,46,5,9.1399681687,1107,1.3919640169,459,82
477,2024-2025,4,04,Mauricie et Centre-du-Québec,SANTÉ QUÉBEC MAURICIE-ET-CENTRE-DU-QUÉBEC - UNIVERSITAIRE,CENTRE MULTISERVICES DE SANTÉ ET DE SERVICES SOCIAUX CHRIST-ROI,51246338,7535,887,207,5.0225986139,6154,3.2549719243,6092,418,125,4.1696612588,4759,3.5431763793,1443,63,7,8.623495611,1395,2.2717712067,469,82
478,2024-2025,4,04,Mauricie et Centre-du-Québec,SANTÉ QUÉBEC MAURICIE-ET-CENTRE-DU-QUÉBEC - UNIVERSITAIRE,CENTRE MULTISERVICES DE SANTÉ ET DE SERVICES SOCIAUX DE FORTIERVILLE,51219160,4653,521,81,2.7661974353,3744,2.0651308761,4296,467,75,2.6650779795,3388,2.1499426079,357,0,0,3.9830298786,356,1.2579900125,54,6
479,2024-2025,4,04,Mauricie et Centre-du-Québec,SANTÉ QUÉBEC MAURICIE-ET-CENTRE-DU-QUÉBEC - UNIVERSITAIRE,CENTRE MULTISERVICES DE SANTÉ ET DE SERVICES SOCIAUX DU HAUT-SAINT-MAURICE,51219731,4246,635,239,6.1549612053,3687,2.8156507097,3196,378,112,4.3518795195,2656,3.0715947122,1050,86,3,11.643198413,1031,2.1563032116,257,127
480,2024-2025,4,04,Mauricie et Centre-du-Québec,SANTÉ QUÉBEC MAURICIE-ET-CENTRE-DU-QUÉBEC - UNIVERSITAIRE,HÔPITAL DU CENTRE-DE-LA-MAURICIE,51220051,11734,2250,783,6.9934622559,9491,2.995243886,7268,669,166,4.8964979667,5051,4.3140530478,4466,277,11,10.406076778,4440,1.4949499499,1581,617
481,2024-2025,4,04,Mauricie et Centre-du-Québec,SANTÉ QUÉBEC MAURICIE-ET-CENTRE-DU-QUÉBEC - UNIVERSITAIRE,HÔPITAL SAINTE-CROIX,51228781,13948,2193,843,7.8651230364,10181,3.8401097087,8003,649,230,5.8893505213,4435,5.2171235751,5945,373,0,10.524855154,5746,2.7772735623,1544,613
482,2024-2025,4,04,Mauricie et Centre-du-Québec,SANTÉ QUÉBEC MAURICIE-ET-CENTRE-DU-QUÉBEC - UNIVERSITAIRE,HÔTEL-DIEU D'ARTHABASKA,51228039,12592,2414,677,6.0820768036,10315,2.6177905693,7365,847,122,4.5177817379,5214,3.4627749009,5227,184,1,8.2862155368,5101,1.7540877061,1567,555
483,2024-2025,4,04,Mauricie et Centre-du-Québec,SANTÉ QUÉBEC MAURICIE-ET-CENTRE-DU-QUÉBEC - UNIVERSITAIRE,PAVILLON SAINTE-MARIE,51220168,20139,4775,1126,9.7288981164,15674,3.3551325266,10945,1203,285,5.3989643927,6563,4.8400678467,9194,1711,103,14.883468989,9111,2.2854771095,3572,841
484,2024-2025,4,05,Estrie,SANTÉ QUÉBEC ESTRIE - CENTRE HOSPITALIER UNIVERSITAIRE DE SHERBROOKE,CENTRE MULTISERVICES DE SANTÉ ET DE SERVICES SOCIAUX DE LA MRC DE COATICOOK,51247617,6981,563,201,3.0522125531,5662,2.2550860513,5856,386,164,2.9320582878,4567,2.4391343089,1125,0,0,3.6776555556,1095,1.4874619482,177,37
485,2024-2025,4,05,Estrie,SANTÉ QUÉBEC ESTRIE - CENTRE HOSPITALIER UNIVERSITAIRE DE SHERBROOKE,CENTRE MULTISERVICES DE SANTÉ ET DE SERVICES SOCIAUX DE MEMPHRÉMAGOG,51219046,8229,1685,278,6.8917755296,6297,4.1211019798,6027,810,126,5.2606686577,4166,4.7766609324,2202,255,29,11.356208371,2131,2.8395165285,875,152
486,2024-2025,4,05,Estrie,SANTÉ QUÉBEC ESTRIE - CENTRE HOSPITALIER UNIVERSITAIRE DE SHERBROOKE,CENTRE MULTISERVICES DE SANTÉ ET DE SERVICES SOCIAUX DES SOURCES,51247583,6050,806,192,5.1842426538,5001,3.5941370059,5270,556,141,4.5905718954,4238,3.8513613602,780,43,4,9.1953258547,763,2.16541248,250,51
487,2024-2025,4,05,Estrie,SANTÉ QUÉBEC ESTRIE - CENTRE HOSPITALIER UNIVERSITAIRE DE SHERBROOKE,CENTRE MULTISERVICES DE SANTÉ ET DE SERVICES SOCIAUX DU GRANIT,51223832,5229,878,133,5.0033499076,4494,2.9550715769,4232,542,72,4.0963111741,3506,3.1906929391,997,32,0,8.8534882425,988,2.1189496176,336,61
488,2024-2025,4,05,Estrie,SANTÉ QUÉBEC ESTRIE - CENTRE HOSPITALIER UNIVERSITAIRE DE SHERBROOKE,CHUS - HÔPITAL FLEURIMONT,51216687,15074,2208,347,8.7644885233,12831,3.0047203388,7732,442,117,6.7693869633,5491,5.3221362229,7342,678,13,10.865567965,7340,1.2710785649,1766,230
489,2024-2025,4,05,Estrie,SANTÉ QUÉBEC ESTRIE - CENTRE HOSPITALIER UNIVERSITAIRE DE SHERBROOKE,CHUS - HÔTEL-DIEU DE SHERBROOKE,51216695,15388,3290,1822,10.991101291,13040,3.4480483129,7765,874,450,6.9160742649,5431,5.3752040754,7623,1166,278,15.142037256,7609,2.0725215753,2416,1372
490,2024-2025,4,05,Estrie,SANTÉ QUÉBEC ESTRIE - CENTRE HOSPITALIER UNIVERSITAIRE DE SHERBROOKE,HÔPITAL BROME-MISSISQUOI-PERKINS,51229185,9846,1619,332,9.3924774866,7855,4.5455405262,6767,510,123,6.027449592,4823,5.265850842,3079,814,50,16.78810716,3032,3.399743477,1109,209
491,2024-2025,4,05,Estrie,SANTÉ QUÉBEC ESTRIE - CENTRE HOSPITALIER UNIVERSITAIRE DE SHERBROOKE,HÔPITAL DE GRANBY,51228120,12446,2078,715,12.144837922,9345,5.6623804173,8658,804,256,8.3587236596,5580,7.254472272,3788,1334,182,20.798527807,3765,3.3027861148,1274,459
492,2024-2025,4,06,Montréal,SANTÉ QUÉBEC - CENTRE HOSPITALIER DE L'UNIVERSITÉ DE MONTRÉAL,CENTRE HOSPITALIER DE L'UNIVERSITÉ DE MONTRÉAL,51236297,25646,3740,2069,12.020514852,18758,3.0085919045,15289,1049,682,7.2535889274,8478,4.8915197832,10357,3216,363,19.057449336,10280,1.4557258971,2691,1387
493,2024-2025,4,06,Montréal,SANTÉ QUÉBEC - CENTRE HOSPITALIER UNIVERSITAIRE SAINTE-JUSTINE,CHU SAINTE-JUSTINE,51222800,25213,1,645,4.4316536994,22490,1.4555345092,16409,0,238,3.5722465991,13861,1.8111545183,8804,69,3,6.033426883,8629,0.8842923089,1,407
494,2024-2025,4,06,Montréal,SANTÉ QUÉBEC - CENTRE UNIVERSITAIRE DE SANTÉ MCGILL,HÔPITAL DE LACHINE,51228310,6595,976,202,10.009692107,5530,3.2323834639,5055,451,88,5.3011803495,4002,3.4487860237,1540,522,246,25.465229076,1528,2.6656013671,525,114
495,2024-2025,4,06,Montréal,SANTÉ QUÉBEC - CENTRE UNIVERSITAIRE DE SANTÉ MCGILL,HÔPITAL GÉNÉRAL DE MONTRÉAL,51248219,11202,1628,1438,15.800895624,9707,1.6969797569,4536,348,278,5.2632149593,3108,2.4543689225,6666,1847,871,22.971450603,6599,1.3402642656,1280,1160
496,2024-2025,4,06,Montréal,SANTÉ QUÉBEC - CENTRE UNIVERSITAIRE DE SANTÉ MCGILL,HÔPITAL ROYAL VICTORIA,51223295,15495,2571,350,17.261078502,11667,4.5750255945,9310,634,145,9.1225509309,5602,6.4429864334,6185,2663,1224,29.511634959,6065,2.8496642393,1937,205
497,2024-2025,4,06,Montréal,SANTÉ QUÉBEC - CENTRE UNIVERSITAIRE DE SANTÉ MCGILL,L'HÔPITAL DE MONTRÉAL POUR ENFANTS,51223279,23622,6,714,5.1158734442,22155,1.4347440382,18371,1,205,4.2300174944,16918,1.6130914148,5251,124,8,8.2151040014,5237,0.8585972143,5,509
498,2024-2025,4,06,Montréal,SANTÉ QUÉBEC - INSTITUT DE CARDIOLOGIE DE MONTRÉAL,INSTITUT DE CARDIOLOGIE DE MONTRÉAL,51248201,6534,1795,144,7.5104861324,6339,1.6143510631,4278,895,127,3.6946900161,4083,1.8880973277,2256,387,24,14.746291002,2256,1.1189140071,900,17
499,2024-2025,4,06,Montréal,SANTÉ QUÉBEC CENTRE-OUEST-DE-L'ÎLE-DE-MONTRÉAL - UNIVERSITAIRE,HÔPITAL GÉNÉRAL JUIF,51248250,31516,5861,1654,10.911958952,26914,2.6751271333,10740,636,158,3.8283004862,6743,3.1225014006,20776,3283,975,14.573803962,20171,2.525573582,5225,1496
500,2024-2025,4,06,Montréal,SANTÉ QUÉBEC CENTRE-SUD-DE-L'ÎLE-DE-MONTRÉAL - UNIVERSITAIRE,HÔPITAL DE VERDUN,51218097,14518,2536,847,8.8776888078,12211,2.4718212859,9644,853,289,4.7745270519,7355,3.2307589319,4874,1257,87,16.996460243,4856,1.3223183233,1683,558
501,2024-2025,4,06,Montréal,SANTÉ QUÉBEC CENTRE-SUD-DE-L'ÎLE-DE-MONTRÉAL - UNIVERSITAIRE,HÔPITAL NOTRE-DAME,51236313,12617,1781,1865,11.331168375,10562,2.2036559259,7666,352,755,5.9162805824,5632,3.0959674874,4951,1400,228,19.715440203,4930,1.1842849899,1429,1110
502,2024-2025,4,06,Montréal,SANTÉ QUÉBEC EST-DE-L'ÎLE-DE-MONTRÉAL - UNIVERSITAIRE,HÔPITAL MAISONNEUVE-ROSEMONT,12934659,22972,4070,1372,11.296037652,16243,3.4514696929,13907,1092,321,5.1781782755,7259,4.9157176532,9065,2982,784,20.681704541,8984,2.2683690759,2978,1051
503,2024-2025,4,06,Montréal,SANTÉ QUÉBEC EST-DE-L'ÎLE-DE-MONTRÉAL - UNIVERSITAIRE,HÔPITAL SANTA CABRINI,51235919,12116,3029,440,13.154620039,9304,3.3055877998,6923,743,163,5.6272848556,4138,4.8783141346,5193,1896,626,23.189617434,5166,2.0458236547,2286,277
504,2024-2025,4,06,Montréal,SANTÉ QUÉBEC EST-DE-L'ÎLE-DE-MONTRÉAL - UNIVERSITAIRE,INSTITUT UNIVERSITAIRE EN SANTÉ MENTALE DE MONTRÉAL,51235307,1639,75,1635,12.071529049,1588,1.3040757067,796,27,793,3.3465487158,745,1.3647222222,843,243,67,20.310063266,843,1.2504794385,48,842
505,2024-2025,4,06,Montréal,SANTÉ QUÉBEC NORD-DE-L'ÎLE-DE-MONTRÉAL - UNIVERSITAIRE,HÔPITAL DU SACRÉ-COEUR-DE-MONTRÉAL,12475976,22214,4248,1006,11.697952793,16995,3.3694383642,14876,1310,395,6.6050837105,9677,4.7715463355,7338,2824,720,22.022499054,7318,1.5153527072,2938,611
506,2024-2025,4,06,Montréal,SANTÉ QUÉBEC NORD-DE-L'ÎLE-DE-MONTRÉAL - UNIVERSITAIRE,HÔPITAL EN SANTÉ MENTALE ALBERT-PRÉVOST,51848752,1120,53,1115,21.849339782,1101,0.4124364214,477,32,472,4.4499475891,458,0.5807987627,643,400,169,34.75682046,643,0.2925142561,21,643
507,2024-2025,4,06,Montréal,SANTÉ QUÉBEC NORD-DE-L'ÎLE-DE-MONTRÉAL - UNIVERSITAIRE,HÔPITAL FLEURY,51228492,10568,1822,266,9.0160880068,7809,3.5813841935,7700,705,115,5.5001387085,4952,4.4755811344,2868,871,53,18.455700837,2857,2.0314845603,1117,151
508,2024-2025,4,06,Montréal,SANTÉ QUÉBEC NORD-DE-L'ÎLE-DE-MONTRÉAL - UNIVERSITAIRE,HÔPITAL JEAN-TALON,51228500,14249,1829,1114,7.5957574021,10194,3.4003899353,10635,582,378,5.1283662435,6597,4.4080611136,3614,699,14,14.856605485,3597,1.5522924196,1247,736
509,2024-2025,4,06,Montréal,SANTÉ QUÉBEC OUEST-DE-L'ÎLE-DE-MONTRÉAL - UNIVERSITAIRE,CENTRE HOSPITALIER DE ST. MARY,51248243,11632,2400,814,9.9143775313,10393,2.6708448261,7258,740,284,5.9183215073,6025,3.4108625173,4374,899,54,16.545235927,4368,1.6501015593,1660,530
510,2024-2025,4,06,Montréal,SANTÉ QUÉBEC OUEST-DE-L'ÎLE-DE-MONTRÉAL - UNIVERSITAIRE,HÔPITAL DE LASALLE,51224392,9382,1436,300,9.4612425685,7643,3.5408062207,7177,624,106,5.8118089421,5451,4.2039541674,2205,719,234,21.339693878,2192,1.8917097526,812,194
511,2024-2025,4,06,Montréal,SANTÉ QUÉBEC OUEST-DE-L'ÎLE-DE-MONTRÉAL - UNIVERSITAIRE,HÔPITAL DOUGLAS,51235190,2105,53,2042,13.297979678,1948,2.2073437144,1062,22,1004,4.0759533898,906,2.2975441501,1043,352,81,22.688000692,1042,2.1289160802,31,1038
512,2024-2025,4,06,Montréal,SANTÉ QUÉBEC OUEST-DE-L'ÎLE-DE-MONTRÉAL - UNIVERSITAIRE,HÔPITAL GÉNÉRAL DU LAKESHORE,51228278,13032,3072,796,13.096581811,10604,2.8408409824,7812,816,107,7.0128685569,5409,3.7359239231,5220,1848,475,22.201173372,5195,1.9088864827,2256,689
513,2024-2025,4,07,Outaouais,SANTÉ QUÉBEC OUTAOUAIS,CENTRE MULTISERVICES DE SANTÉ ET DE SERVICES SOCIAUX DE MANSFIELD-ET-PONTEFRACT,51245058,3214,391,81,3.4820404653,2995,1.5724271935,3127,369,80,3.3353213943,2908,1.5723090517,87,2,0,8.7554948914,87,1.5763761175,22,1
514,2024-2025,4,07,Outaouais,SANTÉ QUÉBEC OUTAOUAIS,CLSC ET CENTRE D'HÉBERGEMENT DE LA PETITE-NATION,51219491,3542,484,132,3.350396198,3016,1.7412451186,3222,388,124,3.2328152804,2696,1.8436063716,320,0,0,4.5342890625,320,0.8788515625,96,8
515,2024-2025,4,07,Outaouais,SANTÉ QUÉBEC OUTAOUAIS,HÔPITAL DE GATINEAU,51221703,12748,1777,1589,12.989691629,8203,5.9639958281,7733,572,401,7.1612148871,3489,6.5215002707,5015,1462,446,21.977051678,4714,5.5513668505,1205,1188
516,2024-2025,4,07,Outaouais,SANTÉ QUÉBEC OUTAOUAIS,HÔPITAL DE HULL,51221711,11621,2348,389,13.020126184,7863,5.3618255684,7336,707,246,7.4130400688,3695,6.3680648775,4285,1520,495,22.619562297,4168,4.4697780044,1641,143
517,2024-2025,4,07,Outaouais,SANTÉ QUÉBEC OUTAOUAIS,HÔPITAL DE MANIWAKI,51221893,4631,660,261,6.8685625855,3957,2.6284223458,3464,365,148,3.7596405889,2811,2.7444957311,1167,252,89,16.096759497,1146,2.3437083091,295,113
518,2024-2025,4,07,Outaouais,SANTÉ QUÉBEC OUTAOUAIS,HÔPITAL ET CHSLD DE PAPINEAU,51228823,7877,1007,403,8.4473750229,5866,3.9651670171,5691,411,160,4.4533610086,3722,4.2397699116,2186,577,140,18.84533191,2144,3.4884543429,596,243
519,2024-2025,4,07,Outaouais,SANTÉ QUÉBEC OUTAOUAIS,HÔPITAL ET CHSLD DU PONTIAC,51219459,4018,490,140,5.8920439273,3671,2.3798185478,3440,384,95,4.6502576712,3095,2.4657920481,578,75,25,13.282605729,576,1.9178602431,106,45
520,2024-2025,4,07,Outaouais,SANTÉ QUÉBEC OUTAOUAIS,HÔPITAL ET CHSLD MÉMORIAL DE WAKEFIELD / WAKEFIELD MEMORIAL HOSPITAL,51228799,5467,481,144,5.8278184765,4547,3.3410783056,4807,314,93,4.6380268359,3896,3.4974274184,660,121,14,14.493467593,651,2.4053853047,167,51
521,2024-2025,4,08,Abitibi-Témiscamingue,SANTÉ QUÉBEC ABITIBI-TÉMISCAMINGUE,CENTRE MULTISERVICES DE SANTÉ ET DE SERVICES SOCIAUX DE LA SARRE,51247559,6185,766,324,5.8361171293,5445,2.780100653,5072,465,234,4.8573203098,4351,2.9410719758,1113,126,13,10.296546122,1094,2.1398938655,301,90
522,2024-2025,4,08,Abitibi-Témiscamingue,SANTÉ QUÉBEC ABITIBI-TÉMISCAMINGUE,CENTRE MULTISERVICES DE SANTÉ ET DE SERVICES SOCIAUX DE TÉMISCAMING-KIPAWA,51247476,1789,155,132,2.4818261288,1698,0.9312501636,1669,123,118,1.9790653086,1578,0.9630240459,120,5,0,9.4743912037,120,0.5134236111,32,14
523,2024-2025,4,08,Abitibi-Témiscamingue,SANTÉ QUÉBEC ABITIBI-TÉMISCAMINGUE,CENTRE MULTISERVICES DE SANTÉ ET DE SERVICES SOCIAUX DE VILLE-MARIE,51247542,3829,541,173,4.6852588433,3294,2.5217084936,3202,346,114,3.8705269276,2675,2.6237464174,627,12,2,8.8459790891,619,2.0807530066,195,59
524,2024-2025,4,08,Abitibi-Témiscamingue,SANTÉ QUÉBEC ABITIBI-TÉMISCAMINGUE,HÔPITAL D'AMOS,51228906,8544,900,345,4.6032735448,7727,1.9872163985,6518,407,269,3.3235586922,5724,2.2077140112,2026,120,7,8.7203423549,2003,1.3570974094,493,76
525,2024-2025,4,08,Abitibi-Témiscamingue,SANTÉ QUÉBEC ABITIBI-TÉMISCAMINGUE,HÔPITAL DE ROUYN-NORANDA,51228922,9410,1236,491,7.0517091451,7194,4.0696548435,7594,612,334,6.1961023323,5398,4.6370266251,1816,128,1,10.629615608,1796,2.3643804133,624,157
526,2024-2025,4,08,Abitibi-Témiscamingue,SANTÉ QUÉBEC ABITIBI-TÉMISCAMINGUE,HÔPITAL DE VAL-D'OR,51225589,9272,1099,638,7.5182523248,7575,3.9999112945,7661,644,462,5.829380049,5975,4.5138168759,1611,354,61,15.549568591,1600,2.0807951389,455,176
527,2024-2025,4,09,Côte-Nord,SANTÉ QUÉBEC CÔTE-NORD,CENTRE MULTISERVICES DE SANTÉ ET DE SERVICES SOCIAUX DE FERMONT,51245108,2028,18,144,5.5938146504,1786,2.0792422546,1918,15,134,5.6112392828,1677,2.1303548002,110,0,0,5.2899924242,109,1.2928593272,3,10
528,2024-2025,4,09,Côte-Nord,SANTÉ QUÉBEC CÔTE-NORD,CENTRE MULTISERVICES DE SANTÉ ET DE SERVICES SOCIAUX DE FORESTVILLE,51218741,3689,561,208,3.9974442788,2986,2.2669299323,3189,419,163,3.3935911641,2531,2.4844809913,500,23,6,7.8488194444,455,1.0567722833,142,45
529,2024-2025,4,09,Côte-Nord,SANTÉ QUÉBEC CÔTE-NORD,CENTRE MULTISERVICES DE SANTÉ ET DE SERVICES SOCIAUX DE LA BASSE-CÔTE-NORD,51245140,1233,180,43,2.7250777237,1204,0.8698232743,991,124,36,2.4752758157,962,0.8898221298,242,1,0,3.7480268595,242,0.7903236915,56,7
530,2024-2025,4,09,Côte-Nord,SANTÉ QUÉBEC CÔTE-NORD,CENTRE MULTISERVICES DE SANTÉ ET DE SERVICES SOCIAUX DE LA MINGANIE,51245116,4558,488,138,3.1195872946,2347,2.5592793401,3283,366,44,1.7148191864,1108,2.6840861913,1275,44,2,6.736727451,1239,2.4476683705,122,94
531,2024-2025,4,09,Côte-Nord,SANTÉ QUÉBEC CÔTE-NORD,CENTRE MULTISERVICES DE SANTÉ ET DE SERVICES SOCIAUX DE PORT-CARTIER,51245132,4898,461,200,5.9040757565,4115,3.1630596733,4481,357,170,4.783278658,3703,3.328563177,417,99,35,17.947940981,412,1.6755366775,104,30
532,2024-2025,4,09,Côte-Nord,SANTÉ QUÉBEC CÔTE-NORD,CENTRE MULTISERVICES DE SANTÉ ET DE SERVICES SOCIAUX DES ESCOUMINS,51218733,3491,502,128,4.0994269391,3037,1.9183352541,3081,350,111,3.4135764903,2637,1.9934366705,410,22,0,9.2533421409,400,1.4232291667,152,17
533,2024-2025,4,09,Côte-Nord,SANTÉ QUÉBEC CÔTE-NORD,CLSC ET HÔPITAL LE ROYER,51228765,7659,1138,455,9.4242484151,6600,3.9975897727,5737,510,243,5.9289534794,4684,4.6072165291,1922,511,222,19.857394641,1916,2.5072496231,628,212
534,2024-2025,4,09,Côte-Nord,SANTÉ QUÉBEC CÔTE-NORD,HÔPITAL ET CLSC DE SEPT-ÎLES,51232023,7108,890,573,8.5833081661,5405,4.5255822284,4871,367,240,5.8456443464,3241,5.0507016867,2237,342,63,14.544488526,2164,3.7391163483,523,333
535,2024-2025,4,11,Gaspésie-Îles-de-la-Madeleine,SANTÉ QUÉBEC DES ÎLES,HÔPITAL DE L'ARCHIPEL,51227783,5578,840,164,4.7554392753,4864,1.9865636422,4540,563,88,3.4555234337,3838,2.0937957414,1038,97,13,10.441005673,1026,1.5854361598,277,76
536,2024-2025,4,11,Gaspésie-Îles-de-la-Madeleine,SANTÉ QUÉBEC GASPÉSIE,CENTRE MULTISERVICES DE SANTÉ ET DE SERVICES SOCIAUX DE GRANDE-VALLÉE,51247732,2422,509,60,2.1516098954,1814,1.2054670464,2290,453,56,1.8651948083,1693,1.2409301372,132,7,3,7.1204776936,121,0.7092768595,56,4
537,2024-2025,4,11,Gaspésie-Îles-de-la-Madeleine,SANTÉ QUÉBEC GASPÉSIE,CLSC ET CENTRE DE SERVICES AMBULATOIRES DE MURDOCHVILLE,51221307,681,103,28,3.6973776309,666,2.2857766099,669,97,28,3.6495295632,654,2.3078920319,12,1,0,6.3649074074,12,1.0804861111,6,0
538,2024-2025,4,11,Gaspésie-Îles-de-la-Madeleine,SANTÉ QUÉBEC GASPÉSIE,CLSC ET CENTRE DE SERVICES AMBULATOIRES DE PASPÉBIAC,51220978,4577,813,163,4.0032667565,4276,1.9213557582,3292,477,121,3.1583516437,3015,2.0293769117,1285,45,5,6.1678274968,1261,1.663081549,336,42
539,2024-2025,4,11,Gaspésie-Îles-de-la-Madeleine,SANTÉ QUÉBEC GASPÉSIE,HÔPITAL DE CHANDLER,51227775,5630,967,214,5.1850368068,4807,2.4001954904,4843,630,167,4.2660253631,4027,2.5915103606,787,41,0,10.840402019,780,1.4124711538,337,47
540,2024-2025,4,11,Gaspésie-Îles-de-la-Madeleine,SANTÉ QUÉBEC GASPÉSIE,HÔPITAL DE GASPÉ,51220903,4657,727,184,5.3275306587,3966,1.6776027484,3644,421,103,3.6416556897,2979,1.9456676364,1013,103,3,11.392020676,987,0.8685193628,306,81
541,2024-2025,4,11,Gaspésie-Îles-de-la-Madeleine,SANTÉ QUÉBEC GASPÉSIE,HÔPITAL ET CLSC DE SAINTE-ANNE-DES-MONTS,51247799,4737,840,187,4.7720691718,4284,2.0209173021,3770,499,118,3.0573916888,3330,2.1353871371,967,106,20,11.457006205,954,1.6213527836,341,69
542,2024-2025,4,11,Gaspésie-Îles-de-la-Madeleine,SANTÉ QUÉBEC GASPÉSIE,HÔPITAL ET GROUPE DE MÉDECINE DE FAMILLE UNIVERSITAIRE DE MARIA,51227908,5992,1071,295,6.3959715732,5431,2.2997216085,4488,549,133,4.1280863166,3934,2.5656346382,1504,233,32,13.163437685,1497,1.6009227715,522,162
543,2024-2025,4,12,Chaudière-Appalaches,SANTÉ QUÉBEC CHAUDIÈRE-APPALACHES,CHSLD ET HÔPITAL PAUL-GILBERT,51245199,13874,1201,155,2.7746179705,10811,2.213241837,13857,1196,155,2.7745160689,10794,2.2161370514,17,0,0,2.8576797386,17,0.3749509804,5,0
544,2024-2025,4,12,Chaudière-Appalaches,SANTÉ QUÉBEC CHAUDIÈRE-APPALACHES,HÔPITAL DE MONTMAGNY,51245223,12067,1861,371,4.3283896854,11195,1.5344489852,9616,1046,207,2.5941378663,8748,1.7747836331,2451,260,13,11.132373974,2447,0.6752550742,815,164
545,2024-2025,4,12,Chaudière-Appalaches,SANTÉ QUÉBEC CHAUDIÈRE-APPALACHES,HÔPITAL DE SAINT-GEORGES,51228971,14622,2789,694,6.3791130944,12187,2.5491761485,10286,1176,325,4.2038548891,7866,3.2426423849,4336,418,23,11.539331245,4321,1.2867819306,1613,369
546,2024-2025,4,12,Chaudière-Appalaches,SANTÉ QUÉBEC CHAUDIÈRE-APPALACHES,HÔPITAL DE THETFORD,51245231,13867,2385,445,6.1472110045,12335,2.3742051074,11152,1322,231,4.4022683276,9624,2.70645588,2715,429,24,13.314651422,2711,1.1947209927,1063,214
547,2024-2025,4,12,Chaudière-Appalaches,SANTÉ QUÉBEC CHAUDIÈRE-APPALACHES,HÔTEL-DIEU DE LÉVIS,51227569,25425,5150,1682,8.8524705561,22473,1.758510991,17491,2074,769,3.8683926813,14544,2.2825485309,7934,2187,816,19.840182443,7929,0.7972798167,3076,913
548,2024-2025,4,13,Laval,SANTÉ QUÉBEC LAVAL,HÔPITAL DE LA CITÉ-DE-LA-SANTÉ,51228757,30184,5850,2007,10.094328204,23626,3.6052236119,18820,1816,416,6.2638073267,12305,4.6793531085,11364,2396,160,16.438080659,11321,2.4377328024,4034,1591
549,2024-2025,4,14,Lanaudière,SANTÉ QUÉBEC LANAUDIÈRE,HÔPITAL DE LANAUDIÈRE ET CENTRE D'HÉBERGEMENT PARPHILIA-FERLAND,51244945,23923,4373,1678,9.2454004631,19245,2.6129232701,15233,1320,1135,5.4081297184,10604,3.523540907,8690,2072,236,15.971884382,8641,1.4954380923,3053,543
550,2024-2025,4,14,Lanaudière,SANTÉ QUÉBEC LANAUDIÈRE,HÔPITAL PIERRE-LE GARDEUR,51228062,25213,4764,1458,10.298063896,17419,4.482297874,16897,1613,488,5.959829983,9135,5.3787532081,8316,2632,196,19.112775106,8284,3.4937513413,3151,970
551,2024-2025,4,15,Laurentides,SANTÉ QUÉBEC LAURENTIDES,CENTRE MULTISERVICES DE SANTÉ ET DE SERVICES SOCIAUX D'ARGENTEUIL,51245306,6790,920,225,7.8058280151,5291,3.6772873223,5560,523,156,5.6375601519,4066,4.230666571,1230,284,51,17.607103884,1225,1.8405199546,397,69
552,2024-2025,4,15,Laurentides,SANTÉ QUÉBEC LAURENTIDES,CENTRE MULTISERVICES DE SANTÉ ET DE SERVICES SOCIAUX DE RIVIÈRE-ROUGE,51217628,4603,585,227,6.862260603,3899,3.1773265225,3512,317,114,4.4931743546,2830,3.3806828622,1091,207,48,14.488503412,1069,2.638974379,268,113
553,2024-2025,4,15,Laurentides,SANTÉ QUÉBEC LAURENTIDES,CENTRE MULTISERVICES DE SANTÉ ET DE SERVICES SOCIAUX DE SAINTE-AGATHE,51246874,10709,2015,652,10.784113466,8358,4.0963420941,7119,827,207,6.4795954098,4794,5.221497126,3590,1026,188,19.320008743,3564,2.582875982,1188,445
554,2024-2025,4,15,Laurentides,SANTÉ QUÉBEC LAURENTIDES,HÔPITAL DE MONT-LAURIER,51217610,6213,917,283,9.2756636175,5009,3.3463992591,4664,473,139,5.9597040571,3482,3.6767730072,1549,441,121,19.259934366,1527,2.5930519173,444,144
555,2024-2025,4,15,Laurentides,SANTÉ QUÉBEC LAURENTIDES,HÔPITAL DE SAINT-EUSTACHE,51228864,17219,3637,1022,12.107723655,12776,3.4517891402,10106,991,238,6.6436931581,5707,4.9292127115,7113,2279,466,19.870902651,7069,2.2590240644,2646,784
556,2024-2025,4,15,Laurentides,SANTÉ QUÉBEC LAURENTIDES,HÔPITAL DE SAINT-JÉRÔME,51228880,19858,3725,1945,14.770745054,15094,3.9751867924,11385,1148,557,6.3468394086,6668,5.2409978421,8473,3024,1444,26.089777955,8426,2.973474464,2577,1388
557,2024-2025,4,16,Montérégie,SANTÉ QUÉBEC MONTÉRÉGIE-CENTRE,HÔPITAL CHARLES-LE MOYNE,51233799,24976,4666,2035,10.143634456,14264,4.8699799028,17144,1861,789,5.6623755314,6439,5.7072522476,7832,2705,244,19.952968342,7825,4.1810090877,2805,1246
558,2024-2025,4,16,Montérégie,SANTÉ QUÉBEC MONTÉRÉGIE-CENTRE,HÔPITAL DU HAUT-RICHELIEU,51229045,19664,3574,1237,11.702422376,14183,4.7063857748,13719,1428,392,6.8268615505,8273,5.9444579422,5945,2078,898,22.953527334,5910,2.9732942282,2146,845
559,2024-2025,4,16,Montérégie,SANTÉ QUÉBEC MONTÉRÉGIE-EST,HÔPITAL HONORÉ-MERCIER,51229193,15305,3168,882,10.017688755,11365,4.9447060908,8290,1120,348,6.3238257271,4435,6.5570559314,7015,1295,190,14.382923893,6930,3.9128487253,2048,534
560,2024-2025,4,16,Montérégie,SANTÉ QUÉBEC MONTÉRÉGIE-EST,HÔPITAL PIERRE-BOUCHER,51229011,18655,4154,1172,12.591699202,13748,4.9941490479,8716,1256,352,6.5767318087,3914,6.7762568841,9939,2434,766,17.866521196,9834,4.2848578063,2898,820
561,2024-2025,4,16,Montérégie,SANTÉ QUÉBEC MONTÉRÉGIE-EST,HÔTEL-DIEU DE SOREL,51229102,12111,2155,602,8.2303931687,10181,2.7957160124,8296,899,191,4.4437990531,6404,3.1851919807,3815,977,169,16.46462247,3777,2.1353495573,1256,411
562,2024-2025,4,16,Montérégie,SANTÉ QUÉBEC MONTÉRÉGIE-OUEST,HÔPITAL ANNA-LABERGE,51229151,12145,2615,838,15.835914437,9900,1.8635563973,6968,678,174,8.123719942,4723,3.3729056391,5177,2087,841,26.216167718,5177,0.4865704076,1937,664
563,2024-2025,4,16,Montérégie,SANTÉ QUÉBEC MONTÉRÉGIE-OUEST,HÔPITAL BARRIE MEMORIAL / BARRIE MEMORIAL HOSPITAL,51228005,7427,785,140,6.3425510151,6197,3.3740100497,6357,501,115,4.7502005663,5128,3.435316996,1070,234,31,15.802898494,1069,3.0799202266,284,25
564,2024-2025,4,16,Montérégie,SANTÉ QUÉBEC MONTÉRÉGIE-OUEST,HÔPITAL DU SUROÎT,51229136,13548,2619,1130,12.459514258,10415,2.5763580039,7664,620,605,4.7772390034,4768,3.5311973923,5884,1699,858,22.465795283,5647,1.7701468823,1999,525
565,2025-2026,4,01,Bas-Saint-Laurent,SANTÉ QUÉBEC BAS-SAINT-LAURENT,CENTRE HOSPITALIER RÉGIONAL DU GRAND-PORTAGE,51218352,7058,1519,326,5.287513696,5765,2.4321167968,5037,695,196,3.5619537644,3765,2.8342062122,2021,75,0,9.5881793941,2000,1.6751834722,824,130
566,2025-2026,4,01,Bas-Saint-Laurent,SANTÉ QUÉBEC BAS-SAINT-LAURENT,CENTRE MULTISERVICES DE SANTÉ ET DE SERVICES SOCIAUX DE TROIS-PISTOLES,51236156,3916,633,125,3.5688958404,3549,1.7546874706,3315,433,98,2.7966979219,2953,1.8568151033,601,8,0,7.8281905158,596,1.2486758949,200,27
567,2025-2026,4,01,Bas-Saint-Laurent,SANTÉ QUÉBEC BAS-SAINT-LAURENT,CLSC DE POHÉNÉGAMOOK,51219418,3580,481,136,1.946772424,3333,0.9956125613,3347,415,125,1.5796427149,3106,1.0118212063,233,8,0,7.2205197902,227,0.7738325991,66,11
568,2025-2026,4,01,Bas-Saint-Laurent,SANTÉ QUÉBEC BAS-SAINT-LAURENT,HÔPITAL D'AMQUI,51226892,4910,865,150,4.6704667911,4357,1.7200827532,3510,449,90,3.4225027699,2991,2.0024184591,1400,60,11,7.799290873,1366,1.1018791687,416,60
569,2025-2026,4,01,Bas-Saint-Laurent,SANTÉ QUÉBEC BAS-SAINT-LAURENT,HÔPITAL DE MATANE,51218980,5555,1039,233,5.0192755776,5041,2.3273102228,4102,537,142,3.9170206268,3629,2.6319279875,1453,95,11,8.1310786113,1412,1.54440805,502,91
570,2025-2026,4,01,Bas-Saint-Laurent,SANTÉ QUÉBEC BAS-SAINT-LAURENT,HÔPITAL DE NOTRE-DAME-DU-LAC,51221877,4422,886,145,3.7829978265,3921,1.5826764714,3321,475,62,2.5426722205,2846,1.8072308113,1101,33,0,7.5242524473,1075,0.9881819121,411,83
571,2025-2026,4,01,Bas-Saint-Laurent,SANTÉ QUÉBEC BAS-SAINT-LAURENT,HÔPITAL NOTRE-DAME-DE-FATIMA,51221141,5289,1070,166,4.4428932165,4850,1.9730225086,4118,603,93,3.3026293778,3686,2.1380253361,1171,32,0,8.4528048202,1164,1.4505135548,467,73
572,2025-2026,4,01,Bas-Saint-Laurent,SANTÉ QUÉBEC BAS-SAINT-LAURENT,HÔPITAL RÉGIONAL DE RIMOUSKI,51227882,9900,1969,554,6.6878946128,7713,3.0892707838,6891,878,285,4.7036551299,4755,3.5391199322,3009,268,8,11.232060208,2958,2.3661359965,1091,269
573,2025-2026,4,02,Saguenay-Lac-Saint-Jean,SANTÉ QUÉBEC SAGUENAY - LAC-SAINT-JEAN - UNIVERSITAIRE,HÔPITAL D'ALMA,51219400,11556,1917,454,4.2280772855,9310,2.3263857561,9124,1173,231,3.1922787581,6923,2.497924551,2432,28,0,8.1140253792,2387,1.8288729461,744,223
574,2025-2026,4,02,Saguenay-Lac-Saint-Jean,SANTÉ QUÉBEC SAGUENAY - LAC-SAINT-JEAN - UNIVERSITAIRE,HÔPITAL DE CHICOUTIMI,51218394,16526,2880,1068,8.6338832076,14381,2.9121001669,9187,905,392,5.5768308782,7126,3.8491072208,7339,942,42,12.460717892,7255,1.9917538862,1975,676
575,2025-2026,4,02,Saguenay-Lac-Saint-Jean,SANTÉ QUÉBEC SAGUENAY - LAC-SAINT-JEAN - UNIVERSITAIRE,HÔPITAL DE DOLBEAU-MISTASSINI,51219384,7196,1260,315,4.1583447594,6275,2.0853189907,5977,858,191,3.2295114141,5062,2.2593503336,1219,40,2,8.7125998086,1213,1.3590645324,402,124
576,2025-2026,4,02,Saguenay-Lac-Saint-Jean,SANTÉ QUÉBEC SAGUENAY - LAC-SAINT-JEAN - UNIVERSITAIRE,HÔPITAL DE LA BAIE,51221364,6594,1011,253,5.3055086695,5782,2.7158166628,5072,534,163,4.0958889765,4281,2.9684668691,1522,37,0,9.3365146372,1501,1.9952333629,477,90
577,2025-2026,4,02,Saguenay-Lac-Saint-Jean,SANTÉ QUÉBEC SAGUENAY - LAC-SAINT-JEAN - UNIVERSITAIRE,HÔPITAL ET CENTRE D'HÉBERGEMENT DE ROBERVAL,51228203,7904,1189,475,5.9520492437,6901,2.5990179362,5383,548,169,3.9291669247,4451,2.8306533488,2521,202,9,10.271436599,2450,2.1781978458,641,306
578,2025-2026,4,02,Saguenay-Lac-Saint-Jean,SANTÉ QUÉBEC SAGUENAY - LAC-SAINT-JEAN - UNIVERSITAIRE,HÔPITAL ET CENTRE DE RÉADAPTATION DE JONQUIÈRE,51224541,8665,1740,461,7.4305364814,6715,4.0971996773,5604,679,182,5.0613802641,3753,4.5291114516,3061,200,2,11.767926694,2962,3.54994617,1061,279
579,2025-2026,4,03,Capitale-Nationale,SANTÉ QUÉBEC - CENTRE HOSPITALIER UNIVERSITAIRE DE QUÉBEC - UNIVERSITÉ LAVAL,CENTRE HOSPITALIER DE L'UNIVERSITÉ LAVAL,51217594,23337,2466,2253,8.0119036651,19288,2.1124717729,13500,520,764,4.7144469136,9503,2.9316495083,9837,1030,295,12.53723315,9785,1.31690243,1946,1489
580,2025-2026,4,03,Capitale-Nationale,SANTÉ QUÉBEC - CENTRE HOSPITALIER UNIVERSITAIRE DE QUÉBEC - UNIVERSITÉ LAVAL,HÔPITAL DE L'ENFANT-JÉSUS,51233914,20831,3796,2592,9.7057383094,18306,1.6888665829,11397,1223,696,4.168717645,8935,2.1596037742,9434,1889,351,16.394886551,9371,1.240031154,2573,1896
581,2025-2026,4,03,Capitale-Nationale,SANTÉ QUÉBEC - CENTRE HOSPITALIER UNIVERSITAIRE DE QUÉBEC - UNIVERSITÉ LAVAL,HÔPITAL DU SAINT-SACREMENT,51217529,12014,2929,367,6.9299693182,9798,2.1795357896,8288,1180,111,3.9359170554,6091,2.667951577,3726,615,14,13.589847245,3707,1.3770160807,1749,256
582,2025-2026,4,03,Capitale-Nationale,SANTÉ QUÉBEC - CENTRE HOSPITALIER UNIVERSITAIRE DE QUÉBEC - UNIVERSITÉ LAVAL,HÔPITAL SAINT-FRANÇOIS D'ASSISE,51217602,13403,3397,450,9.9197895164,11218,2.3533292229,7574,941,212,5.0170205821,5408,3.4082799145,5829,1353,29,16.290277063,5810,1.3713716772,2456,238
583,2025-2026,4,03,Capitale-Nationale,SANTÉ QUÉBEC - CENTRE HOSPITALIER UNIVERSITAIRE DE QUÉBEC - UNIVERSITÉ LAVAL,L'HÔTEL-DIEU DE QUÉBEC,51217586,7318,1789,301,7.3155641721,6426,1.9579948646,3827,385,108,3.7059384345,2984,2.371082812,3491,271,2,11.27260734,3442,1.5998732972,1404,193
584,2025-2026,4,03,Capitale-Nationale,SANTÉ QUÉBEC - INSTITUT UNIVERSITAIRE DE CARDIOLOGIE ET DE PNEUMOLOGIE DE QUÉBEC - UNIVERSITÉ LAVAL,INSTITUT UNIVERSITAIRE DE CARDIOLOGIE ET DE PNEUMOLOGIE DE QUÉBEC,51232130,9900,3431,199,7.438331229,9313,1.8764506305,5244,1257,109,3.807080314,4665,2.3655439443,4656,382,0,11.528167955,4648,1.3855684643,2174,90
585,2025-2026,4,03,Capitale-Nationale,SANTÉ QUÉBEC CAPITALE-NATIONALE - UNIVERSITAIRE,CENTRE MULTISERVICES DE SANTÉ ET DE SERVICES SOCIAUX CHAUVEAU,51225001,14017,1223,202,2.7346978669,9785,1.6742066655,13247,1131,186,2.6469679718,9020,1.7466178862,770,0,0,4.2439938672,765,0.8204168482,92,16
586,2025-2026,4,03,Capitale-Nationale,SANTÉ QUÉBEC CAPITALE-NATIONALE - UNIVERSITAIRE,CENTRE MULTISERVICES DE SANTÉ ET DE SERVICES SOCIAUX DE BAIE-SAINT-PAUL,51244804,4000,732,162,5.0552111806,3165,2.1327977005,3116,440,62,3.2975519719,2290,2.4122079088,884,56,2,11.250761061,875,1.4015412698,292,100
587,2025-2026,4,03,Capitale-Nationale,SANTÉ QUÉBEC CAPITALE-NATIONALE - UNIVERSITAIRE,CENTRE MULTISERVICES DE SANTÉ ET DE SERVICES SOCIAUX DE SAINT-MARC-DES-CARRIÈRES,51247344,5969,891,134,2.8616149178,5051,1.4470330408,5037,551,101,2.2322698696,4129,1.6130861656,932,16,3,6.2629142823,922,0.703395999,340,33
588,2025-2026,4,03,Capitale-Nationale,SANTÉ QUÉBEC CAPITALE-NATIONALE - UNIVERSITAIRE,CENTRE MULTISERVICES DE SANTÉ ET DE SERVICES SOCIAUX DE SAINT-RAYMOND,51247302,6129,998,125,4.4780316709,4741,2.0932650168,4643,544,66,3.339000706,3301,2.459669797,1486,54,11,8.0369285554,1440,1.2533329475,454,59
589,2025-2026,4,03,Capitale-Nationale,SANTÉ QUÉBEC CAPITALE-NATIONALE - UNIVERSITAIRE,CENTRE MULTISERVICES DE SANTÉ ET DE SERVICES SOCIAUX DE SAINTE-ANNE-DE-BEAUPRÉ,51225357,5245,741,77,4.0903681813,3959,2.1974733378,4392,473,51,3.2910971969,3130,2.4384156905,853,25,3,8.2057235899,829,1.2877633695,268,26
590,2025-2026,4,03,Capitale-Nationale,SANTÉ QUÉBEC CAPITALE-NATIONALE - UNIVERSITAIRE,HÔPITAL ET CLSC DE LA MALBAIE,51228690,4622,876,162,4.3771181307,3914,1.542923125,3831,602,92,3.0414961281,3123,1.7456876401,791,57,4,10.845851243,791,0.7423749824,274,70
591,2025-2026,4,04,Mauricie et Centre-du-Québec,SANTÉ QUÉBEC MAURICIE-ET-CENTRE-DU-QUÉBEC - UNIVERSITAIRE,CENTRE MULTISERVICES DE SANTÉ ET DE SERVICES SOCIAUX AVELLIN-DALCOURT,51233583,7177,1030,149,4.1380542396,5811,2.4877767739,6204,629,79,3.472499597,4848,2.7201182618,973,27,2,8.3817346123,963,1.3181074766,401,70
592,2025-2026,4,04,Mauricie et Centre-du-Québec,SANTÉ QUÉBEC MAURICIE-ET-CENTRE-DU-QUÉBEC - UNIVERSITAIRE,CENTRE MULTISERVICES DE SANTÉ ET DE SERVICES SOCIAUX CHRIST-ROI,51246338,7343,858,227,4.6790221602,5749,3.0584799772,5782,399,132,3.871005323,4292,3.3404343999,1561,55,1,7.6719455121,1457,2.2279045604,459,95
593,2025-2026,4,04,Mauricie et Centre-du-Québec,SANTÉ QUÉBEC MAURICIE-ET-CENTRE-DU-QUÉBEC - UNIVERSITAIRE,CENTRE MULTISERVICES DE SANTÉ ET DE SERVICES SOCIAUX DE FORTIERVILLE,51219160,2742,313,61,2.3726856917,1810,2.027825353,2547,268,54,2.2459903808,1624,2.127168856,195,1,1,4.0275213675,186,1.1604390681,45,7
594,2025-2026,4,04,Mauricie et Centre-du-Québec,SANTÉ QUÉBEC MAURICIE-ET-CENTRE-DU-QUÉBEC - UNIVERSITAIRE,CENTRE MULTISERVICES DE SANTÉ ET DE SERVICES SOCIAUX DU HAUT-SAINT-MAURICE,51219731,3898,574,233,4.9192627273,3380,2.1751512163,2822,317,111,3.2782915978,2323,2.3677613957,1076,40,1,9.2229992772,1057,1.7518461579,257,122
595,2025-2026,4,04,Mauricie et Centre-du-Québec,SANTÉ QUÉBEC MAURICIE-ET-CENTRE-DU-QUÉBEC - UNIVERSITAIRE,HÔPITAL DU CENTRE-DE-LA-MAURICIE,51220051,10967,2090,802,6.7836016889,9078,2.2359039558,6719,661,212,3.9591831208,4858,3.0527920726,4248,358,29,11.250943581,4220,1.2955147446,1429,590
596,2025-2026,4,04,Mauricie et Centre-du-Québec,SANTÉ QUÉBEC MAURICIE-ET-CENTRE-DU-QUÉBEC - UNIVERSITAIRE,HÔPITAL SAINTE-CROIX,51228781,13933,2270,809,7.5147089843,9928,3.6066870355,7772,669,187,5.397872348,4046,4.7946291262,6161,347,2,10.185063527,5882,2.7895476784,1601,622
597,2025-2026,4,04,Mauricie et Centre-du-Québec,SANTÉ QUÉBEC MAURICIE-ET-CENTRE-DU-QUÉBEC - UNIVERSITAIRE,HÔTEL-DIEU D'ARTHABASKA,51228039,12448,2497,652,5.8521585351,10310,2.2084866365,7247,810,141,4.0406767935,5188,2.8253833633,5201,183,4,8.376251629,5122,1.5836408304,1687,511
598,2025-2026,4,04,Mauricie et Centre-du-Québec,SANTÉ QUÉBEC MAURICIE-ET-CENTRE-DU-QUÉBEC - UNIVERSITAIRE,PAVILLON SAINTE-MARIE,51220168,19233,4400,1127,8.8973461412,14800,3.2021704204,10413,1100,335,4.9636616089,6088,4.4782751132,8820,1260,34,13.541502268,8712,2.3104204928,3300,792
599,2025-2026,4,05,Estrie,SANTÉ QUÉBEC ESTRIE - CENTRE HOSPITALIER UNIVERSITAIRE DE SHERBROOKE,CENTRE MULTISERVICES DE SANTÉ ET DE SERVICES SOCIAUX DE LA MRC DE COATICOOK,51247617,7082,650,212,2.5168468967,5660,1.9753317629,4571,350,121,2.1773730523,3247,1.9913796496,2511,0,0,3.1348217841,2413,1.9537372796,300,91
600,2025-2026,4,05,Estrie,SANTÉ QUÉBEC ESTRIE - CENTRE HOSPITALIER UNIVERSITAIRE DE SHERBROOKE,CENTRE MULTISERVICES DE SANTÉ ET DE SERVICES SOCIAUX DE MEMPHRÉMAGOG,51219046,7445,1713,255,7.3112269607,5775,4.0579920635,5246,811,100,5.333761702,3627,4.6729448121,2199,250,47,12.028727073,2148,3.0196151459,902,155
601,2025-2026,4,05,Estrie,SANTÉ QUÉBEC ESTRIE - CENTRE HOSPITALIER UNIVERSITAIRE DE SHERBROOKE,CENTRE MULTISERVICES DE SANTÉ ET DE SERVICES SOCIAUX DES SOURCES,51247583,5662,864,203,4.8742910829,4652,3.4464734403,4852,569,128,4.3313982779,3850,3.702466811,810,18,1,8.1262860082,802,2.2175775838,295,75
602,2025-2026,4,05,Estrie,SANTÉ QUÉBEC ESTRIE - CENTRE HOSPITALIER UNIVERSITAIRE DE SHERBROOKE,CENTRE MULTISERVICES DE SANTÉ ET DE SERVICES SOCIAUX DU GRANIT,51223832,5100,914,197,4.7562589869,4409,2.8221267735,4188,596,117,3.87627149,3506,3.034337168,912,30,0,8.7972542032,903,1.9981958287,318,80
603,2025-2026,4,05,Estrie,SANTÉ QUÉBEC ESTRIE - CENTRE HOSPITALIER UNIVERSITAIRE DE SHERBROOKE,CHUS - HÔPITAL FLEURIMONT,51216687,14624,2231,365,8.5423265408,12443,2.8480832597,7534,453,127,6.1203964251,5354,4.9115956917,7090,647,18,11.115926187,7089,1.2896059623,1778,238
604,2025-2026,4,05,Estrie,SANTÉ QUÉBEC ESTRIE - CENTRE HOSPITALIER UNIVERSITAIRE DE SHERBROOKE,CHUS - HÔTEL-DIEU DE SHERBROOKE,51216695,14845,3407,1809,11.181476367,12591,3.1939282027,7344,872,426,6.2214256536,5106,4.884887061,7501,1199,339,16.037710527,7485,2.0404163883,2535,1383
605,2025-2026,4,05,Estrie,SANTÉ QUÉBEC ESTRIE - CENTRE HOSPITALIER UNIVERSITAIRE DE SHERBROOKE,HÔPITAL BROME-MISSISQUOI-PERKINS,51229185,9715,1780,332,8.9044886201,7868,3.7019057504,6742,620,139,5.4575216718,4928,4.3067155934,2973,723,96,16.721323859,2940,2.6881292517,1160,193
606,2025-2026,4,05,Estrie,SANTÉ QUÉBEC ESTRIE - CENTRE HOSPITALIER UNIVERSITAIRE DE SHERBROOKE,HÔPITAL DE GRANBY,51228120,12612,2171,713,9.9086902685,9690,3.7787127623,8716,892,289,6.4724669828,5814,4.7974700436,3896,1136,100,17.596093287,3876,2.2505768404,1279,424
607,2025-2026,4,06,Montréal,SANTÉ QUÉBEC - CENTRE HOSPITALIER DE L'UNIVERSITÉ DE MONTRÉAL,CENTRE HOSPITALIER DE L'UNIVERSITÉ DE MONTRÉAL,51236297,24526,3912,2265,11.528073031,18697,2.8368482912,14405,1053,746,6.8741750164,8640,4.510700553,10121,2811,271,18.151865236,10057,1.3988366036,2859,1519
608,2025-2026,4,06,Montréal,SANTÉ QUÉBEC - CENTRE HOSPITALIER UNIVERSITAIRE SAINTE-JUSTINE,CHU SAINTE-JUSTINE,51222800,22438,0,631,4.6500129493,19866,1.5001056803,14217,0,231,3.7834942909,11777,1.9279684743,8221,75,1,6.1485284299,8089,0.8771683425,0,400
609,2025-2026,4,06,Montréal,SANTÉ QUÉBEC - CENTRE UNIVERSITAIRE DE SANTÉ MCGILL,HÔPITAL DE LACHINE,51228310,6626,1130,207,10.679395773,5517,3.0465311764,5040,540,70,4.8898106812,3950,3.2622243319,1586,542,286,29.07757286,1567,2.5028247536,590,137
610,2025-2026,4,06,Montréal,SANTÉ QUÉBEC - CENTRE UNIVERSITAIRE DE SANTÉ MCGILL,HÔPITAL GÉNÉRAL DE MONTRÉAL,51248219,11209,1557,1478,14.755497641,9718,1.4724872516,5748,454,323,5.3613950746,4297,2.1339945181,5461,1701,821,24.643302356,5421,0.9481381049,1103,1155
611,2025-2026,4,06,Montréal,SANTÉ QUÉBEC - CENTRE UNIVERSITAIRE DE SANTÉ MCGILL,HÔPITAL ROYAL VICTORIA,51223295,15858,2585,384,15.90621777,12747,3.6135926536,8845,602,151,7.9186800452,5863,5.129398156,7013,2634,1177,25.980333151,6884,2.322603743,1983,233
612,2025-2026,4,06,Montréal,SANTÉ QUÉBEC - CENTRE UNIVERSITAIRE DE SANTÉ MCGILL,L'HÔPITAL DE MONTRÉAL POUR ENFANTS,51223279,21329,3,766,5.2551546278,20139,1.414735298,16317,0,235,4.2965501216,15138,1.6075059453,5012,183,9,8.3759746054,5001,0.8312195894,3,531
613,2025-2026,4,06,Montréal,SANTÉ QUÉBEC - INSTITUT DE CARDIOLOGIE DE MONTRÉAL,INSTITUT DE CARDIOLOGIE DE MONTRÉAL,51248201,6980,1987,179,8.2247978749,6658,1.5773882297,4634,991,156,3.6202026087,4313,1.8048541876,2346,612,46,17.320149309,2345,1.1590254679,996,23
614,2025-2026,4,06,Montréal,SANTÉ QUÉBEC CENTRE-OUEST-DE-L'ÎLE-DE-MONTRÉAL - UNIVERSITAIRE,HÔPITAL GÉNÉRAL JUIF,51248250,30408,5976,1624,9.9410723421,26567,2.3205429878,11266,820,194,3.6785421721,7763,2.6885883178,19142,2692,729,13.626876589,18804,2.1686000024,5156,1430
615,2025-2026,4,06,Montréal,SANTÉ QUÉBEC CENTRE-SUD-DE-L'ÎLE-DE-MONTRÉAL - UNIVERSITAIRE,HÔPITAL DE VERDUN,51218097,14158,2531,775,8.1260911577,12208,1.8592990025,9545,838,293,4.1632125604,7605,2.3336089196,4613,1120,48,16.3258909,4603,1.0756520506,1693,482
616,2025-2026,4,06,Montréal,SANTÉ QUÉBEC CENTRE-SUD-DE-L'ÎLE-DE-MONTRÉAL - UNIVERSITAIRE,HÔPITAL NOTRE-DAME,51236313,12579,1691,1762,10.637437396,10806,2.1008506077,7873,426,589,5.3588322255,6124,2.8465445606,4706,1004,250,19.468389054,4682,1.1254918363,1265,1173
617,2025-2026,4,06,Montréal,SANTÉ QUÉBEC EST-DE-L'ÎLE-DE-MONTRÉAL - UNIVERSITAIRE,HÔPITAL MAISONNEUVE-ROSEMONT,12934659,21459,3763,1551,10.576293151,15364,3.2164337267,12301,915,297,4.8048031325,6279,4.5703395799,9158,2590,411,18.32854241,9085,2.2806962637,2848,1254
618,2025-2026,4,06,Montréal,SANTÉ QUÉBEC EST-DE-L'ÎLE-DE-MONTRÉAL - UNIVERSITAIRE,HÔPITAL SANTA CABRINI,51235919,12360,3148,471,12.172448422,8882,3.3077275514,6888,751,182,5.3360651374,3436,5.0831166731,5472,1899,335,20.777895803,5446,2.187595891,2397,289
619,2025-2026,4,06,Montréal,SANTÉ QUÉBEC EST-DE-L'ÎLE-DE-MONTRÉAL - UNIVERSITAIRE,INSTITUT UNIVERSITAIRE EN SANTÉ MENTALE DE MONTRÉAL,51235307,1811,86,1808,16.690213357,1770,1.5521798493,805,27,803,3.4345324362,765,1.5632625272,1006,463,138,27.297393417,1005,1.5437437811,59,1005
620,2025-2026,4,06,Montréal,SANTÉ QUÉBEC NORD-DE-L'ÎLE-DE-MONTRÉAL - UNIVERSITAIRE,HÔPITAL DU SACRÉ-COEUR-DE-MONTRÉAL,12475976,21796,4487,1010,11.777368503,16280,3.2990593434,14395,1434,382,6.2926137741,8903,4.6279101926,7401,2902,734,22.44525721,7377,1.6953235281,3053,628
621,2025-2026,4,06,Montréal,SANTÉ QUÉBEC NORD-DE-L'ÎLE-DE-MONTRÉAL - UNIVERSITAIRE,HÔPITAL EN SANTÉ MENTALE ALBERT-PRÉVOST,51848752,1068,34,1067,23.387388941,1060,0.4883294025,457,10,456,4.2670459519,449,0.673596882,611,399,169,37.688529278,611,0.3521835788,24,611
622,2025-2026,4,06,Montréal,SANTÉ QUÉBEC NORD-DE-L'ÎLE-DE-MONTRÉAL - UNIVERSITAIRE,HÔPITAL FLEURY,51228492,10231,1712,261,8.6543102933,8047,3.1554400881,7294,600,118,5.0859740121,5118,3.9235720333,2937,796,38,17.516225457,2929,1.8132416259,1112,143
623,2025-2026,4,06,Montréal,SANTÉ QUÉBEC NORD-DE-L'ÎLE-DE-MONTRÉAL - UNIVERSITAIRE,HÔPITAL JEAN-TALON,51228500,13472,1785,1106,7.6776024141,9932,2.8672299414,9832,526,350,4.4791944953,6309,3.6928798806,3640,828,47,16.316818529,3623,1.4294641488,1259,756
624,2025-2026,4,06,Montréal,SANTÉ QUÉBEC OUEST-DE-L'ÎLE-DE-MONTRÉAL - UNIVERSITAIRE,CENTRE HOSPITALIER DE ST. MARY,51248243,11164,2281,794,10.086316359,9863,2.8074241554,6914,703,227,5.9944574213,5626,3.589966722,4250,904,61,16.743048758,4237,1.7683435607,1578,567
625,2025-2026,4,06,Montréal,SANTÉ QUÉBEC OUEST-DE-L'ÎLE-DE-MONTRÉAL - UNIVERSITAIRE,HÔPITAL DE LASALLE,51224392,9098,1435,271,10.084103344,7534,3.3456681562,6929,612,89,5.6471228011,5375,3.951097416,2169,782,307,24.258302597,2159,1.8384044825,823,182
626,2025-2026,4,06,Montréal,SANTÉ QUÉBEC OUEST-DE-L'ÎLE-DE-MONTRÉAL - UNIVERSITAIRE,HÔPITAL DOUGLAS,51235190,1966,31,1916,12.106257771,1825,2.250064688,972,10,929,3.9378686557,833,2.2422052154,994,264,19,20.09385759,992,2.2566644265,21,987
627,2025-2026,4,06,Montréal,SANTÉ QUÉBEC OUEST-DE-L'ÎLE-DE-MONTRÉAL - UNIVERSITAIRE,HÔPITAL GÉNÉRAL DU LAKESHORE,51228278,11989,3017,701,17.37056955,9900,3.0581313131,7177,804,94,7.0614010032,5122,4.0321711354,4812,1941,1122,32.746484483,4778,2.0139638854,2213,607
628,2025-2026,4,07,Outaouais,SANTÉ QUÉBEC OUTAOUAIS,CENTRE MULTISERVICES DE SANTÉ ET DE SERVICES SOCIAUX DE MANSFIELD-ET-PONTEFRACT,51245058,2971,372,50,4.0156035192,2723,1.8717513364,2864,343,45,3.8247009815,2616,1.8865420065,107,4,0,9.1253686397,107,1.5101401869,29,5
629,2025-2026,4,07,Outaouais,SANTÉ QUÉBEC OUTAOUAIS,CLSC ET CENTRE D'HÉBERGEMENT DE LA PETITE-NATION,51219491,3633,535,80,3.0902410007,3007,1.6354871965,3369,448,74,2.9724910953,2744,1.7258660309,264,0,0,4.592890362,263,0.6925232362,87,6
630,2025-2026,4,07,Outaouais,SANTÉ QUÉBEC OUTAOUAIS,HÔPITAL DE GATINEAU,51221703,12980,1929,1474,13.241746383,8332,6.2063484491,7856,631,360,7.345124215,3479,7.0028026892,5124,1563,478,22.28231308,4853,5.6353893926,1298,1114
631,2025-2026,4,07,Outaouais,SANTÉ QUÉBEC OUTAOUAIS,HÔPITAL DE HULL,51221711,11846,2350,368,13.825342474,7817,6.0504559862,7064,615,207,8.2244552976,3249,7.2426408126,4782,1579,557,22.099007679,4568,5.2025119187,1735,161
632,2025-2026,4,07,Outaouais,SANTÉ QUÉBEC OUTAOUAIS,HÔPITAL DE MANIWAKI,51221893,4380,659,249,8.1283144977,3736,2.4101546514,3210,350,109,3.6038141225,2593,2.5598951236,1170,271,166,20.541687322,1143,2.0704547001,309,140
633,2025-2026,4,07,Outaouais,SANTÉ QUÉBEC OUTAOUAIS,HÔPITAL ET CHSLD DE PAPINEAU,51228823,7961,1146,364,8.7443229843,5727,4.0324983509,5907,523,126,4.3314289073,3712,4.3641023108,2054,630,246,21.435153224,2015,3.4216229666,623,238
634,2025-2026,4,07,Outaouais,SANTÉ QUÉBEC OUTAOUAIS,HÔPITAL ET CHSLD DU PONTIAC,51219459,4004,520,132,6.7150659757,3474,2.5212348877,3519,371,91,4.5133326229,2993,2.6176967554,485,139,62,22.690116838,481,1.9210054285,149,41
635,2025-2026,4,07,Outaouais,SANTÉ QUÉBEC OUTAOUAIS,HÔPITAL ET CHSLD MÉMORIAL DE WAKEFIELD / WAKEFIELD MEMORIAL HOSPITAL,51228799,5980,459,128,5.1715952713,4660,3.1050740343,5339,315,89,4.0855299057,4030,3.2167354563,641,116,25,14.217621772,630,2.3907954145,144,39
636,2025-2026,4,08,Abitibi-Témiscamingue,SANTÉ QUÉBEC ABITIBI-TÉMISCAMINGUE,CENTRE MULTISERVICES DE SANTÉ ET DE SERVICES SOCIAUX DE LA SARRE,51247559,5578,843,287,5.50221286,4931,2.4019496271,4399,513,208,4.2984430805,3766,2.5211090458,1179,80,2,9.9936320799,1165,2.016752742,330,79
637,2025-2026,4,08,Abitibi-Témiscamingue,SANTÉ QUÉBEC ABITIBI-TÉMISCAMINGUE,CENTRE MULTISERVICES DE SANTÉ ET DE SERVICES SOCIAUX DE TÉMISCAMING-KIPAWA,51247476,1648,174,85,2.176912082,1547,0.80703584,1550,152,76,1.6505471326,1449,0.8306015643,98,7,0,10.502071995,98,0.4585997732,22,9
638,2025-2026,4,08,Abitibi-Témiscamingue,SANTÉ QUÉBEC ABITIBI-TÉMISCAMINGUE,CENTRE MULTISERVICES DE SANTÉ ET DE SERVICES SOCIAUX DE VILLE-MARIE,51247542,3859,617,187,5.3898072327,3326,2.8793795517,3226,421,130,4.3193528277,2705,3.0138113576,633,49,5,10.845235212,621,2.2938110574,196,57
639,2025-2026,4,08,Abitibi-Témiscamingue,SANTÉ QUÉBEC ABITIBI-TÉMISCAMINGUE,HÔPITAL D'AMOS,51228906,7526,916,345,4.8638510202,6776,1.9855296061,5562,447,247,3.4401907288,4844,2.2876150908,1964,103,6,8.8956221713,1932,1.2281268691,469,98
640,2025-2026,4,08,Abitibi-Témiscamingue,SANTÉ QUÉBEC ABITIBI-TÉMISCAMINGUE,HÔPITAL DE ROUYN-NORANDA,51228922,7865,1188,385,6.468401886,6072,3.4876976285,6403,686,270,5.3607401045,4636,3.8995990916,1462,131,6,11.319536214,1436,2.1579098963,502,115
641,2025-2026,4,08,Abitibi-Témiscamingue,SANTÉ QUÉBEC ABITIBI-TÉMISCAMINGUE,HÔPITAL DE VAL-D'OR,51225589,9138,1142,585,6.6085055081,7447,3.3973484475,7517,679,428,5.153332779,5835,3.7864555841,1621,242,7,13.35652118,1612,1.9888868211,463,157
642,2025-2026,4,09,Côte-Nord,SANTÉ QUÉBEC CÔTE-NORD,CENTRE MULTISERVICES DE SANTÉ ET DE SERVICES SOCIAUX DE FERMONT,51245108,1868,17,120,15.173920711,1664,2.3902532385,1760,14,115,15.739508365,1556,2.4447373965,108,1,0,5.9569367284,108,1.6052777778,3,5
643,2025-2026,4,09,Côte-Nord,SANTÉ QUÉBEC CÔTE-NORD,CENTRE MULTISERVICES DE SANTÉ ET DE SERVICES SOCIAUX DE FORESTVILLE,51218741,3640,543,191,3.482014881,2754,1.8047118333,3087,390,143,2.6792662779,2277,1.8847070951,553,35,3,7.9631811332,477,1.422847659,153,48
644,2025-2026,4,09,Côte-Nord,SANTÉ QUÉBEC CÔTE-NORD,CENTRE MULTISERVICES DE SANTÉ ET DE SERVICES SOCIAUX DE LA BASSE-CÔTE-NORD,51245140,1154,176,40,2.5889461775,1114,0.9398129862,998,137,38,2.3120958584,958,0.9661931686,156,0,0,4.3600783476,156,0.7778116097,39,2
645,2025-2026,4,09,Côte-Nord,SANTÉ QUÉBEC CÔTE-NORD,CENTRE MULTISERVICES DE SANTÉ ET DE SERVICES SOCIAUX DE LA MINGANIE,51245116,3122,278,134,5.42873265,2470,2.9705463338,1768,141,43,3.4777883044,1141,3.1415045282,1354,78,7,7.9761991219,1329,2.8237718418,137,91
646,2025-2026,4,09,Côte-Nord,SANTÉ QUÉBEC CÔTE-NORD,CENTRE MULTISERVICES DE SANTÉ ET DE SERVICES SOCIAUX DE PORT-CARTIER,51245132,4207,431,191,5.8638343502,3596,2.9826686287,3811,323,168,4.5225432957,3201,3.1294217953,396,93,36,18.7720672,395,1.7934106892,108,23
647,2025-2026,4,09,Côte-Nord,SANTÉ QUÉBEC CÔTE-NORD,CENTRE MULTISERVICES DE SANTÉ ET DE SERVICES SOCIAUX DES ESCOUMINS,51218733,3244,485,136,3.7258932731,2931,1.6855069373,2750,317,110,2.9522074747,2440,1.7192663934,494,17,2,8.032848628,491,1.5177410048,168,26
648,2025-2026,4,09,Côte-Nord,SANTÉ QUÉBEC CÔTE-NORD,CLSC ET HÔPITAL LE ROYER,51228765,7172,1089,441,8.4876101119,6146,3.4899817858,5149,486,223,5.6616211346,4123,4.1222910772,2023,439,91,15.680401631,2023,2.2012960674,603,218
649,2025-2026,4,09,Côte-Nord,SANTÉ QUÉBEC CÔTE-NORD,HÔPITAL ET CLSC DE SEPT-ÎLES,51232023,7060,860,550,9.3285378502,5398,4.0166635276,5077,409,260,5.446485129,3472,4.4661188716,1983,526,169,19.267610803,1926,3.2064304258,451,290
650,2025-2026,4,11,Gaspésie-Îles-de-la-Madeleine,SANTÉ QUÉBEC DES ÎLES,HÔPITAL DE L'ARCHIPEL,51227783,4895,830,165,5.2165679832,4192,1.6257712442,3875,536,83,3.1974631541,3180,1.7328554333,1020,159,36,12.887186819,1012,1.289281401,294,82
651,2025-2026,4,11,Gaspésie-Îles-de-la-Madeleine,SANTÉ QUÉBEC GASPÉSIE,CENTRE MULTISERVICES DE SANTÉ ET DE SERVICES SOCIAUX DE GRANDE-VALLÉE,51247732,2181,495,53,2.1344799786,1559,1.0816766446,2056,438,50,1.7147241137,1443,1.0956283206,125,11,4,9.0386244444,116,0.9081226054,57,3
652,2025-2026,4,11,Gaspésie-Îles-de-la-Madeleine,SANTÉ QUÉBEC GASPÉSIE,CLSC ET CENTRE DE SERVICES AMBULATOIRES DE MURDOCHVILLE,51221307,732,114,29,3.8568867638,689,2.8364860506,713,107,28,3.817731027,670,2.8882201493,19,0,0,5.3262573099,19,1.0121783626,7,1
653,2025-2026,4,11,Gaspésie-Îles-de-la-Madeleine,SANTÉ QUÉBEC GASPÉSIE,CLSC ET CENTRE DE SERVICES AMBULATOIRES DE PASPÉBIAC,51220978,4287,906,161,4.1436229039,3994,1.8795181661,3086,584,127,3.2586490063,2828,2.0267456388,1201,42,7,6.4175858081,1166,1.5224347246,322,34
654,2025-2026,4,11,Gaspésie-Îles-de-la-Madeleine,SANTÉ QUÉBEC GASPÉSIE,HÔPITAL DE CHANDLER,51227775,5499,944,233,4.9788710068,4777,2.302906636,4701,650,189,3.8953719658,3983,2.4473632382,798,50,2,11.361739418,794,1.5782584663,294,44
655,2025-2026,4,11,Gaspésie-Îles-de-la-Madeleine,SANTÉ QUÉBEC GASPÉSIE,HÔPITAL DE GASPÉ,51220903,4463,724,153,4.5321485921,3912,1.519623097,3568,439,103,3.2550175947,3025,1.7032044077,895,41,1,9.6235490379,887,0.8935425279,285,50
656,2025-2026,4,11,Gaspésie-Îles-de-la-Madeleine,SANTÉ QUÉBEC GASPÉSIE,HÔPITAL ET CLSC DE SAINTE-ANNE-DES-MONTS,51247799,4478,815,185,5.0987375316,4037,2.2649102056,3456,487,123,3.4643678466,3027,2.4536269867,1022,94,6,10.625529735,1010,1.699320407,328,62
657,2025-2026,4,11,Gaspésie-Îles-de-la-Madeleine,SANTÉ QUÉBEC GASPÉSIE,HÔPITAL ET GROUPE DE MÉDECINE DE FAMILLE UNIVERSITAIRE DE MARIA,51227908,5265,1031,271,7.6981029334,4826,2.2251122968,3830,491,122,3.9843712649,3398,2.4604684945,1435,398,86,17.610013937,1428,1.665070028,540,149
658,2025-2026,4,12,Chaudière-Appalaches,SANTÉ QUÉBEC CHAUDIÈRE-APPALACHES,CHSLD ET HÔPITAL PAUL-GILBERT,51245199,13103,1305,161,2.5381877136,10910,1.6757063601,13060,1301,161,2.539556619,10867,1.6812988865,43,0,0,2.1224224806,43,0.2623578811,4,0
659,2025-2026,4,12,Chaudière-Appalaches,SANTÉ QUÉBEC CHAUDIÈRE-APPALACHES,HÔPITAL DE MONTMAGNY,51245223,11025,1913,352,5.2480948098,10252,1.7008575562,8725,1085,210,2.9361279529,7954,1.9760612061,2300,403,101,14.018490821,2298,0.7483032347,828,142
660,2025-2026,4,12,Chaudière-Appalaches,SANTÉ QUÉBEC CHAUDIÈRE-APPALACHES,HÔPITAL DE SAINT-GEORGES,51228971,14668,2842,713,7.8214164243,12207,2.6176677999,10320,1275,334,5.1671600452,7872,3.3265561484,4348,806,62,14.12130737,4335,1.3303854287,1567,379
661,2025-2026,4,12,Chaudière-Appalaches,SANTÉ QUÉBEC CHAUDIÈRE-APPALACHES,HÔPITAL DE THETFORD,51245231,13058,2227,492,5.9859056602,12098,1.7131939623,10409,1237,288,4.1237137467,9451,1.9258684266,2649,419,16,13.303216203,2647,0.9538489065,990,204
662,2025-2026,4,12,Chaudière-Appalaches,SANTÉ QUÉBEC CHAUDIÈRE-APPALACHES,HÔTEL-DIEU DE LÉVIS,51227569,24183,5241,1681,8.6684510584,21878,1.5308117871,16054,2029,713,3.7000164722,13756,1.9798305184,8129,2093,588,18.480635687,8122,0.7703215546,3212,968
663,2025-2026,4,13,Laval,SANTÉ QUÉBEC LAVAL,HÔPITAL DE LA CITÉ-DE-LA-SANTÉ,51228757,28262,5631,1973,11.569603924,22239,3.5908697558,17056,1612,385,5.9671877769,11080,4.456218211,11206,3587,547,20.096715277,11159,2.7316475242,4019,1588
664,2025-2026,4,14,Lanaudière,SANTÉ QUÉBEC LANAUDIÈRE,HÔPITAL DE LANAUDIÈRE ET CENTRE D'HÉBERGEMENT PARPHILIA-FERLAND,51244945,24451,4408,1684,8.0253461458,19803,2.3630165042,15807,1366,1151,4.890580316,11202,3.0892681614,8644,1422,52,13.757789861,8601,1.4171414823,3042,533
665,2025-2026,4,14,Lanaudière,SANTÉ QUÉBEC LANAUDIÈRE,HÔPITAL PIERRE-LE GARDEUR,51228062,26873,5196,1548,8.9951871147,19304,3.415404565,18315,1916,539,5.1693067158,10782,3.8850755374,8558,2109,103,17.182964575,8522,2.8211787465,3280,1009
666,2025-2026,4,15,Laurentides,SANTÉ QUÉBEC LAURENTIDES,CENTRE MULTISERVICES DE SANTÉ ET DE SERVICES SOCIAUX D'ARGENTEUIL,51245306,6638,929,214,6.8137318804,5205,2.9684075675,5328,496,115,4.8045132633,3905,3.4154919619,1310,234,30,14.98557676,1300,1.6254348291,433,99
667,2025-2026,4,15,Laurentides,SANTÉ QUÉBEC LAURENTIDES,CENTRE MULTISERVICES DE SANTÉ ET DE SERVICES SOCIAUX DE RIVIÈRE-ROUGE,51217628,4566,669,236,6.2398720008,3950,3.0387760197,3468,370,133,4.3371580642,2885,3.2195666282,1098,135,19,12.249536784,1065,2.5490286907,299,103
668,2025-2026,4,15,Laurentides,SANTÉ QUÉBEC LAURENTIDES,CENTRE MULTISERVICES DE SANTÉ ET DE SERVICES SOCIAUX DE SAINTE-AGATHE,51246874,10133,2117,563,10.433114275,7818,4.1706115872,6407,764,165,6.3218553492,4133,5.3155034008,3726,915,64,17.502581783,3685,2.8865307553,1353,398
669,2025-2026,4,15,Laurentides,SANTÉ QUÉBEC LAURENTIDES,HÔPITAL DE MONT-LAURIER,51217610,5940,962,295,8.1055839413,4775,3.7931556137,4326,464,112,5.9174907536,3176,4.130806745,1614,231,23,13.970324418,1599,3.1224989577,498,183
670,2025-2026,4,15,Laurentides,SANTÉ QUÉBEC LAURENTIDES,HÔPITAL DE SAINT-EUSTACHE,51228864,17362,3801,1081,12.316731895,12936,3.3532280286,9973,1010,212,6.2595225442,5585,4.6900923108,7389,2534,557,20.492202035,7351,2.3375312505,2791,869
671,2025-2026,4,15,Laurentides,SANTÉ QUÉBEC LAURENTIDES,HÔPITAL DE SAINT-JÉRÔME,51228880,19975,4029,1876,14.940967918,15409,3.5584732768,11560,1328,609,6.05110693,7044,4.6656651839,8415,3179,1577,27.153302205,8365,2.6261290098,2701,1267
672,2025-2026,4,16,Montérégie,SANTÉ QUÉBEC MONTÉRÉGIE-CENTRE,HÔPITAL CHARLES-LE MOYNE,51233799,24249,4725,2032,9.2910985676,15436,4.0711642337,15722,1639,702,5.0134501901,6924,4.6625251942,8527,2029,161,17.178185209,8512,3.5901276629,3086,1330
673,2025-2026,4,16,Montérégie,SANTÉ QUÉBEC MONTÉRÉGIE-CENTRE,HÔPITAL DU HAUT-RICHELIEU,51229045,18642,3537,1224,9.9649008511,14197,3.615123559,11756,1066,327,5.5830801529,7333,4.7196090731,6886,1804,443,17.44568565,6864,2.4351713044,2471,897
674,2025-2026,4,16,Montérégie,SANTÉ QUÉBEC MONTÉRÉGIE-EST,HÔPITAL HONORÉ-MERCIER,51229193,15318,3376,915,9.0221531314,11708,4.2603457275,7888,1134,312,5.2442928429,4387,5.3853946635,7430,1159,140,13.032888253,7321,3.5861769415,2242,603
675,2025-2026,4,16,Montérégie,SANTÉ QUÉBEC MONTÉRÉGIE-EST,HÔPITAL PIERRE-BOUCHER,51229011,19146,4440,1150,11.329686357,14451,4.9339156652,9036,1370,354,6.3656190055,4430,6.0674724103,10110,2153,363,15.766413617,10021,4.432802365,3070,796
676,2025-2026,4,16,Montérégie,SANTÉ QUÉBEC MONTÉRÉGIE-EST,HÔTEL-DIEU DE SOREL,51229102,10756,1982,584,8.88918304,8289,3.3656259635,6676,799,157,4.8088661291,4256,4.1816285505,4080,925,112,15.565701593,4033,2.5045034714,1183,427
677,2025-2026,4,16,Montérégie,SANTÉ QUÉBEC MONTÉRÉGIE-OUEST,HÔPITAL ANNA-LABERGE,51229151,11749,2574,814,14.588436652,9316,2.5272753864,6661,651,147,7.3225241455,4256,3.9498958986,5088,1855,750,24.100669986,5060,1.3306997145,1923,667
678,2025-2026,4,16,Montérégie,SANTÉ QUÉBEC MONTÉRÉGIE-OUEST,HÔPITAL BARRIE MEMORIAL / BARRIE MEMORIAL HOSPITAL,51228005,6569,730,116,6.3650278666,5456,2.9616069974,5549,439,75,4.2833628682,4449,3.0521193901,1020,290,45,17.689693627,1007,2.5617165949,291,41
679,2025-2026,4,16,Montérégie,SANTÉ QUÉBEC MONTÉRÉGIE-OUEST,HÔPITAL DU SUROÎT,51229136,13286,2523,1104,13.361960188,10411,2.2882283162,8048,731,571,4.3986736525,5318,3.0881112365,5238,1744,1028,27.133729954,5093,1.4530079412,1792,533
680,2026-2027,4,01,Bas-Saint-Laurent,SANTÉ QUÉBEC BAS-SAINT-LAURENT,CENTRE HOSPITALIER RÉGIONAL DU GRAND-PORTAGE,51218352,7296,1561,344,5.2807662113,6002,2.4651845218,5268,726,206,3.6748844174,3997,2.8149733133,2028,49,0,9.4522579717,2005,1.7678748961,835,138
681,2026-2027,4,01,Bas-Saint-Laurent,SANTÉ QUÉBEC BAS-SAINT-LAURENT,CENTRE MULTISERVICES DE SANTÉ ET DE SERVICES SOCIAUX DE TROIS-PISTOLES,51236156,3910,586,110,3.6123479682,3599,1.5879726622,3363,395,83,2.7437543364,3057,1.6746189983,547,13,0,8.9525314849,542,1.0992681427,191,27
682,2026-2027,4,01,Bas-Saint-Laurent,SANTÉ QUÉBEC BAS-SAINT-LAURENT,CLSC DE POHÉNÉGAMOOK,51219418,3631,537,148,2.352898574,3404,1.2060196338,3368,452,141,1.9044201966,3148,1.2332412114,263,13,1,8.0961501901,256,0.8712792969,85,7
683,2026-2027,4,01,Bas-Saint-Laurent,SANTÉ QUÉBEC BAS-SAINT-LAURENT,HÔPITAL D'AMQUI,51226892,4698,936,178,4.8785609716,4129,1.599794879,3308,434,90,3.1624001579,2761,1.901031128,1390,66,7,8.9627767786,1368,0.9918173327,502,88
684,2026-2027,4,01,Bas-Saint-Laurent,SANTÉ QUÉBEC BAS-SAINT-LAURENT,HÔPITAL DE MATANE,51218980,5565,1022,274,5.0518315863,5102,2.2327297029,4268,553,187,3.7062824117,3849,2.4532433388,1297,126,25,9.4795909363,1253,1.5553498271,469,87
685,2026-2027,4,01,Bas-Saint-Laurent,SANTÉ QUÉBEC BAS-SAINT-LAURENT,HÔPITAL DE NOTRE-DAME-DU-LAC,51221877,4229,914,106,4.913416358,3662,1.8511706566,3128,443,53,3.0305721618,2575,2.1281221143,1101,96,6,10.262677616,1087,1.195098896,471,53
686,2026-2027,4,01,Bas-Saint-Laurent,SANTÉ QUÉBEC BAS-SAINT-LAURENT,HÔPITAL NOTRE-DAME-DE-FATIMA,51221141,5171,1082,170,4.5012593201,4727,2.0805643702,4090,638,111,3.29491558,3657,2.2129381248,1081,51,0,9.0655015932,1070,1.6281430426,444,59
687,2026-2027,4,01,Bas-Saint-Laurent,SANTÉ QUÉBEC BAS-SAINT-LAURENT,HÔPITAL RÉGIONAL DE RIMOUSKI,51227882,10144,2158,638,6.706430676,7772,3.2045413021,7033,959,311,4.8162475315,4695,3.8007073719,3111,267,16,10.979544805,3077,2.2948891417,1199,327
688,2026-2027,4,02,Saguenay-Lac-Saint-Jean,SANTÉ QUÉBEC SAGUENAY - LAC-SAINT-JEAN - UNIVERSITAIRE,HÔPITAL D'ALMA,51219400,12159,2062,497,4.8539471905,9765,2.8664838994,9593,1232,260,3.8583556007,7249,3.1240496007,2566,45,0,8.5759698407,2516,2.1243957561,830,237
689,2026-2027,4,02,Saguenay-Lac-Saint-Jean,SANTÉ QUÉBEC SAGUENAY - LAC-SAINT-JEAN - UNIVERSITAIRE,HÔPITAL DE CHICOUTIMI,51218394,16879,3152,988,8.0308154281,14512,2.7025282908,9593,1030,362,4.8808310458,7291,3.546408243,7286,885,31,12.178193987,7221,1.8504678099,2122,626
690,2026-2027,4,02,Saguenay-Lac-Saint-Jean,SANTÉ QUÉBEC SAGUENAY - LAC-SAINT-JEAN - UNIVERSITAIRE,HÔPITAL DE DOLBEAU-MISTASSINI,51219384,7062,1302,275,4.7929079345,6176,2.2380197989,5807,879,165,3.3847087806,4932,2.4201593899,1255,130,22,11.308774458,1244,1.515903671,423,110
691,2026-2027,4,02,Saguenay-Lac-Saint-Jean,SANTÉ QUÉBEC SAGUENAY - LAC-SAINT-JEAN - UNIVERSITAIRE,HÔPITAL DE LA BAIE,51221364,6130,926,234,5.5922962208,5455,2.8082520114,4674,477,151,4.4057410973,4022,3.0980663987,1456,45,2,9.4013337531,1433,1.9948301931,449,83
692,2026-2027,4,02,Saguenay-Lac-Saint-Jean,SANTÉ QUÉBEC SAGUENAY - LAC-SAINT-JEAN - UNIVERSITAIRE,HÔPITAL ET CENTRE D'HÉBERGEMENT DE ROBERVAL,51228203,7820,1219,471,6.3870931728,6846,2.7498543756,5285,538,128,4.0275844634,4354,3.0097042311,2535,264,16,11.306226715,2492,2.2958470439,681,343
693,2026-2027,4,02,Saguenay-Lac-Saint-Jean,SANTÉ QUÉBEC SAGUENAY - LAC-SAINT-JEAN - UNIVERSITAIRE,HÔPITAL ET CENTRE DE RÉADAPTATION DE JONQUIÈRE,51224541,9037,1929,439,7.2505640085,6945,4.1766468283,6004,808,182,5.1813300392,4026,4.6265616548,3033,137,0,11.346733066,2919,3.5561065433,1121,257
694,2026-2027,4,03,Capitale-Nationale,SANTÉ QUÉBEC - CENTRE HOSPITALIER UNIVERSITAIRE DE QUÉBEC - UNIVERSITÉ LAVAL,CENTRE HOSPITALIER DE L'UNIVERSITÉ LAVAL,51217594,23726,2587,2318,8.4122975732,19934,2.0251815714,13071,506,760,4.8579562263,9341,2.8234921612,10655,1144,271,12.772578732,10593,1.3212243148,2081,1558
695,2026-2027,4,03,Capitale-Nationale,SANTÉ QUÉBEC - CENTRE HOSPITALIER UNIVERSITAIRE DE QUÉBEC - UNIVERSITÉ LAVAL,HÔPITAL DE L'ENFANT-JÉSUS,51233914,21366,3899,2584,10.001134786,18512,1.8864505306,12009,1375,773,4.2800247037,9227,2.4234888853,9357,2057,392,17.34374577,9285,1.3527668581,2524,1811
696,2026-2027,4,03,Capitale-Nationale,SANTÉ QUÉBEC - CENTRE HOSPITALIER UNIVERSITAIRE DE QUÉBEC - UNIVERSITÉ LAVAL,HÔPITAL DU SAINT-SACREMENT,51217529,12545,3237,397,7.5342471547,9524,2.5953970087,8756,1428,141,4.2416615908,5783,3.0971148673,3789,787,38,15.143083047,3741,1.8198197897,1809,256
697,2026-2027,4,03,Capitale-Nationale,SANTÉ QUÉBEC - CENTRE HOSPITALIER UNIVERSITAIRE DE QUÉBEC - UNIVERSITÉ LAVAL,HÔPITAL SAINT-FRANÇOIS D'ASSISE,51217602,14024,3598,413,10.090650948,11624,2.3593494303,7806,1048,165,4.9487322786,5430,3.4369996931,6218,1585,53,16.545751805,6194,1.4146221254,2550,248
698,2026-2027,4,03,Capitale-Nationale,SANTÉ QUÉBEC - CENTRE HOSPITALIER UNIVERSITAIRE DE QUÉBEC - UNIVERSITÉ LAVAL,L'HÔTEL-DIEU DE QUÉBEC,51217586,7542,1862,314,7.7963736409,6541,2.0210996025,3934,422,105,3.6973401401,2994,2.3818498107,3608,423,7,12.265774359,3547,1.7165926605,1440,209
699,2026-2027,4,03,Capitale-Nationale,SANTÉ QUÉBEC - INSTITUT UNIVERSITAIRE DE CARDIOLOGIE ET DE PNEUMOLOGIE DE QUÉBEC - UNIVERSITÉ LAVAL,INSTITUT UNIVERSITAIRE DE CARDIOLOGIE ET DE PNEUMOLOGIE DE QUÉBEC,51232130,10427,3784,258,7.579695875,9693,2.0197062313,5599,1426,144,3.9005467246,4882,2.4965001821,4828,439,0,11.846381064,4811,1.5358758285,2358,114
700,2026-2027,4,03,Capitale-Nationale,SANTÉ QUÉBEC CAPITALE-NATIONALE - UNIVERSITAIRE,CENTRE MULTISERVICES DE SANTÉ ET DE SERVICES SOCIAUX CHAUVEAU,51225001,14068,1305,218,3.1773095955,8890,2.0697337833,13325,1202,203,3.0924432354,8152,2.1597295142,743,0,0,4.6993072379,738,1.075634598,103,15
701,2026-2027,4,03,Capitale-Nationale,SANTÉ QUÉBEC CAPITALE-NATIONALE - UNIVERSITAIRE,CENTRE MULTISERVICES DE SANTÉ ET DE SERVICES SOCIAUX DE BAIE-SAINT-PAUL,51244804,4028,827,133,5.7325722029,3253,1.955977303,3112,496,46,3.3096769673,2348,2.1724681762,916,130,20,13.964067807,905,1.3942971148,331,87
702,2026-2027,4,03,Capitale-Nationale,SANTÉ QUÉBEC CAPITALE-NATIONALE - UNIVERSITAIRE,CENTRE MULTISERVICES DE SANTÉ ET DE SERVICES SOCIAUX DE SAINT-MARC-DES-CARRIÈRES,51247344,5892,858,100,3.2987160085,4811,1.8114820204,4934,530,88,2.6912915484,3873,2.034311616,958,15,1,6.4271421944,938,0.891419095,328,12
703,2026-2027,4,03,Capitale-Nationale,SANTÉ QUÉBEC CAPITALE-NATIONALE - UNIVERSITAIRE,CENTRE MULTISERVICES DE SANTÉ ET DE SERVICES SOCIAUX DE SAINT-RAYMOND,51247302,6334,1007,107,4.6242684542,4801,2.2079061075,4866,532,54,3.4907885213,3375,2.5975052675,1468,61,7,8.3814301393,1426,1.2858183341,475,53
704,2026-2027,4,03,Capitale-Nationale,SANTÉ QUÉBEC CAPITALE-NATIONALE - UNIVERSITAIRE,CENTRE MULTISERVICES DE SANTÉ ET DE SERVICES SOCIAUX DE SAINTE-ANNE-DE-BEAUPRÉ,51225357,5518,781,62,3.8923743506,3964,2.1771096115,4606,496,46,3.1290116756,3084,2.42204082,912,25,3,7.7476906676,880,1.3187370581,285,16
705,2026-2027,4,03,Capitale-Nationale,SANTÉ QUÉBEC CAPITALE-NATIONALE - UNIVERSITAIRE,HÔPITAL ET CLSC DE LA MALBAIE,51228690,4611,862,148,4.795286031,3916,1.6587385796,3821,599,83,3.1629360406,3128,1.8667791809,790,89,10,12.690487693,788,0.8329124365,263,65
706,2026-2027,4,05,Estrie,SANTÉ QUÉBEC ESTRIE - CENTRE HOSPITALIER UNIVERSITAIRE DE SHERBROOKE,CENTRE MULTISERVICES DE SANTÉ ET DE SERVICES SOCIAUX DE LA MRC DE COATICOOK,51247617,7214,601,213,2.3177007285,5639,1.6785272704,6235,440,182,2.1249576762,4671,1.7498617355,979,1,1,3.5452318125,968,1.3343089991,161,31
707,2026-2027,4,05,Estrie,SANTÉ QUÉBEC ESTRIE - CENTRE HOSPITALIER UNIVERSITAIRE DE SHERBROOKE,CENTRE MULTISERVICES DE SANTÉ ET DE SERVICES SOCIAUX DE MEMPHRÉMAGOG,51219046,7557,1742,217,6.728815447,5948,3.3287734439,5459,850,100,4.6919928355,3888,3.8663108711,2098,272,49,12.028631766,2060,2.3142367853,892,117
708,2026-2027,4,05,Estrie,SANTÉ QUÉBEC ESTRIE - CENTRE HOSPITALIER UNIVERSITAIRE DE SHERBROOKE,CENTRE MULTISERVICES DE SANTÉ ET DE SERVICES SOCIAUX DES SOURCES,51247583,5382,815,200,4.4459347516,4579,2.9796446944,4698,559,153,3.8850858521,3900,3.1707094017,684,17,0,8.2980811404,679,1.8822185403,256,47
709,2026-2027,4,05,Estrie,SANTÉ QUÉBEC ESTRIE - CENTRE HOSPITALIER UNIVERSITAIRE DE SHERBROOKE,CENTRE MULTISERVICES DE SANTÉ ET DE SERVICES SOCIAUX DU GRANIT,51223832,5261,970,158,5.2160935289,4471,3.0394303412,4354,654,106,4.1734857475,3566,3.305791581,907,61,3,10.221070685,905,1.98987876,316,52
710,2026-2027,4,05,Estrie,SANTÉ QUÉBEC ESTRIE - CENTRE HOSPITALIER UNIVERSITAIRE DE SHERBROOKE,CHUS - HÔPITAL FLEURIMONT,51216687,15780,2440,348,8.5329995775,12774,3.1586725641,8900,664,128,6.6504550562,5905,5.1635873553,6880,582,15,10.968267926,6869,1.4351288397,1776,220
711,2026-2027,4,05,Estrie,SANTÉ QUÉBEC ESTRIE - CENTRE HOSPITALIER UNIVERSITAIRE DE SHERBROOKE,CHUS - HÔTEL-DIEU DE SHERBROOKE,51216695,14776,3512,1711,11.48856479,12483,2.9235760634,7359,980,390,5.7739932962,5077,4.357189285,7417,1523,304,17.158449058,7406,1.9407980016,2532,1321
712,2026-2027,4,05,Estrie,SANTÉ QUÉBEC ESTRIE - CENTRE HOSPITALIER UNIVERSITAIRE DE SHERBROOKE,HÔPITAL BROME-MISSISQUOI-PERKINS,51229185,9858,1890,303,8.7855531886,7757,3.8165236059,6949,701,104,5.1760425161,4884,4.2905814906,2909,779,83,17.40792846,2873,3.0106417024,1189,199
713,2026-2027,4,05,Estrie,SANTÉ QUÉBEC ESTRIE - CENTRE HOSPITALIER UNIVERSITAIRE DE SHERBROOKE,HÔPITAL DE GRANBY,51228120,13262,2304,753,9.7388378659,9805,4.3686677999,9186,931,302,7.2615177081,5757,5.7083865536,4076,835,41,15.321924954,4048,2.4633414992,1373,451
714,2026-2027,4,06,Montréal,SANTÉ QUÉBEC - CENTRE HOSPITALIER DE L'UNIVERSITÉ DE MONTRÉAL,CENTRE HOSPITALIER DE L'UNIVERSITÉ DE MONTRÉAL,51236297,26258,4084,2538,11.647248415,19648,2.8059869679,15138,1096,706,7.2341251596,8609,4.6213613983,11120,2829,237,17.654969624,11039,1.3902284325,2988,1832
715,2026-2027,4,06,Montréal,SANTÉ QUÉBEC - CENTRE HOSPITALIER UNIVERSITAIRE SAINTE-JUSTINE,CHU SAINTE-JUSTINE,51222800,22178,1,654,4.9633254426,19679,1.5590756362,13660,1,225,4.0648953758,11292,2.0172888377,8518,69,1,6.4041043477,8387,0.9421514116,0,429
716,2026-2027,4,06,Montréal,SANTÉ QUÉBEC - CENTRE UNIVERSITAIRE DE SANTÉ MCGILL,HÔPITAL DE LACHINE,51228310,6904,1254,206,11.192852372,5297,3.3663973843,5268,631,74,4.9330889332,3677,3.676096531,1636,590,367,31.349596747,1620,2.6634567901,623,132
717,2026-2027,4,06,Montréal,SANTÉ QUÉBEC - CENTRE UNIVERSITAIRE DE SANTÉ MCGILL,HÔPITAL GÉNÉRAL DE MONTRÉAL,51248219,11611,1539,1535,14.588386085,10047,1.528843657,6130,436,340,5.4529427678,4606,2.2517111135,5481,1557,768,24.805548562,5441,0.9169106476,1103,1195
718,2026-2027,4,06,Montréal,SANTÉ QUÉBEC - CENTRE UNIVERSITAIRE DE SANTÉ MCGILL,HÔPITAL ROYAL VICTORIA,51223295,16543,3048,431,16.761129984,12894,3.880441032,9378,717,177,8.537901353,5857,5.7555434143,7165,2574,1187,27.524205784,7037,2.3197653672,2331,254
719,2026-2027,4,06,Montréal,SANTÉ QUÉBEC - CENTRE UNIVERSITAIRE DE SANTÉ MCGILL,L'HÔPITAL DE MONTRÉAL POUR ENFANTS,51223279,21852,5,782,5.3412309705,20526,1.3422703725,16521,1,233,4.2980519743,15206,1.5290654639,5331,216,8,8.5740878822,5320,0.8083594403,4,549
720,2026-2027,4,06,Montréal,SANTÉ QUÉBEC - INSTITUT DE CARDIOLOGIE DE MONTRÉAL,INSTITUT DE CARDIOLOGIE DE MONTRÉAL,51248201,7289,2096,191,8.1390063795,6902,1.6965361892,5053,1089,162,3.8163981243,4667,1.880734888,2236,651,60,17.907405088,2235,1.3119029331,1007,29
721,2026-2027,4,06,Montréal,SANTÉ QUÉBEC CENTRE-OUEST-DE-L'ÎLE-DE-MONTRÉAL - UNIVERSITAIRE,HÔPITAL GÉNÉRAL JUIF,51248250,31340,6469,1781,11.374141176,26778,2.6681230342,12214,948,210,4.061312724,8084,3.0570233726,19126,3511,1229,16.044165577,18694,2.4999476659,5521,1571
722,2026-2027,4,06,Montréal,SANTÉ QUÉBEC CENTRE-SUD-DE-L'ÎLE-DE-MONTRÉAL - UNIVERSITAIRE,HÔPITAL DE VERDUN,51218097,14334,2441,774,8.3728969001,12120,2.2786784928,9827,946,299,4.7220372161,7626,2.8456322668,4507,1036,70,16.333180485,4494,1.3165980567,1495,475
723,2026-2027,4,06,Montréal,SANTÉ QUÉBEC CENTRE-SUD-DE-L'ÎLE-DE-MONTRÉAL - UNIVERSITAIRE,HÔPITAL NOTRE-DAME,51236313,12621,1749,1693,11.81955339,10821,2.0640941225,7759,435,557,5.3077966806,5978,2.8374767667,4862,1067,276,22.211309932,4843,1.109462397,1314,1136
724,2026-2027,4,06,Montréal,SANTÉ QUÉBEC EST-DE-L'ÎLE-DE-MONTRÉAL - UNIVERSITAIRE,HÔPITAL MAISONNEUVE-ROSEMONT,12934659,23302,4395,1519,11.535330038,15847,4.050994808,14473,1342,344,5.4048311415,7057,5.6933046384,8829,3191,753,21.584793232,8790,2.7324759828,3053,1175
725,2026-2027,4,06,Montréal,SANTÉ QUÉBEC EST-DE-L'ÎLE-DE-MONTRÉAL - UNIVERSITAIRE,HÔPITAL SANTA CABRINI,51235919,12407,3246,403,12.39167551,9343,3.138257846,6630,672,146,5.0877413273,3600,4.7502083333,5777,1844,488,20.774068384,5743,2.1278065568,2574,257
726,2026-2027,4,06,Montréal,SANTÉ QUÉBEC EST-DE-L'ÎLE-DE-MONTRÉAL - UNIVERSITAIRE,INSTITUT UNIVERSITAIRE EN SANTÉ MENTALE DE MONTRÉAL,51235307,1783,59,1779,15.401207391,1733,1.3441278772,820,13,816,2.9980572493,770,1.321518759,963,351,130,25.962560575,963,1.3622057805,46,963
727,2026-2027,4,06,Montréal,SANTÉ QUÉBEC OUEST-DE-L'ÎLE-DE-MONTRÉAL - UNIVERSITAIRE,CENTRE HOSPITALIER DE ST. MARY,51248243,11166,2432,797,9.9436291719,9600,2.7659390625,6673,735,235,5.7031530463,5124,3.5032121715,4493,842,61,16.241580916,4476,1.921929364,1697,562
728,2026-2027,4,06,Montréal,SANTÉ QUÉBEC OUEST-DE-L'ÎLE-DE-MONTRÉAL - UNIVERSITAIRE,HÔPITAL DE LASALLE,51224392,9190,1540,308,9.6068882239,7257,3.7294514492,6881,624,109,6.019455344,4968,4.4712996511,2309,694,197,20.297717867,2289,2.1193588903,916,199
729,2026-2027,4,06,Montréal,SANTÉ QUÉBEC OUEST-DE-L'ÎLE-DE-MONTRÉAL - UNIVERSITAIRE,HÔPITAL DOUGLAS,51235190,1830,52,1807,7.9556549787,1708,1.8890547749,1000,33,981,3.6408944444,878,1.8739401417,830,32,0,13.154161647,830,1.9050435074,19,826
730,2026-2027,4,06,Montréal,SANTÉ QUÉBEC OUEST-DE-L'ÎLE-DE-MONTRÉAL - UNIVERSITAIRE,HÔPITAL GÉNÉRAL DU LAKESHORE,51228278,12754,3300,594,16.483480891,10022,3.1446703364,7313,866,77,6.9770068903,4621,4.3275556638,5441,2113,1084,29.260699116,5401,2.1326145878,2434,517
731,2026-2027,4,07,Outaouais,SANTÉ QUÉBEC OUTAOUAIS,CENTRE MULTISERVICES DE SANTÉ ET DE SERVICES SOCIAUX DE MANSFIELD-ET-PONTEFRACT,51245058,2639,344,58,3.7877402004,2400,1.644809838,2522,316,56,3.6195066746,2283,1.6541255414,117,2,0,7.4141073124,117,1.463034188,28,2
732,2026-2027,4,07,Outaouais,SANTÉ QUÉBEC OUTAOUAIS,CLSC ET CENTRE D'HÉBERGEMENT DE LA PETITE-NATION,51219491,3374,551,74,3.208078443,2686,1.6624587367,3164,481,65,3.0991785188,2476,1.7385053177,210,0,0,4.8488373016,210,0.7658333333,70,9
733,2026-2027,4,07,Outaouais,SANTÉ QUÉBEC OUTAOUAIS,HÔPITAL DE GATINEAU,51221703,12296,1897,1524,14.997955659,8038,7.3148435556,6832,626,290,8.4778698283,2926,8.3299591782,5464,1759,592,23.150449508,5112,6.7338129782,1271,1234
734,2026-2027,4,07,Outaouais,SANTÉ QUÉBEC OUTAOUAIS,HÔPITAL DE HULL,51221711,11671,2505,390,14.052318591,7857,6.2411094495,6488,634,192,8.44232245,3004,7.2296938341,5183,1646,491,21.074825819,4853,5.6291771413,1871,198
735,2026-2027,4,07,Outaouais,SANTÉ QUÉBEC OUTAOUAIS,HÔPITAL DE MANIWAKI,51221893,4585,675,268,6.535644917,3834,2.4993957573,3410,351,143,3.4938101173,2686,2.5977245181,1175,230,82,15.363437825,1148,2.2693338657,324,125
736,2026-2027,4,07,Outaouais,SANTÉ QUÉBEC OUTAOUAIS,HÔPITAL ET CHSLD DE PAPINEAU,51228823,7768,1054,279,9.4302401591,5629,4.6648867965,5638,456,110,5.3139383055,3543,5.1344548719,2130,632,201,20.325878586,2086,3.867341403,598,169
737,2026-2027,4,07,Outaouais,SANTÉ QUÉBEC OUTAOUAIS,HÔPITAL ET CHSLD DU PONTIAC,51219459,4011,502,142,5.2274718136,3362,2.3845721793,3584,385,102,4.2247941468,2940,2.4123398526,427,46,4,13.643389279,422,2.1911196682,117,40
738,2026-2027,4,07,Outaouais,SANTÉ QUÉBEC OUTAOUAIS,HÔPITAL ET CHSLD MÉMORIAL DE WAKEFIELD / WAKEFIELD MEMORIAL HOSPITAL,51228799,6080,571,131,5.5523288103,4586,3.4915884092,5370,390,100,4.5643888372,3885,3.6481414271,710,90,8,13.024494523,701,2.6239586305,181,31
739,2026-2027,4,08,Abitibi-Témiscamingue,SANTÉ QUÉBEC ABITIBI-TÉMISCAMINGUE,CENTRE MULTISERVICES DE SANTÉ ET DE SERVICES SOCIAUX DE LA SARRE,51247559,5622,867,275,4.9045389146,4836,2.412694433,4391,499,196,3.9404395354,3625,2.5917051341,1231,50,1,8.3434994133,1211,1.876844894,368,79
740,2026-2027,4,08,Abitibi-Témiscamingue,SANTÉ QUÉBEC ABITIBI-TÉMISCAMINGUE,CENTRE MULTISERVICES DE SANTÉ ET DE SERVICES SOCIAUX DE TÉMISCAMING-KIPAWA,51247476,1631,224,107,3.2160937394,1493,1.1791125251,1554,205,97,2.6547608323,1416,1.1963335687,77,16,2,14.54481241,77,0.8624242424,19,10
741,2026-2027,4,08,Abitibi-Témiscamingue,SANTÉ QUÉBEC ABITIBI-TÉMISCAMINGUE,CENTRE MULTISERVICES DE SANTÉ ET DE SERVICES SOCIAUX DE VILLE-MARIE,51247542,3831,638,261,5.9437258186,3219,3.1585326706,3207,421,196,4.5878765201,2609,3.2789854563,624,83,11,12.912008992,610,2.6433501821,217,65
742,2026-2027,4,08,Abitibi-Témiscamingue,SANTÉ QUÉBEC ABITIBI-TÉMISCAMINGUE,HÔPITAL D'AMOS,51228906,7273,884,319,5.0024807889,6606,1.889186598,5305,407,196,3.3728230705,4663,2.1827538304,1968,142,4,9.395435157,1943,1.1846554583,477,123
743,2026-2027,4,08,Abitibi-Témiscamingue,SANTÉ QUÉBEC ABITIBI-TÉMISCAMINGUE,HÔPITAL DE ROUYN-NORANDA,51228922,8305,1315,428,7.3071340892,6355,4.0343234548,6748,749,316,6.0007897402,4814,4.5317711651,1557,224,9,12.968798616,1541,2.4803239239,566,112
744,2026-2027,4,08,Abitibi-Témiscamingue,SANTÉ QUÉBEC ABITIBI-TÉMISCAMINGUE,HÔPITAL DE VAL-D'OR,51225589,9040,1267,542,6.79257897,7345,3.4504253082,7523,790,420,5.2334686591,5833,3.8672196983,1517,262,34,14.52440947,1512,1.8425141461,477,122
745,2026-2027,4,09,Côte-Nord,SANTÉ QUÉBEC CÔTE-NORD,CENTRE MULTISERVICES DE SANTÉ ET DE SERVICES SOCIAUX DE FERMONT,51245108,1819,17,144,5.0408114959,1626,2.8169813448,1703,15,127,4.9344928884,1510,2.9345928992,116,3,1,6.6016786398,116,1.2860033525,2,17
746,2026-2027,4,09,Côte-Nord,SANTÉ QUÉBEC CÔTE-NORD,CENTRE MULTISERVICES DE SANTÉ ET DE SERVICES SOCIAUX DE FORESTVILLE,51218741,3580,563,154,3.5283819056,2836,1.9003092188,3094,426,124,2.7499214429,2403,2.0309276599,486,45,1,8.4842598308,433,1.1754221196,137,30
747,2026-2027,4,09,Côte-Nord,SANTÉ QUÉBEC CÔTE-NORD,CENTRE MULTISERVICES DE SANTÉ ET DE SERVICES SOCIAUX DE LA BASSE-CÔTE-NORD,51245140,1272,233,56,2.8368839535,1232,1.160160083,1102,168,49,2.6298021274,1062,1.2157747437,170,0,0,4.1792614379,170,0.8127320261,65,7
748,2026-2027,4,09,Côte-Nord,SANTÉ QUÉBEC CÔTE-NORD,CENTRE MULTISERVICES DE SANTÉ ET DE SERVICES SOCIAUX DE LA MINGANIE,51245116,2775,300,113,4.617447047,2377,2.0982189268,1414,118,45,2.6072752632,1050,2.0628986772,1361,82,2,6.7058988489,1327,2.1261663736,182,68
749,2026-2027,4,09,Côte-Nord,SANTÉ QUÉBEC CÔTE-NORD,CENTRE MULTISERVICES DE SANTÉ ET DE SERVICES SOCIAUX DE PORT-CARTIER,51245132,4333,392,190,6.7686270739,3640,3.3745014499,3890,277,153,4.8154950728,3203,3.5073388663,443,105,51,23.919154126,437,2.4008670226,115,37
750,2026-2027,4,09,Côte-Nord,SANTÉ QUÉBEC CÔTE-NORD,CENTRE MULTISERVICES DE SANTÉ ET DE SERVICES SOCIAUX DES ESCOUMINS,51218733,3067,540,119,4.1612761294,2606,1.963837192,2665,396,93,3.3169402752,2210,2.0938119658,402,25,1,9.7586767551,396,1.2384729237,144,26
751,2026-2027,4,09,Côte-Nord,SANTÉ QUÉBEC CÔTE-NORD,CLSC ET HÔPITAL LE ROYER,51228765,7223,1227,477,10.5099257,6008,3.6643570147,5231,584,254,5.8057480511,4023,4.2660892921,1992,640,330,22.863115099,1985,2.4448260565,643,223
752,2026-2027,4,09,Côte-Nord,SANTÉ QUÉBEC CÔTE-NORD,HÔPITAL ET CLSC DE SEPT-ÎLES,51232023,6981,848,599,11.141378901,5098,4.7742000676,5008,384,281,6.4747659855,3171,5.4530425032,1973,621,275,22.986486597,1927,3.6571220377,464,318
753,2026-2027,4,10,Nord-du-Québec,SANTÉ QUÉBEC BAIE-JAMES,CENTRE DE SANTÉ DE CHIBOUGAMAU,51218501,3240,361,277,5.4208967764,2884,1.2744845123,2295,211,89,2.9006949891,1966,1.4245384028,945,81,13,11.541386831,918,0.9531272694,150,188
754,2026-2027,4,10,Nord-du-Québec,SANTÉ QUÉBEC BAIE-JAMES,CENTRE DE SANTÉ DE RADISSON,51218543,145,3,5,2.287908046,145,0.4107164751,145,3,5,2.287908046,145,0.4107164751,0,0,0,,0,,0,0
755,2026-2027,4,10,Nord-du-Québec,SANTÉ QUÉBEC BAIE-JAMES,CENTRE DE SANTÉ ISLE-DIEU,51218535,1250,125,81,2.1713291111,1205,0.6088863532,1241,123,80,2.0952609902,1196,0.6022891119,9,1,0,12.660277778,9,1.4855864198,2,1
756,2026-2027,4,10,Nord-du-Québec,SANTÉ QUÉBEC BAIE-JAMES,CENTRE DE SANTÉ LEBEL,51218527,1766,205,114,2.9263047376,1736,0.7986728751,1652,194,100,2.0278056901,1622,0.7417274627,114,22,8,15.946659357,114,1.6088961988,11,14
757,2026-2027,4,10,Nord-du-Québec,SANTÉ QUÉBEC BAIE-JAMES,CENTRE DE SANTÉ RENÉ-RICARD,51218519,1359,157,119,1.6135771809,1327,0.3986963075,1310,143,112,1.3587822307,1278,0.3951095462,49,1,0,8.4254421769,49,0.492244898,14,7
758,2026-2027,4,11,Gaspésie-Îles-de-la-Madeleine,SANTÉ QUÉBEC DES ÎLES,HÔPITAL DE L'ARCHIPEL,51227783,4645,787,134,4.3731203205,4108,1.5433129801,3673,522,78,3.0699950842,3149,1.6440386719,972,59,3,9.2973785437,959,1.2125671996,265,56
759,2026-2027,4,11,Gaspésie-Îles-de-la-Madeleine,SANTÉ QUÉBEC GASPÉSIE,CENTRE MULTISERVICES DE SANTÉ ET DE SERVICES SOCIAUX DE GRANDE-VALLÉE,51247732,2399,477,56,1.9587939419,1823,0.9909271957,2239,421,49,1.68466292,1671,1.0156242104,160,5,0,5.7949149306,152,0.7194225146,56,7
760,2026-2027,4,11,Gaspésie-Îles-de-la-Madeleine,SANTÉ QUÉBEC GASPÉSIE,CLSC ET CENTRE DE SERVICES AMBULATOIRES DE MURDOCHVILLE,51221307,796,110,50,2.7827959241,759,1.1618035427,773,104,50,2.7193057352,738,1.182049458,23,0,0,4.9166183575,21,0.4503042328,6,0
761,2026-2027,4,11,Gaspésie-Îles-de-la-Madeleine,SANTÉ QUÉBEC GASPÉSIE,CLSC ET CENTRE DE SERVICES AMBULATOIRES DE PASPÉBIAC,51220978,3924,779,147,4.4245344178,3607,1.9663072575,2901,510,108,3.4553636677,2613,2.1439711698,1023,55,10,7.1728866623,994,1.4992692265,269,39
762,2026-2027,4,11,Gaspésie-Îles-de-la-Madeleine,SANTÉ QUÉBEC GASPÉSIE,HÔPITAL DE CHANDLER,51227775,5183,1039,187,6.541685371,4318,2.6471560908,4325,709,134,4.7248350674,3464,2.8786621921,858,164,28,15.700050829,854,1.7081196331,330,53
763,2026-2027,4,11,Gaspésie-Îles-de-la-Madeleine,SANTÉ QUÉBEC GASPÉSIE,HÔPITAL DE GASPÉ,51220903,4695,801,159,6.0421235948,3945,1.7874736657,3800,469,95,3.912570614,3063,2.0131141401,895,190,31,15.083801055,882,1.0038718821,332,64
764,2026-2027,4,11,Gaspésie-Îles-de-la-Madeleine,SANTÉ QUÉBEC GASPÉSIE,HÔPITAL ET CLSC DE SAINTE-ANNE-DES-MONTS,51247799,4245,751,191,5.3386272739,3877,2.006414897,3382,463,122,3.3132024936,3022,2.197035168,863,142,32,13.276039333,855,1.3326669916,288,69
765,2026-2027,4,11,Gaspésie-Îles-de-la-Madeleine,SANTÉ QUÉBEC GASPÉSIE,HÔPITAL ET GROUPE DE MÉDECINE DE FAMILLE UNIVERSITAIRE DE MARIA,51227908,5112,1074,282,8.3388025452,4631,2.1107869071,3731,543,138,3.9307991602,3254,2.3702939971,1381,442,132,20.247753037,1377,1.497543573,531,144
766,2026-2027,4,12,Chaudière-Appalaches,SANTÉ QUÉBEC CHAUDIÈRE-APPALACHES,CHSLD ET HÔPITAL PAUL-GILBERT,51245199,13374,1371,208,2.8839143529,10234,2.0795255738,13310,1368,208,2.8843554554,10170,2.0905371463,64,0,0,2.7921788194,64,0.3297178819,3,0
767,2026-2027,4,12,Chaudière-Appalaches,SANTÉ QUÉBEC CHAUDIÈRE-APPALACHES,HÔPITAL DE MONTMAGNY,51245223,10739,2073,322,6.0227016534,9904,1.7187005811,8338,1170,172,3.0890584273,7506,2.0248925304,2401,525,180,16.210422278,2398,0.7602865814,903,150
768,2026-2027,4,12,Chaudière-Appalaches,SANTÉ QUÉBEC CHAUDIÈRE-APPALACHES,HÔPITAL DE SAINT-GEORGES,51228971,14063,2908,696,8.2896875765,11222,2.9757398661,9621,1263,302,4.9171395905,6803,3.915703652,4442,972,147,15.594344077,4419,1.5286763597,1645,394
769,2026-2027,4,12,Chaudière-Appalaches,SANTÉ QUÉBEC CHAUDIÈRE-APPALACHES,HÔPITAL DE THETFORD,51245231,13416,2478,460,6.7950310367,12049,2.3614507428,10554,1372,241,4.8779264839,9192,2.6960591033,2862,483,31,13.864605268,2857,1.2848948975,1106,219
770,2026-2027,4,12,Chaudière-Appalaches,SANTÉ QUÉBEC CHAUDIÈRE-APPALACHES,HÔTEL-DIEU DE LÉVIS,51227569,25217,5597,1787,8.7226807202,22665,1.5769865676,16769,2164,795,3.666904556,14224,2.0183741095,8448,2118,719,18.758228838,8441,0.8332007134,3433,992
771,2026-2027,4,13,Laval,SANTÉ QUÉBEC LAVAL,HÔPITAL DE LA CITÉ-DE-LA-SANTÉ,51228757,28958,6197,1984,11.513263069,22290,3.88072788,17338,1934,378,6.0792010164,10749,4.8376805594,11620,3619,489,19.621332592,11541,2.9894459848,4263,1606
772,2026-2027,4,14,Lanaudière,SANTÉ QUÉBEC LANAUDIÈRE,HÔPITAL DE LANAUDIÈRE ET CENTRE D'HÉBERGEMENT PARPHILIA-FERLAND,51244945,24671,4821,1659,9.1229227973,18978,2.756160247,15889,1562,1019,5.36170803,10252,3.766109079,8782,2116,174,15.927971925,8726,1.5695918965,3259,640
773,2026-2027,4,14,Lanaudière,SANTÉ QUÉBEC LANAUDIÈRE,HÔPITAL PIERRE-LE GARDEUR,51228062,27518,5713,1523,10.397545193,18407,4.1363058891,19416,2282,576,5.9593062995,10324,4.8265373294,8102,3094,376,21.033542027,8083,3.2547087852,3431,947
774,2026-2027,4,15,Laurentides,SANTÉ QUÉBEC LAURENTIDES,CENTRE MULTISERVICES DE SANTÉ ET DE SERVICES SOCIAUX D'ARGENTEUIL,51245306,6698,1097,250,7.92310922,4861,3.5498139957,5166,582,146,5.0984534026,3343,4.2850901552,1532,400,75,17.448025638,1518,1.9305595813,515,104
775,2026-2027,4,15,Laurentides,SANTÉ QUÉBEC LAURENTIDES,CENTRE MULTISERVICES DE SANTÉ ET DE SERVICES SOCIAUX DE RIVIÈRE-ROUGE,51217628,4504,641,276,6.3643844361,3829,3.235011825,3356,370,124,4.4466325652,2719,3.4617424707,1148,150,21,11.970634679,1110,2.6796238739,271,152
776,2026-2027,4,15,Laurentides,SANTÉ QUÉBEC LAURENTIDES,CENTRE MULTISERVICES DE SANTÉ ET DE SERVICES SOCIAUX DE SAINTE-AGATHE,51246874,10977,2290,586,10.346113566,8355,4.0628480285,7022,894,163,6.0798692997,4449,5.2484326066,3955,1030,97,17.920719694,3906,2.7124471611,1396,423
777,2026-2027,4,15,Laurentides,SANTÉ QUÉBEC LAURENTIDES,HÔPITAL DE MONT-LAURIER,51217610,5789,1042,307,9.923021823,4708,3.4675891509,4110,500,128,6.3756538929,3050,3.7834227687,1679,473,99,18.606572861,1658,2.8865924474,542,179
778,2026-2027,4,15,Laurentides,SANTÉ QUÉBEC LAURENTIDES,HÔPITAL DE SAINT-EUSTACHE,51228864,18578,4138,1152,12.378253146,13554,3.6360598552,11104,1221,278,6.4355862752,6122,5.0955554648,7474,2684,610,21.207176471,7432,2.4338219486,2917,874
779,2026-2027,4,15,Laurentides,SANTÉ QUÉBEC LAURENTIDES,HÔPITAL DE SAINT-JÉRÔME,51228880,21552,4249,1883,13.452090667,15371,3.9121352258,13308,1564,581,6.0612556983,7192,5.0740417594,8244,3011,1287,25.382856286,8179,2.8904416459,2685,1302
780,2026-2027,4,16,Montérégie,SANTÉ QUÉBEC MONTÉRÉGIE-CENTRE,HÔPITAL CHARLES-LE MOYNE,51233799,24578,4993,2046,10.646704404,14896,5.0775612021,15973,1842,688,6.42057945,6301,6.2172280855,8605,2250,266,18.491433501,8595,4.2420706806,3151,1358
781,2026-2027,4,16,Montérégie,SANTÉ QUÉBEC MONTÉRÉGIE-CENTRE,HÔPITAL DU HAUT-RICHELIEU,51229045,19568,3768,1265,10.044989254,13975,3.909919519,12100,1136,298,5.7149249311,6546,5.296786078,7468,1799,438,17.060760318,7429,2.6878938768,2632,967
782,2026-2027,4,16,Montérégie,SANTÉ QUÉBEC MONTÉRÉGIE-EST,HÔPITAL HONORÉ-MERCIER,51229193,17065,3623,943,9.2167371488,12127,4.704483911,9643,1355,399,5.3551071877,4857,5.7239233752,7422,1441,198,14.233942446,7270,4.0234086046,2268,544
783,2026-2027,4,16,Montérégie,SANTÉ QUÉBEC MONTÉRÉGIE-EST,HÔPITAL PIERRE-BOUCHER,51229011,19664,4661,1081,12.547673696,14317,5.4550209347,9682,1437,306,6.6121839783,4427,6.5256716989,9982,2708,628,18.304777628,9890,4.9757721043,3224,775
784,2026-2027,4,16,Montérégie,SANTÉ QUÉBEC MONTÉRÉGIE-EST,HÔTEL-DIEU DE SOREL,51229102,10201,2029,553,10.050337658,7640,4.1955948226,6398,781,146,5.5045166024,3896,5.1462126397,3803,1047,166,17.698027142,3744,3.206383547,1248,407
785,2026-2027,4,16,Montérégie,SANTÉ QUÉBEC MONTÉRÉGIE-OUEST,HÔPITAL ANNA-LABERGE,51229151,13378,2693,952,13.793240083,9676,4.3720760989,8412,776,244,7.0148857783,4764,5.8052974275,4966,1978,694,25.275220835,4912,2.9820381492,1917,708
786,2026-2027,4,16,Montérégie,SANTÉ QUÉBEC MONTÉRÉGIE-OUEST,HÔPITAL BARRIE MEMORIAL / BARRIE MEMORIAL HOSPITAL,51228005,6770,825,111,6.124855572,5669,2.9180085161,5611,472,74,4.2523106893,4517,3.0403970802,1159,235,32,15.190299348,1152,2.4381221065,353,37
787,2026-2027,4,16,Montérégie,SANTÉ QUÉBEC MONTÉRÉGIE-OUEST,HÔPITAL DU SUROÎT,51229136,14608,2837,1223,11.85133266,11984,2.0049242277,9909,1025,588,4.096302015,7299,2.5074140674,4699,1494,831,28.204726715,4685,1.2220697261,1812,635
